# kaynak veri/kopru/capraz_kontrol.npz; CSV 1/10 seyreltildi, PNG tam cozunurlukten cizildi; voltaj maks fark 0 mV
# dogrulama_capraz.png kaynak verisi
t_ms,v_hoc,v_py,fark_mV
0,-70,-70,0
0.25,-70.5606,-70.5606,0
0.5,-70.6806,-70.6806,0
0.75,-70.7303,-70.7303,0
1,-70.7479,-70.7479,0
1.25,-70.748,-70.748,0
1.5,-70.7376,-70.7376,0
1.75,-70.7207,-70.7207,0
2,-70.6997,-70.6997,0
2.25,-70.676,-70.676,0
2.5,-70.6505,-70.6505,0
2.75,-70.6238,-70.6238,0
3,-70.5964,-70.5964,0
3.25,-70.5685,-70.5685,0
3.5,-70.5404,-70.5404,0
3.75,-70.5123,-70.5123,0
4,-70.4842,-70.4842,0
4.25,-70.4562,-70.4562,0
4.5,-70.4284,-70.4284,0
4.75,-70.4008,-70.4008,0
5,-70.3734,-70.3734,0
5.25,-70.3463,-70.3463,0
5.5,-70.3195,-70.3195,0
5.75,-70.293,-70.293,0
6,-70.2667,-70.2667,0
6.25,-70.2408,-70.2408,0
6.5,-70.2151,-70.2151,0
6.75,-70.1897,-70.1897,0
7,-70.1646,-70.1646,0
7.25,-70.1398,-70.1398,0
7.5,-70.1153,-70.1153,0
7.75,-70.091,-70.091,0
8,-70.0669,-70.0669,0
8.25,-70.0431,-70.0431,0
8.5,-70.0196,-70.0196,0
8.75,-69.9963,-69.9963,0
9,-69.9732,-69.9732,0
9.25,-69.9504,-69.9504,0
9.5,-69.9277,-69.9277,0
9.75,-69.9053,-69.9053,0
10,-69.883,-69.883,0
10.25,-69.861,-69.861,0
10.5,-69.8391,-69.8391,0
10.75,-69.8174,-69.8174,0
11,-69.7959,-69.7959,0
11.25,-69.7746,-69.7746,0
11.5,-69.7534,-69.7534,0
11.75,-69.7324,-69.7324,0
12,-69.7116,-69.7116,0
12.25,-69.6909,-69.6909,0
12.5,-69.6703,-69.6703,0
12.75,-69.6499,-69.6499,0
13,-69.6296,-69.6296,0
13.25,-69.6094,-69.6094,0
13.5,-69.5894,-69.5894,0
13.75,-69.5695,-69.5695,0
14,-69.5497,-69.5497,0
14.25,-69.5301,-69.5301,0
14.5,-69.5105,-69.5105,0
14.75,-69.4911,-69.4911,0
15,-69.4717,-69.4717,0
15.25,-69.4525,-69.4525,0
15.5,-69.4334,-69.4334,0
15.75,-69.4144,-69.4144,0
16,-69.3954,-69.3954,0
16.25,-69.3766,-69.3766,0
16.5,-69.3579,-69.3579,0
16.75,-69.3392,-69.3392,0
17,-69.3207,-69.3207,0
17.25,-69.3022,-69.3022,0
17.5,-69.2839,-69.2839,0
17.75,-69.2656,-69.2656,0
18,-69.2473,-69.2473,0
18.25,-69.2292,-69.2292,0
18.5,-69.2112,-69.2112,0
18.75,-69.1932,-69.1932,0
19,-69.1753,-69.1753,0
19.25,-69.1575,-69.1575,0
19.5,-69.1397,-69.1397,0
19.75,-69.1221,-69.1221,0
20,-69.1045,-69.1045,0
20.25,-69.0869,-69.0869,0
20.5,-69.0695,-69.0695,0
20.75,-69.0521,-69.0521,0
21,-69.0348,-69.0348,0
21.25,-69.0175,-69.0175,0
21.5,-69.0003,-69.0003,0
21.75,-68.9832,-68.9832,0
22,-68.9661,-68.9661,0
22.25,-68.9491,-68.9491,0
22.5,-68.9322,-68.9322,0
22.75,-68.9153,-68.9153,0
23,-68.8985,-68.8985,0
23.25,-68.8818,-68.8818,0
23.5,-68.8651,-68.8651,0
23.75,-68.8485,-68.8485,0
24,-68.8319,-68.8319,0
24.25,-68.8154,-68.8154,0
24.5,-68.799,-68.799,0
24.75,-68.7826,-68.7826,0
25,-68.7663,-68.7663,0
25.25,-68.75,-68.75,0
25.5,-68.7338,-68.7338,0
25.75,-68.7176,-68.7176,0
26,-68.7015,-68.7015,0
26.25,-68.6855,-68.6855,0
26.5,-68.6695,-68.6695,0
26.75,-68.6536,-68.6536,0
27,-68.6377,-68.6377,0
27.25,-68.6219,-68.6219,0
27.5,-68.6061,-68.6061,0
27.75,-68.5904,-68.5904,0
28,-68.5748,-68.5748,0
28.25,-68.5592,-68.5592,0
28.5,-68.5437,-68.5437,0
28.75,-68.5282,-68.5282,0
29,-68.5128,-68.5128,0
29.25,-68.4974,-68.4974,0
29.5,-68.4821,-68.4821,0
29.75,-68.4668,-68.4668,0
30,-68.4516,-68.4516,0
30.25,-68.4364,-68.4364,0
30.5,-68.4213,-68.4213,0
30.75,-68.4062,-68.4062,0
31,-68.3912,-68.3912,0
31.25,-68.3763,-68.3763,0
31.5,-68.3614,-68.3614,0
31.75,-68.3465,-68.3465,0
32,-68.3318,-68.3318,0
32.25,-68.317,-68.317,0
32.5,-68.3023,-68.3023,0
32.75,-68.2877,-68.2877,0
33,-68.2731,-68.2731,0
33.25,-68.2586,-68.2586,0
33.5,-68.2441,-68.2441,0
33.75,-68.2297,-68.2297,0
34,-68.2153,-68.2153,0
34.25,-68.201,-68.201,0
34.5,-68.1867,-68.1867,0
34.75,-68.1725,-68.1725,0
35,-68.1583,-68.1583,0
35.25,-68.1442,-68.1442,0
35.5,-68.1302,-68.1302,0
35.75,-68.1161,-68.1161,0
36,-68.1022,-68.1022,0
36.25,-68.0883,-68.0883,0
36.5,-68.0744,-68.0744,0
36.75,-68.0606,-68.0606,0
37,-68.0468,-68.0468,0
37.25,-68.0331,-68.0331,0
37.5,-68.0195,-68.0195,0
37.75,-68.0059,-68.0059,0
38,-67.9923,-67.9923,0
38.25,-67.9788,-67.9788,0
38.5,-67.9654,-67.9654,0
38.75,-67.952,-67.952,0
39,-67.9386,-67.9386,0
39.25,-67.9253,-67.9253,0
39.5,-67.9121,-67.9121,0
39.75,-67.8989,-67.8989,0
40,-67.8857,-67.8857,0
40.25,-67.8726,-67.8726,0
40.5,-67.8596,-67.8596,0
40.75,-67.8466,-67.8466,0
41,-67.8336,-67.8336,0
41.25,-67.8207,-67.8207,0
41.5,-67.8079,-67.8079,0
41.75,-67.7951,-67.7951,0
42,-67.7823,-67.7823,0
42.25,-67.7696,-67.7696,0
42.5,-67.757,-67.757,0
42.75,-67.7444,-67.7444,0
43,-67.7318,-67.7318,0
43.25,-67.7193,-67.7193,0
43.5,-67.7068,-67.7068,0
43.75,-67.6944,-67.6944,0
44,-67.6821,-67.6821,0
44.25,-67.6698,-67.6698,0
44.5,-67.6575,-67.6575,0
44.75,-67.6453,-67.6453,0
45,-67.6331,-67.6331,0
45.25,-67.621,-67.621,0
45.5,-67.6089,-67.6089,0
45.75,-67.5969,-67.5969,0
46,-67.585,-67.585,0
46.25,-67.573,-67.573,0
46.5,-67.5612,-67.5612,0
46.75,-67.5493,-67.5493,0
47,-67.5376,-67.5376,0
47.25,-67.5258,-67.5258,0
47.5,-67.5142,-67.5142,0
47.75,-67.5025,-67.5025,0
48,-67.4909,-67.4909,0
48.25,-67.4794,-67.4794,0
48.5,-67.4679,-67.4679,0
48.75,-67.4565,-67.4565,0
49,-67.4451,-67.4451,0
49.25,-67.4337,-67.4337,0
49.5,-67.4224,-67.4224,0
49.75,-67.4111,-67.4111,0
50,-67.3999,-67.3999,0
50.25,-67.3888,-67.3888,0
50.5,-67.3776,-67.3776,0
50.75,-67.3666,-67.3666,0
51,-67.3555,-67.3555,0
51.25,-67.3446,-67.3446,0
51.5,-67.3336,-67.3336,0
51.75,-67.3227,-67.3227,0
52,-67.3119,-67.3119,0
52.25,-67.3011,-67.3011,0
52.5,-67.2904,-67.2904,0
52.75,-67.2796,-67.2796,0
53,-67.269,-67.269,0
53.25,-67.2584,-67.2584,0
53.5,-67.2478,-67.2478,0
53.75,-67.2373,-67.2373,0
54,-67.2268,-67.2268,0
54.25,-67.2163,-67.2163,0
54.5,-67.2059,-67.2059,0
54.75,-67.1956,-67.1956,0
55,-67.1853,-67.1853,0
55.25,-67.175,-67.175,0
55.5,-67.1648,-67.1648,0
55.75,-67.1546,-67.1546,0
56,-67.1445,-67.1445,0
56.25,-67.1344,-67.1344,0
56.5,-67.1244,-67.1244,0
56.75,-67.1144,-67.1144,0
57,-67.1044,-67.1044,0
57.25,-67.0945,-67.0945,0
57.5,-67.0846,-67.0846,0
57.75,-67.0748,-67.0748,0
58,-67.065,-67.065,0
58.25,-67.0553,-67.0553,0
58.5,-67.0456,-67.0456,0
58.75,-67.0359,-67.0359,0
59,-67.0263,-67.0263,0
59.25,-67.0167,-67.0167,0
59.5,-67.0072,-67.0072,0
59.75,-66.9977,-66.9977,0
60,-66.9882,-66.9882,0
60.25,-66.9788,-66.9788,0
60.5,-66.9694,-66.9694,0
60.75,-66.9601,-66.9601,0
61,-66.9508,-66.9508,0
61.25,-66.9416,-66.9416,0
61.5,-66.9323,-66.9323,0
61.75,-66.9232,-66.9232,0
62,-66.914,-66.914,0
62.25,-66.905,-66.905,0
62.5,-66.8959,-66.8959,0
62.75,-66.8869,-66.8869,0
63,-66.8779,-66.8779,0
63.25,-66.869,-66.869,0
63.5,-66.8601,-66.8601,0
63.75,-66.8512,-66.8512,0
64,-66.8424,-66.8424,0
64.25,-66.8337,-66.8337,0
64.5,-66.8249,-66.8249,0
64.75,-66.8162,-66.8162,0
65,-66.8076,-66.8076,0
65.25,-66.7989,-66.7989,0
65.5,-66.7903,-66.7903,0
65.75,-66.7818,-66.7818,0
66,-66.7733,-66.7733,0
66.25,-66.7648,-66.7648,0
66.5,-66.7564,-66.7564,0
66.75,-66.748,-66.748,0
67,-66.7396,-66.7396,0
67.25,-66.7313,-66.7313,0
67.5,-66.723,-66.723,0
67.75,-66.7148,-66.7148,0
68,-66.7065,-66.7065,0
68.25,-66.6984,-66.6984,0
68.5,-66.6902,-66.6902,0
68.75,-66.6821,-66.6821,0
69,-66.674,-66.674,0
69.25,-66.666,-66.666,0
69.5,-66.658,-66.658,0
69.75,-66.65,-66.65,0
70,-66.6421,-66.6421,0
70.25,-66.6342,-66.6342,0
70.5,-66.6264,-66.6264,0
70.75,-66.6185,-66.6185,0
71,-66.6107,-66.6107,0
71.25,-66.603,-66.603,0
71.5,-66.5953,-66.5953,0
71.75,-66.5876,-66.5876,0
72,-66.5799,-66.5799,0
72.25,-66.5723,-66.5723,0
72.5,-66.5647,-66.5647,0
72.75,-66.5572,-66.5572,0
73,-66.5496,-66.5496,0
73.25,-66.5422,-66.5422,0
73.5,-66.5347,-66.5347,0
73.75,-66.5273,-66.5273,0
74,-66.5199,-66.5199,0
74.25,-66.5125,-66.5125,0
74.5,-66.5052,-66.5052,0
74.75,-66.4979,-66.4979,0
75,-66.4907,-66.4907,0
75.25,-66.4834,-66.4834,0
75.5,-66.4762,-66.4762,0
75.75,-66.4691,-66.4691,0
76,-66.4619,-66.4619,0
76.25,-66.4548,-66.4548,0
76.5,-66.4477,-66.4477,0
76.75,-66.4407,-66.4407,0
77,-66.4337,-66.4337,0
77.25,-66.4267,-66.4267,0
77.5,-66.4198,-66.4198,0
77.75,-66.4128,-66.4128,0
78,-66.406,-66.406,0
78.25,-66.3991,-66.3991,0
78.5,-66.3923,-66.3923,0
78.75,-66.3855,-66.3855,0
79,-66.3787,-66.3787,0
79.25,-66.372,-66.372,0
79.5,-66.3653,-66.3653,0
79.75,-66.3586,-66.3586,0
80,-66.3519,-66.3519,0
80.25,-66.3453,-66.3453,0
80.5,-66.3387,-66.3387,0
80.75,-66.3321,-66.3321,0
81,-66.3256,-66.3256,0
81.25,-66.3191,-66.3191,0
81.5,-66.3126,-66.3126,0
81.75,-66.3061,-66.3061,0
82,-66.2997,-66.2997,0
82.25,-66.2933,-66.2933,0
82.5,-66.2869,-66.2869,0
82.75,-66.2806,-66.2806,0
83,-66.2743,-66.2743,0
83.25,-66.268,-66.268,0
83.5,-66.2617,-66.2617,0
83.75,-66.2555,-66.2555,0
84,-66.2493,-66.2493,0
84.25,-66.2431,-66.2431,0
84.5,-66.2369,-66.2369,0
84.75,-66.2308,-66.2308,0
85,-66.2247,-66.2247,0
85.25,-66.2186,-66.2186,0
85.5,-66.2126,-66.2126,0
85.75,-66.2065,-66.2065,0
86,-66.2005,-66.2005,0
86.25,-66.1946,-66.1946,0
86.5,-66.1886,-66.1886,0
86.75,-66.1827,-66.1827,0
87,-66.1768,-66.1768,0
87.25,-66.1709,-66.1709,0
87.5,-66.1651,-66.1651,0
87.75,-66.1592,-66.1592,0
88,-66.1534,-66.1534,0
88.25,-66.1476,-66.1476,0
88.5,-66.1419,-66.1419,0
88.75,-66.1362,-66.1362,0
89,-66.1305,-66.1305,0
89.25,-66.1248,-66.1248,0
89.5,-66.1191,-66.1191,0
89.75,-66.1135,-66.1135,0
90,-66.1079,-66.1079,0
90.25,-66.1023,-66.1023,0
90.5,-66.0967,-66.0967,0
90.75,-66.0912,-66.0912,0
91,-66.0856,-66.0856,0
91.25,-66.0801,-66.0801,0
91.5,-66.0747,-66.0747,0
91.75,-66.0692,-66.0692,0
92,-66.0638,-66.0638,0
92.25,-66.0584,-66.0584,0
92.5,-66.053,-66.053,0
92.75,-66.0476,-66.0476,0
93,-66.0423,-66.0423,0
93.25,-66.037,-66.037,0
93.5,-66.0317,-66.0317,0
93.75,-66.0264,-66.0264,0
94,-66.0211,-66.0211,0
94.25,-66.0159,-66.0159,0
94.5,-66.0107,-66.0107,0
94.75,-66.0055,-66.0055,0
95,-66.0003,-66.0003,0
95.25,-65.9952,-65.9952,0
95.5,-65.99,-65.99,0
95.75,-65.9849,-65.9849,0
96,-65.9798,-65.9798,0
96.25,-65.9748,-65.9748,0
96.5,-65.9697,-65.9697,0
96.75,-65.9647,-65.9647,0
97,-65.9597,-65.9597,0
97.25,-65.9547,-65.9547,0
97.5,-65.9497,-65.9497,0
97.75,-65.9448,-65.9448,0
98,-65.9398,-65.9398,0
98.25,-65.9349,-65.9349,0
98.5,-65.93,-65.93,0
98.75,-65.9252,-65.9252,0
99,-65.9203,-65.9203,0
99.25,-65.9155,-65.9155,0
99.5,-65.9107,-65.9107,0
99.75,-65.9059,-65.9059,0
100,-65.9011,-65.9011,0
100.25,-65.8963,-65.8963,0
100.5,-65.8916,-65.8916,0
100.75,-65.8869,-65.8869,0
101,-65.8822,-65.8822,0
101.25,-65.8775,-65.8775,0
101.5,-65.8728,-65.8728,0
101.75,-65.8681,-65.8681,0
102,-65.8635,-65.8635,0
102.25,-65.8589,-65.8589,0
102.5,-65.8543,-65.8543,0
102.75,-65.8497,-65.8497,0
103,-65.8451,-65.8451,0
103.25,-65.8406,-65.8406,0
103.5,-65.8361,-65.8361,0
103.75,-65.8316,-65.8316,0
104,-65.8271,-65.8271,0
104.25,-65.8226,-65.8226,0
104.5,-65.8181,-65.8181,0
104.75,-65.8137,-65.8137,0
105,-65.8092,-65.8092,0
105.25,-65.8048,-65.8048,0
105.5,-65.8004,-65.8004,0
105.75,-65.796,-65.796,0
106,-65.7917,-65.7917,0
106.25,-65.7873,-65.7873,0
106.5,-65.783,-65.783,0
106.75,-65.7787,-65.7787,0
107,-65.7744,-65.7744,0
107.25,-65.7701,-65.7701,0
107.5,-65.7658,-65.7658,0
107.75,-65.7616,-65.7616,0
108,-65.7573,-65.7573,0
108.25,-65.7531,-65.7531,0
108.5,-65.7489,-65.7489,0
108.75,-65.7447,-65.7447,0
109,-65.7405,-65.7405,0
109.25,-65.7364,-65.7364,0
109.5,-65.7322,-65.7322,0
109.75,-65.7281,-65.7281,0
110,-65.724,-65.724,0
110.25,-65.7198,-65.7198,0
110.5,-65.7158,-65.7158,0
110.75,-65.7117,-65.7117,0
111,-65.7076,-65.7076,0
111.25,-65.7036,-65.7036,0
111.5,-65.6995,-65.6995,0
111.75,-65.6955,-65.6955,0
112,-65.6915,-65.6915,0
112.25,-65.6875,-65.6875,0
112.5,-65.6835,-65.6835,0
112.75,-65.6796,-65.6796,0
113,-65.6756,-65.6756,0
113.25,-65.6717,-65.6717,0
113.5,-65.6678,-65.6678,0
113.75,-65.6638,-65.6638,0
114,-65.6599,-65.6599,0
114.25,-65.6561,-65.6561,0
114.5,-65.6522,-65.6522,0
114.75,-65.6483,-65.6483,0
115,-65.6445,-65.6445,0
115.25,-65.6406,-65.6406,0
115.5,-65.6368,-65.6368,0
115.75,-65.633,-65.633,0
116,-65.6292,-65.6292,0
116.25,-65.6254,-65.6254,0
116.5,-65.6217,-65.6217,0
116.75,-65.6179,-65.6179,0
117,-65.6142,-65.6142,0
117.25,-65.6104,-65.6104,0
117.5,-65.6067,-65.6067,0
117.75,-65.603,-65.603,0
118,-65.5993,-65.5993,0
118.25,-65.5956,-65.5956,0
118.5,-65.5919,-65.5919,0
118.75,-65.5883,-65.5883,0
119,-65.5846,-65.5846,0
119.25,-65.581,-65.581,0
119.5,-65.5774,-65.5774,0
119.75,-65.5738,-65.5738,0
120,-65.5702,-65.5702,0
120.25,-65.5666,-65.5666,0
120.5,-65.563,-65.563,0
120.75,-65.5594,-65.5594,0
121,-65.5559,-65.5559,0
121.25,-65.5523,-65.5523,0
121.5,-65.5488,-65.5488,0
121.75,-65.5452,-65.5452,0
122,-65.5417,-65.5417,0
122.25,-65.5382,-65.5382,0
122.5,-65.5347,-65.5347,0
122.75,-65.5312,-65.5312,0
123,-65.5278,-65.5278,0
123.25,-65.5243,-65.5243,0
123.5,-65.5209,-65.5209,0
123.75,-65.5174,-65.5174,0
124,-65.514,-65.514,0
124.25,-65.5106,-65.5106,0
124.5,-65.5072,-65.5072,0
124.75,-65.5038,-65.5038,0
125,-65.5004,-65.5004,0
125.25,-65.497,-65.497,0
125.5,-65.4936,-65.4936,0
125.75,-65.4903,-65.4903,0
126,-65.4869,-65.4869,0
126.25,-65.4836,-65.4836,0
126.5,-65.4803,-65.4803,0
126.75,-65.4769,-65.4769,0
127,-65.4736,-65.4736,0
127.25,-65.4703,-65.4703,0
127.5,-65.467,-65.467,0
127.75,-65.4637,-65.4637,0
128,-65.4605,-65.4605,0
128.25,-65.4572,-65.4572,0
128.5,-65.454,-65.454,0
128.75,-65.4507,-65.4507,0
129,-65.4475,-65.4475,0
129.25,-65.4443,-65.4443,0
129.5,-65.441,-65.441,0
129.75,-65.4378,-65.4378,0
130,-65.4346,-65.4346,0
130.25,-65.4314,-65.4314,0
130.5,-65.4283,-65.4283,0
130.75,-65.4251,-65.4251,0
131,-65.4219,-65.4219,0
131.25,-65.4188,-65.4188,0
131.5,-65.4156,-65.4156,0
131.75,-65.4125,-65.4125,0
132,-65.4093,-65.4093,0
132.25,-65.4062,-65.4062,0
132.5,-65.4031,-65.4031,0
132.75,-65.4,-65.4,0
133,-65.3969,-65.3969,0
133.25,-65.3938,-65.3938,0
133.5,-65.3907,-65.3907,0
133.75,-65.3877,-65.3877,0
134,-65.3846,-65.3846,0
134.25,-65.3816,-65.3816,0
134.5,-65.3785,-65.3785,0
134.75,-65.3755,-65.3755,0
135,-65.3724,-65.3724,0
135.25,-65.3694,-65.3694,0
135.5,-65.3664,-65.3664,0
135.75,-65.3634,-65.3634,0
136,-65.3604,-65.3604,0
136.25,-65.3574,-65.3574,0
136.5,-65.3544,-65.3544,0
136.75,-65.3514,-65.3514,0
137,-65.3485,-65.3485,0
137.25,-65.3455,-65.3455,0
137.5,-65.3425,-65.3425,0
137.75,-65.3396,-65.3396,0
138,-65.3367,-65.3367,0
138.25,-65.3337,-65.3337,0
138.5,-65.3308,-65.3308,0
138.75,-65.3279,-65.3279,0
139,-65.325,-65.325,0
139.25,-65.3221,-65.3221,0
139.5,-65.3192,-65.3192,0
139.75,-65.3163,-65.3163,0
140,-65.3134,-65.3134,0
140.25,-65.3105,-65.3105,0
140.5,-65.3076,-65.3076,0
140.75,-65.3048,-65.3048,0
141,-65.3019,-65.3019,0
141.25,-65.2991,-65.2991,0
141.5,-65.2962,-65.2962,0
141.75,-65.2934,-65.2934,0
142,-65.2906,-65.2906,0
142.25,-65.2877,-65.2877,0
142.5,-65.2849,-65.2849,0
142.75,-65.2821,-65.2821,0
143,-65.2793,-65.2793,0
143.25,-65.2765,-65.2765,0
143.5,-65.2737,-65.2737,0
143.75,-65.2709,-65.2709,0
144,-65.2682,-65.2682,0
144.25,-65.2654,-65.2654,0
144.5,-65.2626,-65.2626,0
144.75,-65.2599,-65.2599,0
145,-65.2571,-65.2571,0
145.25,-65.2544,-65.2544,0
145.5,-65.2516,-65.2516,0
145.75,-65.2489,-65.2489,0
146,-65.2462,-65.2462,0
146.25,-65.2434,-65.2434,0
146.5,-65.2407,-65.2407,0
146.75,-65.238,-65.238,0
147,-65.2353,-65.2353,0
147.25,-65.2326,-65.2326,0
147.5,-65.2299,-65.2299,0
147.75,-65.2272,-65.2272,0
148,-65.2246,-65.2246,0
148.25,-65.2219,-65.2219,0
148.5,-65.2192,-65.2192,0
148.75,-65.2165,-65.2165,0
149,-65.2139,-65.2139,0
149.25,-65.2112,-65.2112,0
149.5,-65.2086,-65.2086,0
149.75,-65.2059,-65.2059,0
150,-65.2033,-65.2033,0
150.25,-65.2007,-65.2007,0
150.5,-65.1981,-65.1981,0
150.75,-65.1954,-65.1954,0
151,-65.1928,-65.1928,0
151.25,-65.1902,-65.1902,0
151.5,-65.1876,-65.1876,0
151.75,-65.185,-65.185,0
152,-65.1824,-65.1824,0
152.25,-65.1798,-65.1798,0
152.5,-65.1772,-65.1772,0
152.75,-65.1747,-65.1747,0
153,-65.1721,-65.1721,0
153.25,-65.1695,-65.1695,0
153.5,-65.167,-65.167,0
153.75,-65.1644,-65.1644,0
154,-65.1618,-65.1618,0
154.25,-65.1593,-65.1593,0
154.5,-65.1568,-65.1568,0
154.75,-65.1542,-65.1542,0
155,-65.1517,-65.1517,0
155.25,-65.1492,-65.1492,0
155.5,-65.1466,-65.1466,0
155.75,-65.1441,-65.1441,0
156,-65.1416,-65.1416,0
156.25,-65.1391,-65.1391,0
156.5,-65.1366,-65.1366,0
156.75,-65.1341,-65.1341,0
157,-65.1316,-65.1316,0
157.25,-65.1291,-65.1291,0
157.5,-65.1266,-65.1266,0
157.75,-65.1241,-65.1241,0
158,-65.1216,-65.1216,0
158.25,-65.1192,-65.1192,0
158.5,-65.1167,-65.1167,0
158.75,-65.1142,-65.1142,0
159,-65.1118,-65.1118,0
159.25,-65.1093,-65.1093,0
159.5,-65.1069,-65.1069,0
159.75,-65.1044,-65.1044,0
160,-65.102,-65.102,0
160.25,-65.0996,-65.0996,0
160.5,-65.0971,-65.0971,0
160.75,-65.0947,-65.0947,0
161,-65.0923,-65.0923,0
161.25,-65.0898,-65.0898,0
161.5,-65.0874,-65.0874,0
161.75,-65.085,-65.085,0
162,-65.0826,-65.0826,0
162.25,-65.0802,-65.0802,0
162.5,-65.0778,-65.0778,0
162.75,-65.0754,-65.0754,0
163,-65.073,-65.073,0
163.25,-65.0706,-65.0706,0
163.5,-65.0682,-65.0682,0
163.75,-65.0659,-65.0659,0
164,-65.0635,-65.0635,0
164.25,-65.0611,-65.0611,0
164.5,-65.0587,-65.0587,0
164.75,-65.0564,-65.0564,0
165,-65.054,-65.054,0
165.25,-65.0517,-65.0517,0
165.5,-65.0493,-65.0493,0
165.75,-65.047,-65.047,0
166,-65.0446,-65.0446,0
166.25,-65.0423,-65.0423,0
166.5,-65.0399,-65.0399,0
166.75,-65.0376,-65.0376,0
167,-65.0353,-65.0353,0
167.25,-65.0329,-65.0329,0
167.5,-65.0306,-65.0306,0
167.75,-65.0283,-65.0283,0
168,-65.026,-65.026,0
168.25,-65.0237,-65.0237,0
168.5,-65.0214,-65.0214,0
168.75,-65.019,-65.019,0
169,-65.0167,-65.0167,0
169.25,-65.0144,-65.0144,0
169.5,-65.0121,-65.0121,0
169.75,-65.0099,-65.0099,0
170,-65.0076,-65.0076,0
170.25,-65.0053,-65.0053,0
170.5,-65.003,-65.003,0
170.75,-65.0007,-65.0007,0
171,-64.9984,-64.9984,0
171.25,-64.9962,-64.9962,0
171.5,-64.9939,-64.9939,0
171.75,-64.9916,-64.9916,0
172,-64.9894,-64.9894,0
172.25,-64.9871,-64.9871,0
172.5,-64.9849,-64.9849,0
172.75,-64.9826,-64.9826,0
173,-64.9804,-64.9804,0
173.25,-64.9781,-64.9781,0
173.5,-64.9759,-64.9759,0
173.75,-64.9736,-64.9736,0
174,-64.9714,-64.9714,0
174.25,-64.9692,-64.9692,0
174.5,-64.9669,-64.9669,0
174.75,-64.9647,-64.9647,0
175,-64.9625,-64.9625,0
175.25,-64.9603,-64.9603,0
175.5,-64.958,-64.958,0
175.75,-64.9558,-64.9558,0
176,-64.9536,-64.9536,0
176.25,-64.9514,-64.9514,0
176.5,-64.9492,-64.9492,0
176.75,-64.947,-64.947,0
177,-64.9448,-64.9448,0
177.25,-64.9426,-64.9426,0
177.5,-64.9404,-64.9404,0
177.75,-64.9382,-64.9382,0
178,-64.936,-64.936,0
178.25,-64.9338,-64.9338,0
178.5,-64.9317,-64.9317,0
178.75,-64.9295,-64.9295,0
179,-64.9273,-64.9273,0
179.25,-64.9251,-64.9251,0
179.5,-64.9229,-64.9229,0
179.75,-64.9208,-64.9208,0
180,-64.9186,-64.9186,0
180.25,-64.9164,-64.9164,0
180.5,-64.9143,-64.9143,0
180.75,-64.9121,-64.9121,0
181,-64.91,-64.91,0
181.25,-64.9078,-64.9078,0
181.5,-64.9057,-64.9057,0
181.75,-64.9035,-64.9035,0
182,-64.9014,-64.9014,0
182.25,-64.8992,-64.8992,0
182.5,-64.8971,-64.8971,0
182.75,-64.895,-64.895,0
183,-64.8928,-64.8928,0
183.25,-64.8907,-64.8907,0
183.5,-64.8886,-64.8886,0
183.75,-64.8864,-64.8864,0
184,-64.8843,-64.8843,0
184.25,-64.8822,-64.8822,0
184.5,-64.8801,-64.8801,0
184.75,-64.8779,-64.8779,0
185,-64.8758,-64.8758,0
185.25,-64.8737,-64.8737,0
185.5,-64.8716,-64.8716,0
185.75,-64.8695,-64.8695,0
186,-64.8674,-64.8674,0
186.25,-64.8653,-64.8653,0
186.5,-64.8632,-64.8632,0
186.75,-64.8611,-64.8611,0
187,-64.859,-64.859,0
187.25,-64.8569,-64.8569,0
187.5,-64.8548,-64.8548,0
187.75,-64.8527,-64.8527,0
188,-64.8506,-64.8506,0
188.25,-64.8485,-64.8485,0
188.5,-64.8465,-64.8465,0
188.75,-64.8444,-64.8444,0
189,-64.8423,-64.8423,0
189.25,-64.8402,-64.8402,0
189.5,-64.8381,-64.8381,0
189.75,-64.8361,-64.8361,0
190,-64.834,-64.834,0
190.25,-64.8319,-64.8319,0
190.5,-64.8299,-64.8299,0
190.75,-64.8278,-64.8278,0
191,-64.8258,-64.8258,0
191.25,-64.8237,-64.8237,0
191.5,-64.8216,-64.8216,0
191.75,-64.8196,-64.8196,0
192,-64.8175,-64.8175,0
192.25,-64.8155,-64.8155,0
192.5,-64.8134,-64.8134,0
192.75,-64.8114,-64.8114,0
193,-64.8093,-64.8093,0
193.25,-64.8073,-64.8073,0
193.5,-64.8053,-64.8053,0
193.75,-64.8032,-64.8032,0
194,-64.8012,-64.8012,0
194.25,-64.7992,-64.7992,0
194.5,-64.7971,-64.7971,0
194.75,-64.7951,-64.7951,0
195,-64.7931,-64.7931,0
195.25,-64.791,-64.791,0
195.5,-64.789,-64.789,0
195.75,-64.787,-64.787,0
196,-64.785,-64.785,0
196.25,-64.783,-64.783,0
196.5,-64.7809,-64.7809,0
196.75,-64.7789,-64.7789,0
197,-64.7769,-64.7769,0
197.25,-64.7749,-64.7749,0
197.5,-64.7729,-64.7729,0
197.75,-64.7709,-64.7709,0
198,-64.7689,-64.7689,0
198.25,-64.7669,-64.7669,0
198.5,-64.7649,-64.7649,0
198.75,-64.7629,-64.7629,0
199,-64.7609,-64.7609,0
199.25,-64.7589,-64.7589,0
199.5,-64.7569,-64.7569,0
199.75,-64.7549,-64.7549,0
200,-64.7529,-64.7529,0
200.25,-64.7509,-64.7509,0
200.5,-64.7489,-64.7489,0
200.75,-64.7469,-64.7469,0
201,-64.745,-64.745,0
201.25,-64.743,-64.743,0
201.5,-64.741,-64.741,0
201.75,-64.739,-64.739,0
202,-64.737,-64.737,0
202.25,-64.7351,-64.7351,0
202.5,-64.7331,-64.7331,0
202.75,-64.7311,-64.7311,0
203,-64.7292,-64.7292,0
203.25,-64.7272,-64.7272,0
203.5,-64.7252,-64.7252,0
203.75,-64.7233,-64.7233,0
204,-64.7213,-64.7213,0
204.25,-64.7193,-64.7193,0
204.5,-64.7174,-64.7174,0
204.75,-64.7154,-64.7154,0
205,-64.7134,-64.7134,0
205.25,-64.7115,-64.7115,0
205.5,-64.7095,-64.7095,0
205.75,-64.7076,-64.7076,0
206,-64.7056,-64.7056,0
206.25,-64.7037,-64.7037,0
206.5,-64.7017,-64.7017,0
206.75,-64.6998,-64.6998,0
207,-64.6978,-64.6978,0
207.25,-64.6959,-64.6959,0
207.5,-64.694,-64.694,0
207.75,-64.692,-64.692,0
208,-64.6901,-64.6901,0
208.25,-64.6881,-64.6881,0
208.5,-64.6862,-64.6862,0
208.75,-64.6843,-64.6843,0
209,-64.6823,-64.6823,0
209.25,-64.6804,-64.6804,0
209.5,-64.6785,-64.6785,0
209.75,-64.6766,-64.6766,0
210,-64.6746,-64.6746,0
210.25,-64.6727,-64.6727,0
210.5,-64.6708,-64.6708,0
210.75,-64.6689,-64.6689,0
211,-64.6669,-64.6669,0
211.25,-64.665,-64.665,0
211.5,-64.6631,-64.6631,0
211.75,-64.6612,-64.6612,0
212,-64.6593,-64.6593,0
212.25,-64.6574,-64.6574,0
212.5,-64.6554,-64.6554,0
212.75,-64.6535,-64.6535,0
213,-64.6516,-64.6516,0
213.25,-64.6497,-64.6497,0
213.5,-64.6478,-64.6478,0
213.75,-64.6459,-64.6459,0
214,-64.644,-64.644,0
214.25,-64.6421,-64.6421,0
214.5,-64.6402,-64.6402,0
214.75,-64.6383,-64.6383,0
215,-64.6364,-64.6364,0
215.25,-64.6345,-64.6345,0
215.5,-64.6326,-64.6326,0
215.75,-64.6307,-64.6307,0
216,-64.6288,-64.6288,0
216.25,-64.6269,-64.6269,0
216.5,-64.625,-64.625,0
216.75,-64.6231,-64.6231,0
217,-64.6212,-64.6212,0
217.25,-64.6193,-64.6193,0
217.5,-64.6175,-64.6175,0
217.75,-64.6156,-64.6156,0
218,-64.6137,-64.6137,0
218.25,-64.6118,-64.6118,0
218.5,-64.6099,-64.6099,0
218.75,-64.608,-64.608,0
219,-64.6062,-64.6062,0
219.25,-64.6043,-64.6043,0
219.5,-64.6024,-64.6024,0
219.75,-64.6005,-64.6005,0
220,-64.5987,-64.5987,0
220.25,-64.5968,-64.5968,0
220.5,-64.5949,-64.5949,0
220.75,-64.593,-64.593,0
221,-64.5912,-64.5912,0
221.25,-64.5893,-64.5893,0
221.5,-64.5874,-64.5874,0
221.75,-64.5856,-64.5856,0
222,-64.5837,-64.5837,0
222.25,-64.5818,-64.5818,0
222.5,-64.58,-64.58,0
222.75,-64.5781,-64.5781,0
223,-64.5762,-64.5762,0
223.25,-64.5744,-64.5744,0
223.5,-64.5725,-64.5725,0
223.75,-64.5707,-64.5707,0
224,-64.5688,-64.5688,0
224.25,-64.567,-64.567,0
224.5,-64.5651,-64.5651,0
224.75,-64.5632,-64.5632,0
225,-64.5614,-64.5614,0
225.25,-64.5595,-64.5595,0
225.5,-64.5577,-64.5577,0
225.75,-64.5558,-64.5558,0
226,-64.554,-64.554,0
226.25,-64.5522,-64.5522,0
226.5,-64.5503,-64.5503,0
226.75,-64.5485,-64.5485,0
227,-64.5466,-64.5466,0
227.25,-64.5448,-64.5448,0
227.5,-64.5429,-64.5429,0
227.75,-64.5411,-64.5411,0
228,-64.5392,-64.5392,0
228.25,-64.5374,-64.5374,0
228.5,-64.5356,-64.5356,0
228.75,-64.5337,-64.5337,0
229,-64.5319,-64.5319,0
229.25,-64.5301,-64.5301,0
229.5,-64.5282,-64.5282,0
229.75,-64.5264,-64.5264,0
230,-64.5246,-64.5246,0
230.25,-64.5227,-64.5227,0
230.5,-64.5209,-64.5209,0
230.75,-64.5191,-64.5191,0
231,-64.5172,-64.5172,0
231.25,-64.5154,-64.5154,0
231.5,-64.5136,-64.5136,0
231.75,-64.5118,-64.5118,0
232,-64.5099,-64.5099,0
232.25,-64.5081,-64.5081,0
232.5,-64.5063,-64.5063,0
232.75,-64.5045,-64.5045,0
233,-64.5027,-64.5027,0
233.25,-64.5008,-64.5008,0
233.5,-64.499,-64.499,0
233.75,-64.4972,-64.4972,0
234,-64.4954,-64.4954,0
234.25,-64.4936,-64.4936,0
234.5,-64.4917,-64.4917,0
234.75,-64.4899,-64.4899,0
235,-64.4881,-64.4881,0
235.25,-64.4863,-64.4863,0
235.5,-64.4845,-64.4845,0
235.75,-64.4827,-64.4827,0
236,-64.4809,-64.4809,0
236.25,-64.4791,-64.4791,0
236.5,-64.4773,-64.4773,0
236.75,-64.4755,-64.4755,0
237,-64.4736,-64.4736,0
237.25,-64.4718,-64.4718,0
237.5,-64.47,-64.47,0
237.75,-64.4682,-64.4682,0
238,-64.4664,-64.4664,0
238.25,-64.4646,-64.4646,0
238.5,-64.4628,-64.4628,0
238.75,-64.461,-64.461,0
239,-64.4592,-64.4592,0
239.25,-64.4574,-64.4574,0
239.5,-64.4556,-64.4556,0
239.75,-64.4538,-64.4538,0
240,-64.452,-64.452,0
240.25,-64.4502,-64.4502,0
240.5,-64.4484,-64.4484,0
240.75,-64.4466,-64.4466,0
241,-64.4448,-64.4448,0
241.25,-64.4431,-64.4431,0
241.5,-64.4413,-64.4413,0
241.75,-64.4395,-64.4395,0
242,-64.4377,-64.4377,0
242.25,-64.4359,-64.4359,0
242.5,-64.4341,-64.4341,0
242.75,-64.4323,-64.4323,0
243,-64.4305,-64.4305,0
243.25,-64.4287,-64.4287,0
243.5,-64.427,-64.427,0
243.75,-64.4252,-64.4252,0
244,-64.4234,-64.4234,0
244.25,-64.4216,-64.4216,0
244.5,-64.4198,-64.4198,0
244.75,-64.418,-64.418,0
245,-64.4163,-64.4163,0
245.25,-64.4145,-64.4145,0
245.5,-64.4127,-64.4127,0
245.75,-64.4109,-64.4109,0
246,-64.4091,-64.4091,0
246.25,-64.4074,-64.4074,0
246.5,-64.4056,-64.4056,0
246.75,-64.4038,-64.4038,0
247,-64.402,-64.402,0
247.25,-64.4003,-64.4003,0
247.5,-64.3985,-64.3985,0
247.75,-64.3967,-64.3967,0
248,-64.3949,-64.3949,0
248.25,-64.3932,-64.3932,0
248.5,-64.3914,-64.3914,0
248.75,-64.3896,-64.3896,0
249,-64.3878,-64.3878,0
249.25,-64.3861,-64.3861,0
249.5,-64.3843,-64.3843,0
249.75,-64.3825,-64.3825,0
250,-64.3808,-64.3808,0
250.25,-64.379,-64.379,0
250.5,-64.3772,-64.3772,0
250.75,-64.3755,-64.3755,0
251,-64.3737,-64.3737,0
251.25,-64.3719,-64.3719,0
251.5,-64.3702,-64.3702,0
251.75,-64.3684,-64.3684,0
252,-64.3667,-64.3667,0
252.25,-64.3649,-64.3649,0
252.5,-64.3631,-64.3631,0
252.75,-64.3614,-64.3614,0
253,-64.3596,-64.3596,0
253.25,-64.3579,-64.3579,0
253.5,-64.3561,-64.3561,0
253.75,-64.3543,-64.3543,0
254,-64.3526,-64.3526,0
254.25,-64.3508,-64.3508,0
254.5,-64.3491,-64.3491,0
254.75,-64.3473,-64.3473,0
255,-64.3456,-64.3456,0
255.25,-64.3438,-64.3438,0
255.5,-64.3421,-64.3421,0
255.75,-64.3403,-64.3403,0
256,-64.3385,-64.3385,0
256.25,-64.3368,-64.3368,0
256.5,-64.335,-64.335,0
256.75,-64.3333,-64.3333,0
257,-64.3315,-64.3315,0
257.25,-64.3298,-64.3298,0
257.5,-64.328,-64.328,0
257.75,-64.3263,-64.3263,0
258,-64.3245,-64.3245,0
258.25,-64.3228,-64.3228,0
258.5,-64.3211,-64.3211,0
258.75,-64.3193,-64.3193,0
259,-64.3176,-64.3176,0
259.25,-64.3158,-64.3158,0
259.5,-64.3141,-64.3141,0
259.75,-64.3123,-64.3123,0
260,-64.3106,-64.3106,0
260.25,-64.3088,-64.3088,0
260.5,-64.3071,-64.3071,0
260.75,-64.3054,-64.3054,0
261,-64.3036,-64.3036,0
261.25,-64.3019,-64.3019,0
261.5,-64.3001,-64.3001,0
261.75,-64.2984,-64.2984,0
262,-64.2967,-64.2967,0
262.25,-64.2949,-64.2949,0
262.5,-64.2932,-64.2932,0
262.75,-64.2914,-64.2914,0
263,-64.2897,-64.2897,0
263.25,-64.288,-64.288,0
263.5,-64.2862,-64.2862,0
263.75,-64.2845,-64.2845,0
264,-64.2828,-64.2828,0
264.25,-64.281,-64.281,0
264.5,-64.2793,-64.2793,0
264.75,-64.2776,-64.2776,0
265,-64.2758,-64.2758,0
265.25,-64.2741,-64.2741,0
265.5,-64.2724,-64.2724,0
265.75,-64.2706,-64.2706,0
266,-64.2689,-64.2689,0
266.25,-64.2672,-64.2672,0
266.5,-64.2655,-64.2655,0
266.75,-64.2637,-64.2637,0
267,-64.262,-64.262,0
267.25,-64.2603,-64.2603,0
267.5,-64.2585,-64.2585,0
267.75,-64.2568,-64.2568,0
268,-64.2551,-64.2551,0
268.25,-64.2534,-64.2534,0
268.5,-64.2516,-64.2516,0
268.75,-64.2499,-64.2499,0
269,-64.2482,-64.2482,0
269.25,-64.2465,-64.2465,0
269.5,-64.2447,-64.2447,0
269.75,-64.243,-64.243,0
270,-64.2413,-64.2413,0
270.25,-64.2396,-64.2396,0
270.5,-64.2378,-64.2378,0
270.75,-64.2361,-64.2361,0
271,-64.2344,-64.2344,0
271.25,-64.2327,-64.2327,0
271.5,-64.231,-64.231,0
271.75,-64.2292,-64.2292,0
272,-64.2275,-64.2275,0
272.25,-64.2258,-64.2258,0
272.5,-64.2241,-64.2241,0
272.75,-64.2224,-64.2224,0
273,-64.2206,-64.2206,0
273.25,-64.2189,-64.2189,0
273.5,-64.2172,-64.2172,0
273.75,-64.2155,-64.2155,0
274,-64.2138,-64.2138,0
274.25,-64.2121,-64.2121,0
274.5,-64.2104,-64.2104,0
274.75,-64.2086,-64.2086,0
275,-64.2069,-64.2069,0
275.25,-64.2052,-64.2052,0
275.5,-64.2035,-64.2035,0
275.75,-64.2018,-64.2018,0
276,-64.2001,-64.2001,0
276.25,-64.1984,-64.1984,0
276.5,-64.1966,-64.1966,0
276.75,-64.1949,-64.1949,0
277,-64.1932,-64.1932,0
277.25,-64.1915,-64.1915,0
277.5,-64.1898,-64.1898,0
277.75,-64.1881,-64.1881,0
278,-64.1864,-64.1864,0
278.25,-64.1847,-64.1847,0
278.5,-64.183,-64.183,0
278.75,-64.1813,-64.1813,0
279,-64.1796,-64.1796,0
279.25,-64.1778,-64.1778,0
279.5,-64.1761,-64.1761,0
279.75,-64.1744,-64.1744,0
280,-64.1727,-64.1727,0
280.25,-64.171,-64.171,0
280.5,-64.1693,-64.1693,0
280.75,-64.1676,-64.1676,0
281,-64.1659,-64.1659,0
281.25,-64.1642,-64.1642,0
281.5,-64.1625,-64.1625,0
281.75,-64.1608,-64.1608,0
282,-64.1591,-64.1591,0
282.25,-64.1574,-64.1574,0
282.5,-64.1557,-64.1557,0
282.75,-64.154,-64.154,0
283,-64.1523,-64.1523,0
283.25,-64.1506,-64.1506,0
283.5,-64.1489,-64.1489,0
283.75,-64.1472,-64.1472,0
284,-64.1455,-64.1455,0
284.25,-64.1438,-64.1438,0
284.5,-64.1421,-64.1421,0
284.75,-64.1404,-64.1404,0
285,-64.1387,-64.1387,0
285.25,-64.137,-64.137,0
285.5,-64.1353,-64.1353,0
285.75,-64.1336,-64.1336,0
286,-64.1319,-64.1319,0
286.25,-64.1302,-64.1302,0
286.5,-64.1285,-64.1285,0
286.75,-64.1268,-64.1268,0
287,-64.1251,-64.1251,0
287.25,-64.1234,-64.1234,0
287.5,-64.1217,-64.1217,0
287.75,-64.12,-64.12,0
288,-64.1183,-64.1183,0
288.25,-64.1166,-64.1166,0
288.5,-64.1149,-64.1149,0
288.75,-64.1132,-64.1132,0
289,-64.1115,-64.1115,0
289.25,-64.1099,-64.1099,0
289.5,-64.1082,-64.1082,0
289.75,-64.1065,-64.1065,0
290,-64.1048,-64.1048,0
290.25,-64.1031,-64.1031,0
290.5,-64.1014,-64.1014,0
290.75,-64.0997,-64.0997,0
291,-64.098,-64.098,0
291.25,-64.0963,-64.0963,0
291.5,-64.0946,-64.0946,0
291.75,-64.0929,-64.0929,0
292,-64.0913,-64.0913,0
292.25,-64.0896,-64.0896,0
292.5,-64.0879,-64.0879,0
292.75,-64.0862,-64.0862,0
293,-64.0845,-64.0845,0
293.25,-64.0828,-64.0828,0
293.5,-64.0811,-64.0811,0
293.75,-64.0794,-64.0794,0
294,-64.0777,-64.0777,0
294.25,-64.0761,-64.0761,0
294.5,-64.0744,-64.0744,0
294.75,-64.0727,-64.0727,0
295,-64.071,-64.071,0
295.25,-64.0693,-64.0693,0
295.5,-64.0676,-64.0676,0
295.75,-64.0659,-64.0659,0
296,-64.0643,-64.0643,0
296.25,-64.0626,-64.0626,0
296.5,-64.0609,-64.0609,0
296.75,-64.0592,-64.0592,0
297,-64.0575,-64.0575,0
297.25,-64.0558,-64.0558,0
297.5,-64.0542,-64.0542,0
297.75,-64.0525,-64.0525,0
298,-64.0508,-64.0508,0
298.25,-64.0491,-64.0491,0
298.5,-64.0474,-64.0474,0
298.75,-64.0457,-64.0457,0
299,-64.0441,-64.0441,0
299.25,-64.0424,-64.0424,0
299.5,-64.0407,-64.0407,0
299.75,-64.039,-64.039,0
300,-64.0373,-64.0373,0
300.25,-64.0357,-64.0357,0
300.5,-64.034,-64.034,0
300.75,-64.0323,-64.0323,0
301,-64.0306,-64.0306,0
301.25,-64.0289,-64.0289,0
301.5,-64.0273,-64.0273,0
301.75,-64.0256,-64.0256,0
302,-64.0239,-64.0239,0
302.25,-64.0222,-64.0222,0
302.5,-64.0205,-64.0205,0
302.75,-64.0189,-64.0189,0
303,-64.0172,-64.0172,0
303.25,-64.0155,-64.0155,0
303.5,-64.0138,-64.0138,0
303.75,-64.0122,-64.0122,0
304,-64.0105,-64.0105,0
304.25,-64.0088,-64.0088,0
304.5,-64.0071,-64.0071,0
304.75,-64.0055,-64.0055,0
305,-64.0038,-64.0038,0
305.25,-64.0021,-64.0021,0
305.5,-64.0004,-64.0004,0
305.75,-63.9988,-63.9988,0
306,-63.9971,-63.9971,0
306.25,-63.9954,-63.9954,0
306.5,-63.9937,-63.9937,0
306.75,-63.9921,-63.9921,0
307,-63.9904,-63.9904,0
307.25,-63.9887,-63.9887,0
307.5,-63.987,-63.987,0
307.75,-63.9854,-63.9854,0
308,-63.9837,-63.9837,0
308.25,-63.982,-63.982,0
308.5,-63.9803,-63.9803,0
308.75,-63.9787,-63.9787,0
309,-63.977,-63.977,0
309.25,-63.9753,-63.9753,0
309.5,-63.9737,-63.9737,0
309.75,-63.972,-63.972,0
310,-63.9703,-63.9703,0
310.25,-63.9686,-63.9686,0
310.5,-63.967,-63.967,0
310.75,-63.9653,-63.9653,0
311,-63.9636,-63.9636,0
311.25,-63.962,-63.962,0
311.5,-63.9603,-63.9603,0
311.75,-63.9586,-63.9586,0
312,-63.957,-63.957,0
312.25,-63.9553,-63.9553,0
312.5,-63.9536,-63.9536,0
312.75,-63.952,-63.952,0
313,-63.9503,-63.9503,0
313.25,-63.9486,-63.9486,0
313.5,-63.9469,-63.9469,0
313.75,-63.9453,-63.9453,0
314,-63.9436,-63.9436,0
314.25,-63.9419,-63.9419,0
314.5,-63.9403,-63.9403,0
314.75,-63.9386,-63.9386,0
315,-63.9369,-63.9369,0
315.25,-63.9353,-63.9353,0
315.5,-63.9336,-63.9336,0
315.75,-63.9319,-63.9319,0
316,-63.9303,-63.9303,0
316.25,-63.9286,-63.9286,0
316.5,-63.9269,-63.9269,0
316.75,-63.9253,-63.9253,0
317,-63.9236,-63.9236,0
317.25,-63.922,-63.922,0
317.5,-63.9203,-63.9203,0
317.75,-63.9186,-63.9186,0
318,-63.917,-63.917,0
318.25,-63.9153,-63.9153,0
318.5,-63.9136,-63.9136,0
318.75,-63.912,-63.912,0
319,-63.9103,-63.9103,0
319.25,-63.9086,-63.9086,0
319.5,-63.907,-63.907,0
319.75,-63.9053,-63.9053,0
320,-63.9036,-63.9036,0
320.25,-63.902,-63.902,0
320.5,-63.9003,-63.9003,0
320.75,-63.8987,-63.8987,0
321,-63.897,-63.897,0
321.25,-63.8953,-63.8953,0
321.5,-63.8937,-63.8937,0
321.75,-63.892,-63.892,0
322,-63.8903,-63.8903,0
322.25,-63.8887,-63.8887,0
322.5,-63.887,-63.887,0
322.75,-63.8854,-63.8854,0
323,-63.8837,-63.8837,0
323.25,-63.882,-63.882,0
323.5,-63.8804,-63.8804,0
323.75,-63.8787,-63.8787,0
324,-63.8771,-63.8771,0
324.25,-63.8754,-63.8754,0
324.5,-63.8737,-63.8737,0
324.75,-63.8721,-63.8721,0
325,-63.8704,-63.8704,0
325.25,-63.8688,-63.8688,0
325.5,-63.8671,-63.8671,0
325.75,-63.8654,-63.8654,0
326,-63.8638,-63.8638,0
326.25,-63.8621,-63.8621,0
326.5,-63.8605,-63.8605,0
326.75,-63.8588,-63.8588,0
327,-63.8571,-63.8571,0
327.25,-63.8555,-63.8555,0
327.5,-63.8538,-63.8538,0
327.75,-63.8522,-63.8522,0
328,-63.8505,-63.8505,0
328.25,-63.8489,-63.8489,0
328.5,-63.8472,-63.8472,0
328.75,-63.8455,-63.8455,0
329,-63.8439,-63.8439,0
329.25,-63.8422,-63.8422,0
329.5,-63.8406,-63.8406,0
329.75,-63.8389,-63.8389,0
330,-63.8373,-63.8373,0
330.25,-63.8356,-63.8356,0
330.5,-63.8339,-63.8339,0
330.75,-63.8323,-63.8323,0
331,-63.8306,-63.8306,0
331.25,-63.829,-63.829,0
331.5,-63.8273,-63.8273,0
331.75,-63.8257,-63.8257,0
332,-63.824,-63.824,0
332.25,-63.8223,-63.8223,0
332.5,-63.8207,-63.8207,0
332.75,-63.819,-63.819,0
333,-63.8174,-63.8174,0
333.25,-63.8157,-63.8157,0
333.5,-63.8141,-63.8141,0
333.75,-63.8124,-63.8124,0
334,-63.8108,-63.8108,0
334.25,-63.8091,-63.8091,0
334.5,-63.8074,-63.8074,0
334.75,-63.8058,-63.8058,0
335,-63.8041,-63.8041,0
335.25,-63.8025,-63.8025,0
335.5,-63.8008,-63.8008,0
335.75,-63.7992,-63.7992,0
336,-63.7975,-63.7975,0
336.25,-63.7959,-63.7959,0
336.5,-63.7942,-63.7942,0
336.75,-63.7926,-63.7926,0
337,-63.7909,-63.7909,0
337.25,-63.7893,-63.7893,0
337.5,-63.7876,-63.7876,0
337.75,-63.7859,-63.7859,0
338,-63.7843,-63.7843,0
338.25,-63.7826,-63.7826,0
338.5,-63.781,-63.781,0
338.75,-63.7793,-63.7793,0
339,-63.7777,-63.7777,0
339.25,-63.776,-63.776,0
339.5,-63.7744,-63.7744,0
339.75,-63.7727,-63.7727,0
340,-63.7711,-63.7711,0
340.25,-63.7694,-63.7694,0
340.5,-63.7678,-63.7678,0
340.75,-63.7661,-63.7661,0
341,-63.7645,-63.7645,0
341.25,-63.7628,-63.7628,0
341.5,-63.7612,-63.7612,0
341.75,-63.7595,-63.7595,0
342,-63.7579,-63.7579,0
342.25,-63.7562,-63.7562,0
342.5,-63.7546,-63.7546,0
342.75,-63.7529,-63.7529,0
343,-63.7513,-63.7513,0
343.25,-63.7496,-63.7496,0
343.5,-63.748,-63.748,0
343.75,-63.7463,-63.7463,0
344,-63.7447,-63.7447,0
344.25,-63.743,-63.743,0
344.5,-63.7414,-63.7414,0
344.75,-63.7397,-63.7397,0
345,-63.7381,-63.7381,0
345.25,-63.7364,-63.7364,0
345.5,-63.7348,-63.7348,0
345.75,-63.7331,-63.7331,0
346,-63.7315,-63.7315,0
346.25,-63.7298,-63.7298,0
346.5,-63.7282,-63.7282,0
346.75,-63.7265,-63.7265,0
347,-63.7249,-63.7249,0
347.25,-63.7232,-63.7232,0
347.5,-63.7216,-63.7216,0
347.75,-63.7199,-63.7199,0
348,-63.7183,-63.7183,0
348.25,-63.7166,-63.7166,0
348.5,-63.715,-63.715,0
348.75,-63.7133,-63.7133,0
349,-63.7117,-63.7117,0
349.25,-63.71,-63.71,0
349.5,-63.7084,-63.7084,0
349.75,-63.7067,-63.7067,0
350,-63.7051,-63.7051,0
350.25,-63.7034,-63.7034,0
350.5,-63.7018,-63.7018,0
350.75,-63.7001,-63.7001,0
351,-63.6985,-63.6985,0
351.25,-63.6968,-63.6968,0
351.5,-63.6952,-63.6952,0
351.75,-63.6935,-63.6935,0
352,-63.6919,-63.6919,0
352.25,-63.6902,-63.6902,0
352.5,-63.6886,-63.6886,0
352.75,-63.6869,-63.6869,0
353,-63.6853,-63.6853,0
353.25,-63.6837,-63.6837,0
353.5,-63.682,-63.682,0
353.75,-63.6804,-63.6804,0
354,-63.6787,-63.6787,0
354.25,-63.6771,-63.6771,0
354.5,-63.6754,-63.6754,0
354.75,-63.6738,-63.6738,0
355,-63.6721,-63.6721,0
355.25,-63.6705,-63.6705,0
355.5,-63.6688,-63.6688,0
355.75,-63.6672,-63.6672,0
356,-63.6655,-63.6655,0
356.25,-63.6639,-63.6639,0
356.5,-63.6622,-63.6622,0
356.75,-63.6606,-63.6606,0
357,-63.6589,-63.6589,0
357.25,-63.6573,-63.6573,0
357.5,-63.6557,-63.6557,0
357.75,-63.654,-63.654,0
358,-63.6524,-63.6524,0
358.25,-63.6507,-63.6507,0
358.5,-63.6491,-63.6491,0
358.75,-63.6474,-63.6474,0
359,-63.6458,-63.6458,0
359.25,-63.6441,-63.6441,0
359.5,-63.6425,-63.6425,0
359.75,-63.6408,-63.6408,0
360,-63.6392,-63.6392,0
360.25,-63.6376,-63.6376,0
360.5,-63.6359,-63.6359,0
360.75,-63.6343,-63.6343,0
361,-63.6326,-63.6326,0
361.25,-63.631,-63.631,0
361.5,-63.6293,-63.6293,0
361.75,-63.6277,-63.6277,0
362,-63.626,-63.626,0
362.25,-63.6244,-63.6244,0
362.5,-63.6227,-63.6227,0
362.75,-63.6211,-63.6211,0
363,-63.6195,-63.6195,0
363.25,-63.6178,-63.6178,0
363.5,-63.6162,-63.6162,0
363.75,-63.6145,-63.6145,0
364,-63.6129,-63.6129,0
364.25,-63.6112,-63.6112,0
364.5,-63.6096,-63.6096,0
364.75,-63.6079,-63.6079,0
365,-63.6063,-63.6063,0
365.25,-63.6047,-63.6047,0
365.5,-63.603,-63.603,0
365.75,-63.6014,-63.6014,0
366,-63.5997,-63.5997,0
366.25,-63.5981,-63.5981,0
366.5,-63.5964,-63.5964,0
366.75,-63.5948,-63.5948,0
367,-63.5931,-63.5931,0
367.25,-63.5915,-63.5915,0
367.5,-63.5899,-63.5899,0
367.75,-63.5882,-63.5882,0
368,-63.5866,-63.5866,0
368.25,-63.5849,-63.5849,0
368.5,-63.5833,-63.5833,0
368.75,-63.5816,-63.5816,0
369,-63.58,-63.58,0
369.25,-63.5783,-63.5783,0
369.5,-63.5767,-63.5767,0
369.75,-63.5751,-63.5751,0
370,-63.5734,-63.5734,0
370.25,-63.5718,-63.5718,0
370.5,-63.5701,-63.5701,0
370.75,-63.5685,-63.5685,0
371,-63.5668,-63.5668,0
371.25,-63.5652,-63.5652,0
371.5,-63.5635,-63.5635,0
371.75,-63.5619,-63.5619,0
372,-63.5603,-63.5603,0
372.25,-63.5586,-63.5586,0
372.5,-63.557,-63.557,0
372.75,-63.5553,-63.5553,0
373,-63.5537,-63.5537,0
373.25,-63.552,-63.552,0
373.5,-63.5504,-63.5504,0
373.75,-63.5488,-63.5488,0
374,-63.5471,-63.5471,0
374.25,-63.5455,-63.5455,0
374.5,-63.5438,-63.5438,0
374.75,-63.5422,-63.5422,0
375,-63.5405,-63.5405,0
375.25,-63.5389,-63.5389,0
375.5,-63.5373,-63.5373,0
375.75,-63.5356,-63.5356,0
376,-63.534,-63.534,0
376.25,-63.5323,-63.5323,0
376.5,-63.5307,-63.5307,0
376.75,-63.529,-63.529,0
377,-63.5274,-63.5274,0
377.25,-63.5257,-63.5257,0
377.5,-63.5241,-63.5241,0
377.75,-63.5225,-63.5225,0
378,-63.5208,-63.5208,0
378.25,-63.5192,-63.5192,0
378.5,-63.5175,-63.5175,0
378.75,-63.5159,-63.5159,0
379,-63.5142,-63.5142,0
379.25,-63.5126,-63.5126,0
379.5,-63.511,-63.511,0
379.75,-63.5093,-63.5093,0
380,-63.5077,-63.5077,0
380.25,-63.506,-63.506,0
380.5,-63.5044,-63.5044,0
380.75,-63.5027,-63.5027,0
381,-63.5011,-63.5011,0
381.25,-63.4995,-63.4995,0
381.5,-63.4978,-63.4978,0
381.75,-63.4962,-63.4962,0
382,-63.4945,-63.4945,0
382.25,-63.4929,-63.4929,0
382.5,-63.4912,-63.4912,0
382.75,-63.4896,-63.4896,0
383,-63.488,-63.488,0
383.25,-63.4863,-63.4863,0
383.5,-63.4847,-63.4847,0
383.75,-63.483,-63.483,0
384,-63.4814,-63.4814,0
384.25,-63.4797,-63.4797,0
384.5,-63.4781,-63.4781,0
384.75,-63.4765,-63.4765,0
385,-63.4748,-63.4748,0
385.25,-63.4732,-63.4732,0
385.5,-63.4715,-63.4715,0
385.75,-63.4699,-63.4699,0
386,-63.4682,-63.4682,0
386.25,-63.4666,-63.4666,0
386.5,-63.465,-63.465,0
386.75,-63.4633,-63.4633,0
387,-63.4617,-63.4617,0
387.25,-63.46,-63.46,0
387.5,-63.4584,-63.4584,0
387.75,-63.4567,-63.4567,0
388,-63.4551,-63.4551,0
388.25,-63.4535,-63.4535,0
388.5,-63.4518,-63.4518,0
388.75,-63.4502,-63.4502,0
389,-63.4485,-63.4485,0
389.25,-63.4469,-63.4469,0
389.5,-63.4452,-63.4452,0
389.75,-63.4436,-63.4436,0
390,-63.442,-63.442,0
390.25,-63.4403,-63.4403,0
390.5,-63.4387,-63.4387,0
390.75,-63.437,-63.437,0
391,-63.4354,-63.4354,0
391.25,-63.4337,-63.4337,0
391.5,-63.4321,-63.4321,0
391.75,-63.4305,-63.4305,0
392,-63.4288,-63.4288,0
392.25,-63.4272,-63.4272,0
392.5,-63.4255,-63.4255,0
392.75,-63.4239,-63.4239,0
393,-63.4222,-63.4222,0
393.25,-63.4206,-63.4206,0
393.5,-63.419,-63.419,0
393.75,-63.4173,-63.4173,0
394,-63.4157,-63.4157,0
394.25,-63.414,-63.414,0
394.5,-63.4124,-63.4124,0
394.75,-63.4107,-63.4107,0
395,-63.4091,-63.4091,0
395.25,-63.4075,-63.4075,0
395.5,-63.4058,-63.4058,0
395.75,-63.4042,-63.4042,0
396,-63.4025,-63.4025,0
396.25,-63.4009,-63.4009,0
396.5,-63.3992,-63.3992,0
396.75,-63.3976,-63.3976,0
397,-63.396,-63.396,0
397.25,-63.3943,-63.3943,0
397.5,-63.3927,-63.3927,0
397.75,-63.391,-63.391,0
398,-63.3894,-63.3894,0
398.25,-63.3877,-63.3877,0
398.5,-63.3861,-63.3861,0
398.75,-63.3845,-63.3845,0
399,-63.3828,-63.3828,0
399.25,-63.3812,-63.3812,0
399.5,-63.3795,-63.3795,0
399.75,-63.3779,-63.3779,0
400,-63.3762,-63.3762,0
400.25,-63.3746,-63.3746,0
400.5,-63.373,-63.373,0
400.75,-63.3713,-63.3713,0
401,-63.3697,-63.3697,0
401.25,-63.368,-63.368,0
401.5,-63.3664,-63.3664,0
401.75,-63.3647,-63.3647,0
402,-63.3631,-63.3631,0
402.25,-63.3614,-63.3614,0
402.5,-63.3598,-63.3598,0
402.75,-63.3582,-63.3582,0
403,-63.3565,-63.3565,0
403.25,-63.3549,-63.3549,0
403.5,-63.3532,-63.3532,0
403.75,-63.3516,-63.3516,0
404,-63.3499,-63.3499,0
404.25,-63.3483,-63.3483,0
404.5,-63.3467,-63.3467,0
404.75,-63.345,-63.345,0
405,-63.3434,-63.3434,0
405.25,-63.3417,-63.3417,0
405.5,-63.3401,-63.3401,0
405.75,-63.3384,-63.3384,0
406,-63.3368,-63.3368,0
406.25,-63.3351,-63.3351,0
406.5,-63.3335,-63.3335,0
406.75,-63.3319,-63.3319,0
407,-63.3302,-63.3302,0
407.25,-63.3286,-63.3286,0
407.5,-63.3269,-63.3269,0
407.75,-63.3253,-63.3253,0
408,-63.3236,-63.3236,0
408.25,-63.322,-63.322,0
408.5,-63.3203,-63.3203,0
408.75,-63.3187,-63.3187,0
409,-63.3171,-63.3171,0
409.25,-63.3154,-63.3154,0
409.5,-63.3138,-63.3138,0
409.75,-63.3121,-63.3121,0
410,-63.3105,-63.3105,0
410.25,-63.3088,-63.3088,0
410.5,-63.3072,-63.3072,0
410.75,-63.3055,-63.3055,0
411,-63.3039,-63.3039,0
411.25,-63.3023,-63.3023,0
411.5,-63.3006,-63.3006,0
411.75,-63.299,-63.299,0
412,-63.2973,-63.2973,0
412.25,-63.2957,-63.2957,0
412.5,-63.294,-63.294,0
412.75,-63.2924,-63.2924,0
413,-63.2907,-63.2907,0
413.25,-63.2891,-63.2891,0
413.5,-63.2875,-63.2875,0
413.75,-63.2858,-63.2858,0
414,-63.2842,-63.2842,0
414.25,-63.2825,-63.2825,0
414.5,-63.2809,-63.2809,0
414.75,-63.2792,-63.2792,0
415,-63.2776,-63.2776,0
415.25,-63.2759,-63.2759,0
415.5,-63.2743,-63.2743,0
415.75,-63.2726,-63.2726,0
416,-63.271,-63.271,0
416.25,-63.2694,-63.2694,0
416.5,-63.2677,-63.2677,0
416.75,-63.2661,-63.2661,0
417,-63.2644,-63.2644,0
417.25,-63.2628,-63.2628,0
417.5,-63.2611,-63.2611,0
417.75,-63.2595,-63.2595,0
418,-63.2578,-63.2578,0
418.25,-63.2562,-63.2562,0
418.5,-63.2545,-63.2545,0
418.75,-63.2529,-63.2529,0
419,-63.2513,-63.2513,0
419.25,-63.2496,-63.2496,0
419.5,-63.248,-63.248,0
419.75,-63.2463,-63.2463,0
420,-63.2447,-63.2447,0
420.25,-63.243,-63.243,0
420.5,-63.2414,-63.2414,0
420.75,-63.2397,-63.2397,0
421,-63.2381,-63.2381,0
421.25,-63.2364,-63.2364,0
421.5,-63.2348,-63.2348,0
421.75,-63.2331,-63.2331,0
422,-63.2315,-63.2315,0
422.25,-63.2299,-63.2299,0
422.5,-63.2282,-63.2282,0
422.75,-63.2266,-63.2266,0
423,-63.2249,-63.2249,0
423.25,-63.2233,-63.2233,0
423.5,-63.2216,-63.2216,0
423.75,-63.22,-63.22,0
424,-63.2183,-63.2183,0
424.25,-63.2167,-63.2167,0
424.5,-63.215,-63.215,0
424.75,-63.2134,-63.2134,0
425,-63.2117,-63.2117,0
425.25,-63.2101,-63.2101,0
425.5,-63.2084,-63.2084,0
425.75,-63.2068,-63.2068,0
426,-63.2051,-63.2051,0
426.25,-63.2035,-63.2035,0
426.5,-63.2019,-63.2019,0
426.75,-63.2002,-63.2002,0
427,-63.1986,-63.1986,0
427.25,-63.1969,-63.1969,0
427.5,-63.1953,-63.1953,0
427.75,-63.1936,-63.1936,0
428,-63.192,-63.192,0
428.25,-63.1903,-63.1903,0
428.5,-63.1887,-63.1887,0
428.75,-63.187,-63.187,0
429,-63.1854,-63.1854,0
429.25,-63.1837,-63.1837,0
429.5,-63.1821,-63.1821,0
429.75,-63.1804,-63.1804,0
430,-63.1788,-63.1788,0
430.25,-63.1771,-63.1771,0
430.5,-63.1755,-63.1755,0
430.75,-63.1738,-63.1738,0
431,-63.1722,-63.1722,0
431.25,-63.1705,-63.1705,0
431.5,-63.1689,-63.1689,0
431.75,-63.1672,-63.1672,0
432,-63.1656,-63.1656,0
432.25,-63.1639,-63.1639,0
432.5,-63.1623,-63.1623,0
432.75,-63.1606,-63.1606,0
433,-63.159,-63.159,0
433.25,-63.1573,-63.1573,0
433.5,-63.1557,-63.1557,0
433.75,-63.154,-63.154,0
434,-63.1524,-63.1524,0
434.25,-63.1507,-63.1507,0
434.5,-63.1491,-63.1491,0
434.75,-63.1474,-63.1474,0
435,-63.1458,-63.1458,0
435.25,-63.1441,-63.1441,0
435.5,-63.1425,-63.1425,0
435.75,-63.1408,-63.1408,0
436,-63.1392,-63.1392,0
436.25,-63.1375,-63.1375,0
436.5,-63.1359,-63.1359,0
436.75,-63.1342,-63.1342,0
437,-63.1326,-63.1326,0
437.25,-63.1309,-63.1309,0
437.5,-63.1293,-63.1293,0
437.75,-63.1276,-63.1276,0
438,-63.126,-63.126,0
438.25,-63.1243,-63.1243,0
438.5,-63.1227,-63.1227,0
438.75,-63.121,-63.121,0
439,-63.1194,-63.1194,0
439.25,-63.1177,-63.1177,0
439.5,-63.1161,-63.1161,0
439.75,-63.1144,-63.1144,0
440,-63.1128,-63.1128,0
440.25,-63.1111,-63.1111,0
440.5,-63.1095,-63.1095,0
440.75,-63.1078,-63.1078,0
441,-63.1062,-63.1062,0
441.25,-63.1045,-63.1045,0
441.5,-63.1029,-63.1029,0
441.75,-63.1012,-63.1012,0
442,-63.0996,-63.0996,0
442.25,-63.0979,-63.0979,0
442.5,-63.0963,-63.0963,0
442.75,-63.0946,-63.0946,0
443,-63.093,-63.093,0
443.25,-63.0913,-63.0913,0
443.5,-63.0897,-63.0897,0
443.75,-63.088,-63.088,0
444,-63.0864,-63.0864,0
444.25,-63.0847,-63.0847,0
444.5,-63.0831,-63.0831,0
444.75,-63.0814,-63.0814,0
445,-63.0798,-63.0798,0
445.25,-63.0781,-63.0781,0
445.5,-63.0764,-63.0764,0
445.75,-63.0748,-63.0748,0
446,-63.0731,-63.0731,0
446.25,-63.0715,-63.0715,0
446.5,-63.0698,-63.0698,0
446.75,-63.0682,-63.0682,0
447,-63.0665,-63.0665,0
447.25,-63.0649,-63.0649,0
447.5,-63.0632,-63.0632,0
447.75,-63.0616,-63.0616,0
448,-63.0599,-63.0599,0
448.25,-63.0583,-63.0583,0
448.5,-63.0566,-63.0566,0
448.75,-63.055,-63.055,0
449,-63.0533,-63.0533,0
449.25,-63.0516,-63.0516,0
449.5,-63.05,-63.05,0
449.75,-63.0483,-63.0483,0
450,-63.0467,-63.0467,0
450.25,-63.045,-63.045,0
450.5,-63.0434,-63.0434,0
450.75,-63.0417,-63.0417,0
451,-63.0401,-63.0401,0
451.25,-63.0384,-63.0384,0
451.5,-63.0368,-63.0368,0
451.75,-63.0351,-63.0351,0
452,-63.0334,-63.0334,0
452.25,-63.0318,-63.0318,0
452.5,-63.0301,-63.0301,0
452.75,-63.0285,-63.0285,0
453,-63.0268,-63.0268,0
453.25,-63.0252,-63.0252,0
453.5,-63.0235,-63.0235,0
453.75,-63.0219,-63.0219,0
454,-63.0202,-63.0202,0
454.25,-63.0186,-63.0186,0
454.5,-63.0169,-63.0169,0
454.75,-63.0152,-63.0152,0
455,-63.0136,-63.0136,0
455.25,-63.0119,-63.0119,0
455.5,-63.0103,-63.0103,0
455.75,-63.0086,-63.0086,0
456,-63.007,-63.007,0
456.25,-63.0053,-63.0053,0
456.5,-63.0036,-63.0036,0
456.75,-63.002,-63.002,0
457,-63.0003,-63.0003,0
457.25,-62.9987,-62.9987,0
457.5,-62.997,-62.997,0
457.75,-62.9954,-62.9954,0
458,-62.9937,-62.9937,0
458.25,-62.992,-62.992,0
458.5,-62.9904,-62.9904,0
458.75,-62.9887,-62.9887,0
459,-62.9871,-62.9871,0
459.25,-62.9854,-62.9854,0
459.5,-62.9838,-62.9838,0
459.75,-62.9821,-62.9821,0
460,-62.9804,-62.9804,0
460.25,-62.9788,-62.9788,0
460.5,-62.9771,-62.9771,0
460.75,-62.9755,-62.9755,0
461,-62.9738,-62.9738,0
461.25,-62.9722,-62.9722,0
461.5,-62.9705,-62.9705,0
461.75,-62.9688,-62.9688,0
462,-62.9672,-62.9672,0
462.25,-62.9655,-62.9655,0
462.5,-62.9639,-62.9639,0
462.75,-62.9622,-62.9622,0
463,-62.9605,-62.9605,0
463.25,-62.9589,-62.9589,0
463.5,-62.9572,-62.9572,0
463.75,-62.9556,-62.9556,0
464,-62.9539,-62.9539,0
464.25,-62.9522,-62.9522,0
464.5,-62.9506,-62.9506,0
464.75,-62.9489,-62.9489,0
465,-62.9473,-62.9473,0
465.25,-62.9456,-62.9456,0
465.5,-62.944,-62.944,0
465.75,-62.9423,-62.9423,0
466,-62.9406,-62.9406,0
466.25,-62.939,-62.939,0
466.5,-62.9373,-62.9373,0
466.75,-62.9357,-62.9357,0
467,-62.934,-62.934,0
467.25,-62.9323,-62.9323,0
467.5,-62.9307,-62.9307,0
467.75,-62.929,-62.929,0
468,-62.9273,-62.9273,0
468.25,-62.9257,-62.9257,0
468.5,-62.924,-62.924,0
468.75,-62.9224,-62.9224,0
469,-62.9207,-62.9207,0
469.25,-62.919,-62.919,0
469.5,-62.9174,-62.9174,0
469.75,-62.9157,-62.9157,0
470,-62.9141,-62.9141,0
470.25,-62.9124,-62.9124,0
470.5,-62.9107,-62.9107,0
470.75,-62.9091,-62.9091,0
471,-62.9074,-62.9074,0
471.25,-62.9057,-62.9057,0
471.5,-62.9041,-62.9041,0
471.75,-62.9024,-62.9024,0
472,-62.9008,-62.9008,0
472.25,-62.8991,-62.8991,0
472.5,-62.8974,-62.8974,0
472.75,-62.8958,-62.8958,0
473,-62.8941,-62.8941,0
473.25,-62.8924,-62.8924,0
473.5,-62.8908,-62.8908,0
473.75,-62.8891,-62.8891,0
474,-62.8875,-62.8875,0
474.25,-62.8858,-62.8858,0
474.5,-62.8841,-62.8841,0
474.75,-62.8825,-62.8825,0
475,-62.8808,-62.8808,0
475.25,-62.8791,-62.8791,0
475.5,-62.8775,-62.8775,0
475.75,-62.8758,-62.8758,0
476,-62.8741,-62.8741,0
476.25,-62.8725,-62.8725,0
476.5,-62.8708,-62.8708,0
476.75,-62.8692,-62.8692,0
477,-62.8675,-62.8675,0
477.25,-62.8658,-62.8658,0
477.5,-62.8642,-62.8642,0
477.75,-62.8625,-62.8625,0
478,-62.8608,-62.8608,0
478.25,-62.8592,-62.8592,0
478.5,-62.8575,-62.8575,0
478.75,-62.8558,-62.8558,0
479,-62.8542,-62.8542,0
479.25,-62.8525,-62.8525,0
479.5,-62.8508,-62.8508,0
479.75,-62.8492,-62.8492,0
480,-62.8475,-62.8475,0
480.25,-62.8458,-62.8458,0
480.5,-62.8442,-62.8442,0
480.75,-62.8425,-62.8425,0
481,-62.8408,-62.8408,0
481.25,-62.8392,-62.8392,0
481.5,-62.8375,-62.8375,0
481.75,-62.8358,-62.8358,0
482,-62.8342,-62.8342,0
482.25,-62.8325,-62.8325,0
482.5,-62.8308,-62.8308,0
482.75,-62.8292,-62.8292,0
483,-62.8275,-62.8275,0
483.25,-62.8258,-62.8258,0
483.5,-62.8242,-62.8242,0
483.75,-62.8225,-62.8225,0
484,-62.8208,-62.8208,0
484.25,-62.8192,-62.8192,0
484.5,-62.8175,-62.8175,0
484.75,-62.8158,-62.8158,0
485,-62.8142,-62.8142,0
485.25,-62.8125,-62.8125,0
485.5,-62.8108,-62.8108,0
485.75,-62.8092,-62.8092,0
486,-62.8075,-62.8075,0
486.25,-62.8058,-62.8058,0
486.5,-62.8041,-62.8041,0
486.75,-62.8025,-62.8025,0
487,-62.8008,-62.8008,0
487.25,-62.7991,-62.7991,0
487.5,-62.7975,-62.7975,0
487.75,-62.7958,-62.7958,0
488,-62.7941,-62.7941,0
488.25,-62.7925,-62.7925,0
488.5,-62.7908,-62.7908,0
488.75,-62.7891,-62.7891,0
489,-62.7874,-62.7874,0
489.25,-62.7858,-62.7858,0
489.5,-62.7841,-62.7841,0
489.75,-62.7824,-62.7824,0
490,-62.7808,-62.7808,0
490.25,-62.7791,-62.7791,0
490.5,-62.7774,-62.7774,0
490.75,-62.7758,-62.7758,0
491,-62.7741,-62.7741,0
491.25,-62.7724,-62.7724,0
491.5,-62.7707,-62.7707,0
491.75,-62.7691,-62.7691,0
492,-62.7674,-62.7674,0
492.25,-62.7657,-62.7657,0
492.5,-62.7641,-62.7641,0
492.75,-62.7624,-62.7624,0
493,-62.7607,-62.7607,0
493.25,-62.759,-62.759,0
493.5,-62.7574,-62.7574,0
493.75,-62.7557,-62.7557,0
494,-62.754,-62.754,0
494.25,-62.7523,-62.7523,0
494.5,-62.7507,-62.7507,0
494.75,-62.749,-62.749,0
495,-62.7473,-62.7473,0
495.25,-62.7457,-62.7457,0
495.5,-62.744,-62.744,0
495.75,-62.7423,-62.7423,0
496,-62.7406,-62.7406,0
496.25,-62.739,-62.739,0
496.5,-62.7373,-62.7373,0
496.75,-62.7356,-62.7356,0
497,-62.7339,-62.7339,0
497.25,-62.7323,-62.7323,0
497.5,-62.7306,-62.7306,0
497.75,-62.7289,-62.7289,0
498,-62.7272,-62.7272,0
498.25,-62.7256,-62.7256,0
498.5,-62.7239,-62.7239,0
498.75,-62.7222,-62.7222,0
499,-62.7205,-62.7205,0
499.25,-62.7189,-62.7189,0
499.5,-62.7172,-62.7172,0
499.75,-62.7155,-62.7155,0
500,-62.7138,-62.7138,0
500.25,-62.7122,-62.7122,0
500.5,-62.7105,-62.7105,0
500.75,-62.7088,-62.7088,0
501,-62.7071,-62.7071,0
501.25,-62.7055,-62.7055,0
501.5,-62.7038,-62.7038,0
501.75,-62.7021,-62.7021,0
502,-62.7004,-62.7004,0
502.25,-62.6987,-62.6987,0
502.5,-62.6971,-62.6971,0
502.75,-62.6954,-62.6954,0
503,-62.6937,-62.6937,0
503.25,-62.692,-62.692,0
503.5,-62.6904,-62.6904,0
503.75,-62.6887,-62.6887,0
504,-62.687,-62.687,0
504.25,-62.6853,-62.6853,0
504.5,-62.6837,-62.6837,0
504.75,-62.682,-62.682,0
505,-62.6803,-62.6803,0
505.25,-62.6786,-62.6786,0
505.5,-62.6769,-62.6769,0
505.75,-62.6753,-62.6753,0
506,-62.6736,-62.6736,0
506.25,-62.6719,-62.6719,0
506.5,-62.6702,-62.6702,0
506.75,-62.6685,-62.6685,0
507,-62.6669,-62.6669,0
507.25,-62.6652,-62.6652,0
507.5,-62.6635,-62.6635,0
507.75,-62.6618,-62.6618,0
508,-62.6601,-62.6601,0
508.25,-62.6585,-62.6585,0
508.5,-62.6568,-62.6568,0
508.75,-62.6551,-62.6551,0
509,-62.6534,-62.6534,0
509.25,-62.6517,-62.6517,0
509.5,-62.6501,-62.6501,0
509.75,-62.6484,-62.6484,0
510,-62.6467,-62.6467,0
510.25,-62.645,-62.645,0
510.5,-62.6433,-62.6433,0
510.75,-62.6417,-62.6417,0
511,-62.64,-62.64,0
511.25,-62.6383,-62.6383,0
511.5,-62.6366,-62.6366,0
511.75,-62.6349,-62.6349,0
512,-62.6332,-62.6332,0
512.25,-62.6316,-62.6316,0
512.5,-62.6299,-62.6299,0
512.75,-62.6282,-62.6282,0
513,-62.6265,-62.6265,0
513.25,-62.6248,-62.6248,0
513.5,-62.6232,-62.6232,0
513.75,-62.6215,-62.6215,0
514,-62.6198,-62.6198,0
514.25,-62.6181,-62.6181,0
514.5,-62.6164,-62.6164,0
514.75,-62.6147,-62.6147,0
515,-62.6131,-62.6131,0
515.25,-62.6114,-62.6114,0
515.5,-62.6097,-62.6097,0
515.75,-62.608,-62.608,0
516,-62.6063,-62.6063,0
516.25,-62.6046,-62.6046,0
516.5,-62.6029,-62.6029,0
516.75,-62.6013,-62.6013,0
517,-62.5996,-62.5996,0
517.25,-62.5979,-62.5979,0
517.5,-62.5962,-62.5962,0
517.75,-62.5945,-62.5945,0
518,-62.5928,-62.5928,0
518.25,-62.5911,-62.5911,0
518.5,-62.5895,-62.5895,0
518.75,-62.5878,-62.5878,0
519,-62.5861,-62.5861,0
519.25,-62.5844,-62.5844,0
519.5,-62.5827,-62.5827,0
519.75,-62.581,-62.581,0
520,-62.5793,-62.5793,0
520.25,-62.5777,-62.5777,0
520.5,-62.576,-62.576,0
520.75,-62.5743,-62.5743,0
521,-62.5726,-62.5726,0
521.25,-62.5709,-62.5709,0
521.5,-62.5692,-62.5692,0
521.75,-62.5675,-62.5675,0
522,-62.5658,-62.5658,0
522.25,-62.5642,-62.5642,0
522.5,-62.5625,-62.5625,0
522.75,-62.5608,-62.5608,0
523,-62.5591,-62.5591,0
523.25,-62.5574,-62.5574,0
523.5,-62.5557,-62.5557,0
523.75,-62.554,-62.554,0
524,-62.5523,-62.5523,0
524.25,-62.5506,-62.5506,0
524.5,-62.549,-62.549,0
524.75,-62.5473,-62.5473,0
525,-62.5456,-62.5456,0
525.25,-62.5439,-62.5439,0
525.5,-62.5422,-62.5422,0
525.75,-62.5405,-62.5405,0
526,-62.5388,-62.5388,0
526.25,-62.5371,-62.5371,0
526.5,-62.5354,-62.5354,0
526.75,-62.5337,-62.5337,0
527,-62.5321,-62.5321,0
527.25,-62.5304,-62.5304,0
527.5,-62.5287,-62.5287,0
527.75,-62.527,-62.527,0
528,-62.5253,-62.5253,0
528.25,-62.5236,-62.5236,0
528.5,-62.5219,-62.5219,0
528.75,-62.5202,-62.5202,0
529,-62.5185,-62.5185,0
529.25,-62.5168,-62.5168,0
529.5,-62.5151,-62.5151,0
529.75,-62.5134,-62.5134,0
530,-62.5118,-62.5118,0
530.25,-62.5101,-62.5101,0
530.5,-62.5084,-62.5084,0
530.75,-62.5067,-62.5067,0
531,-62.505,-62.505,0
531.25,-62.5033,-62.5033,0
531.5,-62.5016,-62.5016,0
531.75,-62.4999,-62.4999,0
532,-62.4982,-62.4982,0
532.25,-62.4965,-62.4965,0
532.5,-62.4948,-62.4948,0
532.75,-62.4931,-62.4931,0
533,-62.4914,-62.4914,0
533.25,-62.4897,-62.4897,0
533.5,-62.488,-62.488,0
533.75,-62.4863,-62.4863,0
534,-62.4847,-62.4847,0
534.25,-62.483,-62.483,0
534.5,-62.4813,-62.4813,0
534.75,-62.4796,-62.4796,0
535,-62.4779,-62.4779,0
535.25,-62.4762,-62.4762,0
535.5,-62.4745,-62.4745,0
535.75,-62.4728,-62.4728,0
536,-62.4711,-62.4711,0
536.25,-62.4694,-62.4694,0
536.5,-62.4677,-62.4677,0
536.75,-62.466,-62.466,0
537,-62.4643,-62.4643,0
537.25,-62.4626,-62.4626,0
537.5,-62.4609,-62.4609,0
537.75,-62.4592,-62.4592,0
538,-62.4575,-62.4575,0
538.25,-62.4558,-62.4558,0
538.5,-62.4541,-62.4541,0
538.75,-62.4524,-62.4524,0
539,-62.4507,-62.4507,0
539.25,-62.449,-62.449,0
539.5,-62.4473,-62.4473,0
539.75,-62.4456,-62.4456,0
540,-62.4439,-62.4439,0
540.25,-62.4422,-62.4422,0
540.5,-62.4405,-62.4405,0
540.75,-62.4388,-62.4388,0
541,-62.4371,-62.4371,0
541.25,-62.4354,-62.4354,0
541.5,-62.4337,-62.4337,0
541.75,-62.432,-62.432,0
542,-62.4303,-62.4303,0
542.25,-62.4286,-62.4286,0
542.5,-62.4269,-62.4269,0
542.75,-62.4252,-62.4252,0
543,-62.4235,-62.4235,0
543.25,-62.4218,-62.4218,0
543.5,-62.4201,-62.4201,0
543.75,-62.4184,-62.4184,0
544,-62.4167,-62.4167,0
544.25,-62.415,-62.415,0
544.5,-62.4133,-62.4133,0
544.75,-62.4116,-62.4116,0
545,-62.4099,-62.4099,0
545.25,-62.4082,-62.4082,0
545.5,-62.4065,-62.4065,0
545.75,-62.4048,-62.4048,0
546,-62.4031,-62.4031,0
546.25,-62.4014,-62.4014,0
546.5,-62.3997,-62.3997,0
546.75,-62.398,-62.398,0
547,-62.3963,-62.3963,0
547.25,-62.3946,-62.3946,0
547.5,-62.3929,-62.3929,0
547.75,-62.3912,-62.3912,0
548,-62.3895,-62.3895,0
548.25,-62.3878,-62.3878,0
548.5,-62.3861,-62.3861,0
548.75,-62.3844,-62.3844,0
549,-62.3827,-62.3827,0
549.25,-62.3809,-62.3809,0
549.5,-62.3792,-62.3792,0
549.75,-62.3775,-62.3775,0
550,-62.3758,-62.3758,0
550.25,-62.3741,-62.3741,0
550.5,-62.3724,-62.3724,0
550.75,-62.3707,-62.3707,0
551,-62.369,-62.369,0
551.25,-62.3673,-62.3673,0
551.5,-62.3656,-62.3656,0
551.75,-62.3639,-62.3639,0
552,-62.3622,-62.3622,0
552.25,-62.3605,-62.3605,0
552.5,-62.3588,-62.3588,0
552.75,-62.3571,-62.3571,0
553,-62.3554,-62.3554,0
553.25,-62.3536,-62.3536,0
553.5,-62.3519,-62.3519,0
553.75,-62.3502,-62.3502,0
554,-62.3485,-62.3485,0
554.25,-62.3468,-62.3468,0
554.5,-62.3451,-62.3451,0
554.75,-62.3434,-62.3434,0
555,-62.3417,-62.3417,0
555.25,-62.34,-62.34,0
555.5,-62.3383,-62.3383,0
555.75,-62.3366,-62.3366,0
556,-62.3348,-62.3348,0
556.25,-62.3331,-62.3331,0
556.5,-62.3314,-62.3314,0
556.75,-62.3297,-62.3297,0
557,-62.328,-62.328,0
557.25,-62.3263,-62.3263,0
557.5,-62.3246,-62.3246,0
557.75,-62.3229,-62.3229,0
558,-62.3212,-62.3212,0
558.25,-62.3195,-62.3195,0
558.5,-62.3177,-62.3177,0
558.75,-62.316,-62.316,0
559,-62.3143,-62.3143,0
559.25,-62.3126,-62.3126,0
559.5,-62.3109,-62.3109,0
559.75,-62.3092,-62.3092,0
560,-62.3075,-62.3075,0
560.25,-62.3058,-62.3058,0
560.5,-62.304,-62.304,0
560.75,-62.3023,-62.3023,0
561,-62.3006,-62.3006,0
561.25,-62.2989,-62.2989,0
561.5,-62.2972,-62.2972,0
561.75,-62.2955,-62.2955,0
562,-62.2938,-62.2938,0
562.25,-62.292,-62.292,0
562.5,-62.2903,-62.2903,0
562.75,-62.2886,-62.2886,0
563,-62.2869,-62.2869,0
563.25,-62.2852,-62.2852,0
563.5,-62.2835,-62.2835,0
563.75,-62.2818,-62.2818,0
564,-62.28,-62.28,0
564.25,-62.2783,-62.2783,0
564.5,-62.2766,-62.2766,0
564.75,-62.2749,-62.2749,0
565,-62.2732,-62.2732,0
565.25,-62.2715,-62.2715,0
565.5,-62.2698,-62.2698,0
565.75,-62.268,-62.268,0
566,-62.2663,-62.2663,0
566.25,-62.2646,-62.2646,0
566.5,-62.2629,-62.2629,0
566.75,-62.2612,-62.2612,0
567,-62.2595,-62.2595,0
567.25,-62.2577,-62.2577,0
567.5,-62.256,-62.256,0
567.75,-62.2543,-62.2543,0
568,-62.2526,-62.2526,0
568.25,-62.2509,-62.2509,0
568.5,-62.2491,-62.2491,0
568.75,-62.2474,-62.2474,0
569,-62.2457,-62.2457,0
569.25,-62.244,-62.244,0
569.5,-62.2423,-62.2423,0
569.75,-62.2405,-62.2405,0
570,-62.2388,-62.2388,0
570.25,-62.2371,-62.2371,0
570.5,-62.2354,-62.2354,0
570.75,-62.2337,-62.2337,0
571,-62.2319,-62.2319,0
571.25,-62.2302,-62.2302,0
571.5,-62.2285,-62.2285,0
571.75,-62.2268,-62.2268,0
572,-62.2251,-62.2251,0
572.25,-62.2233,-62.2233,0
572.5,-62.2216,-62.2216,0
572.75,-62.2199,-62.2199,0
573,-62.2182,-62.2182,0
573.25,-62.2165,-62.2165,0
573.5,-62.2147,-62.2147,0
573.75,-62.213,-62.213,0
574,-62.2113,-62.2113,0
574.25,-62.2096,-62.2096,0
574.5,-62.2078,-62.2078,0
574.75,-62.2061,-62.2061,0
575,-62.2044,-62.2044,0
575.25,-62.2027,-62.2027,0
575.5,-62.201,-62.201,0
575.75,-62.1992,-62.1992,0
576,-62.1975,-62.1975,0
576.25,-62.1958,-62.1958,0
576.5,-62.1941,-62.1941,0
576.75,-62.1923,-62.1923,0
577,-62.1906,-62.1906,0
577.25,-62.1889,-62.1889,0
577.5,-62.1872,-62.1872,0
577.75,-62.1854,-62.1854,0
578,-62.1837,-62.1837,0
578.25,-62.182,-62.182,0
578.5,-62.1803,-62.1803,0
578.75,-62.1785,-62.1785,0
579,-62.1768,-62.1768,0
579.25,-62.1751,-62.1751,0
579.5,-62.1733,-62.1733,0
579.75,-62.1716,-62.1716,0
580,-62.1699,-62.1699,0
580.25,-62.1682,-62.1682,0
580.5,-62.1664,-62.1664,0
580.75,-62.1647,-62.1647,0
581,-62.163,-62.163,0
581.25,-62.1613,-62.1613,0
581.5,-62.1595,-62.1595,0
581.75,-62.1578,-62.1578,0
582,-62.1561,-62.1561,0
582.25,-62.1543,-62.1543,0
582.5,-62.1526,-62.1526,0
582.75,-62.1509,-62.1509,0
583,-62.1492,-62.1492,0
583.25,-62.1474,-62.1474,0
583.5,-62.1457,-62.1457,0
583.75,-62.144,-62.144,0
584,-62.1422,-62.1422,0
584.25,-62.1405,-62.1405,0
584.5,-62.1388,-62.1388,0
584.75,-62.137,-62.137,0
585,-62.1353,-62.1353,0
585.25,-62.1336,-62.1336,0
585.5,-62.1318,-62.1318,0
585.75,-62.1301,-62.1301,0
586,-62.1284,-62.1284,0
586.25,-62.1267,-62.1267,0
586.5,-62.1249,-62.1249,0
586.75,-62.1232,-62.1232,0
587,-62.1215,-62.1215,0
587.25,-62.1197,-62.1197,0
587.5,-62.118,-62.118,0
587.75,-62.1163,-62.1163,0
588,-62.1145,-62.1145,0
588.25,-62.1128,-62.1128,0
588.5,-62.1111,-62.1111,0
588.75,-62.1093,-62.1093,0
589,-62.1076,-62.1076,0
589.25,-62.1059,-62.1059,0
589.5,-62.1041,-62.1041,0
589.75,-62.1024,-62.1024,0
590,-62.1007,-62.1007,0
590.25,-62.0989,-62.0989,0
590.5,-62.0972,-62.0972,0
590.75,-62.0954,-62.0954,0
591,-62.0937,-62.0937,0
591.25,-62.092,-62.092,0
591.5,-62.0902,-62.0902,0
591.75,-62.0885,-62.0885,0
592,-62.0868,-62.0868,0
592.25,-62.085,-62.085,0
592.5,-62.0833,-62.0833,0
592.75,-62.0816,-62.0816,0
593,-62.0798,-62.0798,0
593.25,-62.0781,-62.0781,0
593.5,-62.0763,-62.0763,0
593.75,-62.0746,-62.0746,0
594,-62.0729,-62.0729,0
594.25,-62.0711,-62.0711,0
594.5,-62.0694,-62.0694,0
594.75,-62.0677,-62.0677,0
595,-62.0659,-62.0659,0
595.25,-62.0642,-62.0642,0
595.5,-62.0624,-62.0624,0
595.75,-62.0607,-62.0607,0
596,-62.059,-62.059,0
596.25,-62.0572,-62.0572,0
596.5,-62.0555,-62.0555,0
596.75,-62.0537,-62.0537,0
597,-62.052,-62.052,0
597.25,-62.0503,-62.0503,0
597.5,-62.0485,-62.0485,0
597.75,-62.0468,-62.0468,0
598,-62.045,-62.045,0
598.25,-62.0433,-62.0433,0
598.5,-62.0416,-62.0416,0
598.75,-62.0398,-62.0398,0
599,-62.0381,-62.0381,0
599.25,-62.0363,-62.0363,0
599.5,-62.0346,-62.0346,0
599.75,-62.0328,-62.0328,0
600,-62.0311,-62.0311,0
600.25,-62.0294,-62.0294,0
600.5,-62.0276,-62.0276,0
600.75,-62.0259,-62.0259,0
601,-62.0241,-62.0241,0
601.25,-62.0224,-62.0224,0
601.5,-62.0206,-62.0206,0
601.75,-62.0189,-62.0189,0
602,-62.0171,-62.0171,0
602.25,-62.0154,-62.0154,0
602.5,-62.0137,-62.0137,0
602.75,-62.0119,-62.0119,0
603,-62.0102,-62.0102,0
603.25,-62.0084,-62.0084,0
603.5,-62.0067,-62.0067,0
603.75,-62.0049,-62.0049,0
604,-62.0032,-62.0032,0
604.25,-62.0014,-62.0014,0
604.5,-61.9997,-61.9997,0
604.75,-61.9979,-61.9979,0
605,-61.9962,-61.9962,0
605.25,-61.9944,-61.9944,0
605.5,-61.9927,-61.9927,0
605.75,-61.991,-61.991,0
606,-61.9892,-61.9892,0
606.25,-61.9875,-61.9875,0
606.5,-61.9857,-61.9857,0
606.75,-61.984,-61.984,0
607,-61.9822,-61.9822,0
607.25,-61.9805,-61.9805,0
607.5,-61.9787,-61.9787,0
607.75,-61.977,-61.977,0
608,-61.9752,-61.9752,0
608.25,-61.9735,-61.9735,0
608.5,-61.9717,-61.9717,0
608.75,-61.97,-61.97,0
609,-61.9682,-61.9682,0
609.25,-61.9665,-61.9665,0
609.5,-61.9647,-61.9647,0
609.75,-61.963,-61.963,0
610,-61.9612,-61.9612,0
610.25,-61.9595,-61.9595,0
610.5,-61.9577,-61.9577,0
610.75,-61.956,-61.956,0
611,-61.9542,-61.9542,0
611.25,-61.9525,-61.9525,0
611.5,-61.9507,-61.9507,0
611.75,-61.9489,-61.9489,0
612,-61.9472,-61.9472,0
612.25,-61.9454,-61.9454,0
612.5,-61.9437,-61.9437,0
612.75,-61.9419,-61.9419,0
613,-61.9402,-61.9402,0
613.25,-61.9384,-61.9384,0
613.5,-61.9367,-61.9367,0
613.75,-61.9349,-61.9349,0
614,-61.9332,-61.9332,0
614.25,-61.9314,-61.9314,0
614.5,-61.9296,-61.9296,0
614.75,-61.9279,-61.9279,0
615,-61.9261,-61.9261,0
615.25,-61.9244,-61.9244,0
615.5,-61.9226,-61.9226,0
615.75,-61.9209,-61.9209,0
616,-61.9191,-61.9191,0
616.25,-61.9174,-61.9174,0
616.5,-61.9156,-61.9156,0
616.75,-61.9138,-61.9138,0
617,-61.9121,-61.9121,0
617.25,-61.9103,-61.9103,0
617.5,-61.9086,-61.9086,0
617.75,-61.9068,-61.9068,0
618,-61.9051,-61.9051,0
618.25,-61.9033,-61.9033,0
618.5,-61.9015,-61.9015,0
618.75,-61.8998,-61.8998,0
619,-61.898,-61.898,0
619.25,-61.8963,-61.8963,0
619.5,-61.8945,-61.8945,0
619.75,-61.8927,-61.8927,0
620,-61.891,-61.891,0
620.25,-61.8892,-61.8892,0
620.5,-61.8875,-61.8875,0
620.75,-61.8857,-61.8857,0
621,-61.8839,-61.8839,0
621.25,-61.8822,-61.8822,0
621.5,-61.8804,-61.8804,0
621.75,-61.8787,-61.8787,0
622,-61.8769,-61.8769,0
622.25,-61.8751,-61.8751,0
622.5,-61.8734,-61.8734,0
622.75,-61.8716,-61.8716,0
623,-61.8698,-61.8698,0
623.25,-61.8681,-61.8681,0
623.5,-61.8663,-61.8663,0
623.75,-61.8646,-61.8646,0
624,-61.8628,-61.8628,0
624.25,-61.861,-61.861,0
624.5,-61.8593,-61.8593,0
624.75,-61.8575,-61.8575,0
625,-61.8557,-61.8557,0
625.25,-61.854,-61.854,0
625.5,-61.8522,-61.8522,0
625.75,-61.8504,-61.8504,0
626,-61.8487,-61.8487,0
626.25,-61.8469,-61.8469,0
626.5,-61.8451,-61.8451,0
626.75,-61.8434,-61.8434,0
627,-61.8416,-61.8416,0
627.25,-61.8398,-61.8398,0
627.5,-61.8381,-61.8381,0
627.75,-61.8363,-61.8363,0
628,-61.8345,-61.8345,0
628.25,-61.8328,-61.8328,0
628.5,-61.831,-61.831,0
628.75,-61.8292,-61.8292,0
629,-61.8275,-61.8275,0
629.25,-61.8257,-61.8257,0
629.5,-61.8239,-61.8239,0
629.75,-61.8222,-61.8222,0
630,-61.8204,-61.8204,0
630.25,-61.8186,-61.8186,0
630.5,-61.8169,-61.8169,0
630.75,-61.8151,-61.8151,0
631,-61.8133,-61.8133,0
631.25,-61.8115,-61.8115,0
631.5,-61.8098,-61.8098,0
631.75,-61.808,-61.808,0
632,-61.8062,-61.8062,0
632.25,-61.8045,-61.8045,0
632.5,-61.8027,-61.8027,0
632.75,-61.8009,-61.8009,0
633,-61.7992,-61.7992,0
633.25,-61.7974,-61.7974,0
633.5,-61.7956,-61.7956,0
633.75,-61.7938,-61.7938,0
634,-61.7921,-61.7921,0
634.25,-61.7903,-61.7903,0
634.5,-61.7885,-61.7885,0
634.75,-61.7867,-61.7867,0
635,-61.785,-61.785,0
635.25,-61.7832,-61.7832,0
635.5,-61.7814,-61.7814,0
635.75,-61.7796,-61.7796,0
636,-61.7779,-61.7779,0
636.25,-61.7761,-61.7761,0
636.5,-61.7743,-61.7743,0
636.75,-61.7725,-61.7725,0
637,-61.7708,-61.7708,0
637.25,-61.769,-61.769,0
637.5,-61.7672,-61.7672,0
637.75,-61.7654,-61.7654,0
638,-61.7637,-61.7637,0
638.25,-61.7619,-61.7619,0
638.5,-61.7601,-61.7601,0
638.75,-61.7583,-61.7583,0
639,-61.7566,-61.7566,0
639.25,-61.7548,-61.7548,0
639.5,-61.753,-61.753,0
639.75,-61.7512,-61.7512,0
640,-61.7494,-61.7494,0
640.25,-61.7477,-61.7477,0
640.5,-61.7459,-61.7459,0
640.75,-61.7441,-61.7441,0
641,-61.7423,-61.7423,0
641.25,-61.7405,-61.7405,0
641.5,-61.7388,-61.7388,0
641.75,-61.737,-61.737,0
642,-61.7352,-61.7352,0
642.25,-61.7334,-61.7334,0
642.5,-61.7316,-61.7316,0
642.75,-61.7299,-61.7299,0
643,-61.7281,-61.7281,0
643.25,-61.7263,-61.7263,0
643.5,-61.7245,-61.7245,0
643.75,-61.7227,-61.7227,0
644,-61.721,-61.721,0
644.25,-61.7192,-61.7192,0
644.5,-61.7174,-61.7174,0
644.75,-61.7156,-61.7156,0
645,-61.7138,-61.7138,0
645.25,-61.712,-61.712,0
645.5,-61.7103,-61.7103,0
645.75,-61.7085,-61.7085,0
646,-61.7067,-61.7067,0
646.25,-61.7049,-61.7049,0
646.5,-61.7031,-61.7031,0
646.75,-61.7013,-61.7013,0
647,-61.6996,-61.6996,0
647.25,-61.6978,-61.6978,0
647.5,-61.696,-61.696,0
647.75,-61.6942,-61.6942,0
648,-61.6924,-61.6924,0
648.25,-61.6906,-61.6906,0
648.5,-61.6888,-61.6888,0
648.75,-61.687,-61.687,0
649,-61.6853,-61.6853,0
649.25,-61.6835,-61.6835,0
649.5,-61.6817,-61.6817,0
649.75,-61.6799,-61.6799,0
650,-61.6781,-61.6781,0
650.25,-61.6763,-61.6763,0
650.5,-61.6745,-61.6745,0
650.75,-61.6727,-61.6727,0
651,-61.671,-61.671,0
651.25,-61.6692,-61.6692,0
651.5,-61.6674,-61.6674,0
651.75,-61.6656,-61.6656,0
652,-61.6638,-61.6638,0
652.25,-61.662,-61.662,0
652.5,-61.6602,-61.6602,0
652.75,-61.6584,-61.6584,0
653,-61.6566,-61.6566,0
653.25,-61.6548,-61.6548,0
653.5,-61.6531,-61.6531,0
653.75,-61.6513,-61.6513,0
654,-61.6495,-61.6495,0
654.25,-61.6477,-61.6477,0
654.5,-61.6459,-61.6459,0
654.75,-61.6441,-61.6441,0
655,-61.6423,-61.6423,0
655.25,-61.6405,-61.6405,0
655.5,-61.6387,-61.6387,0
655.75,-61.6369,-61.6369,0
656,-61.6351,-61.6351,0
656.25,-61.6333,-61.6333,0
656.5,-61.6315,-61.6315,0
656.75,-61.6297,-61.6297,0
657,-61.6279,-61.6279,0
657.25,-61.6261,-61.6261,0
657.5,-61.6244,-61.6244,0
657.75,-61.6226,-61.6226,0
658,-61.6208,-61.6208,0
658.25,-61.619,-61.619,0
658.5,-61.6172,-61.6172,0
658.75,-61.6154,-61.6154,0
659,-61.6136,-61.6136,0
659.25,-61.6118,-61.6118,0
659.5,-61.61,-61.61,0
659.75,-61.6082,-61.6082,0
660,-61.6064,-61.6064,0
660.25,-61.6046,-61.6046,0
660.5,-61.6028,-61.6028,0
660.75,-61.601,-61.601,0
661,-61.5992,-61.5992,0
661.25,-61.5974,-61.5974,0
661.5,-61.5956,-61.5956,0
661.75,-61.5938,-61.5938,0
662,-61.592,-61.592,0
662.25,-61.5902,-61.5902,0
662.5,-61.5884,-61.5884,0
662.75,-61.5866,-61.5866,0
663,-61.5848,-61.5848,0
663.25,-61.583,-61.583,0
663.5,-61.5812,-61.5812,0
663.75,-61.5794,-61.5794,0
664,-61.5776,-61.5776,0
664.25,-61.5758,-61.5758,0
664.5,-61.574,-61.574,0
664.75,-61.5722,-61.5722,0
665,-61.5704,-61.5704,0
665.25,-61.5686,-61.5686,0
665.5,-61.5668,-61.5668,0
665.75,-61.565,-61.565,0
666,-61.5631,-61.5631,0
666.25,-61.5613,-61.5613,0
666.5,-61.5595,-61.5595,0
666.75,-61.5577,-61.5577,0
667,-61.5559,-61.5559,0
667.25,-61.5541,-61.5541,0
667.5,-61.5523,-61.5523,0
667.75,-61.5505,-61.5505,0
668,-61.5487,-61.5487,0
668.25,-61.5469,-61.5469,0
668.5,-61.5451,-61.5451,0
668.75,-61.5433,-61.5433,0
669,-61.5415,-61.5415,0
669.25,-61.5397,-61.5397,0
669.5,-61.5379,-61.5379,0
669.75,-61.536,-61.536,0
670,-61.5342,-61.5342,0
670.25,-61.5324,-61.5324,0
670.5,-61.5306,-61.5306,0
670.75,-61.5288,-61.5288,0
671,-61.527,-61.527,0
671.25,-61.5252,-61.5252,0
671.5,-61.5234,-61.5234,0
671.75,-61.5216,-61.5216,0
672,-61.5198,-61.5198,0
672.25,-61.518,-61.518,0
672.5,-61.5161,-61.5161,0
672.75,-61.5143,-61.5143,0
673,-61.5125,-61.5125,0
673.25,-61.5107,-61.5107,0
673.5,-61.5089,-61.5089,0
673.75,-61.5071,-61.5071,0
674,-61.5053,-61.5053,0
674.25,-61.5035,-61.5035,0
674.5,-61.5016,-61.5016,0
674.75,-61.4998,-61.4998,0
675,-61.498,-61.498,0
675.25,-61.4962,-61.4962,0
675.5,-61.4944,-61.4944,0
675.75,-61.4926,-61.4926,0
676,-61.4908,-61.4908,0
676.25,-61.4889,-61.4889,0
676.5,-61.4871,-61.4871,0
676.75,-61.4853,-61.4853,0
677,-61.4835,-61.4835,0
677.25,-61.4817,-61.4817,0
677.5,-61.4799,-61.4799,0
677.75,-61.478,-61.478,0
678,-61.4762,-61.4762,0
678.25,-61.4744,-61.4744,0
678.5,-61.4726,-61.4726,0
678.75,-61.4708,-61.4708,0
679,-61.469,-61.469,0
679.25,-61.4671,-61.4671,0
679.5,-61.4653,-61.4653,0
679.75,-61.4635,-61.4635,0
680,-61.4617,-61.4617,0
680.25,-61.4599,-61.4599,0
680.5,-61.458,-61.458,0
680.75,-61.4562,-61.4562,0
681,-61.4544,-61.4544,0
681.25,-61.4526,-61.4526,0
681.5,-61.4508,-61.4508,0
681.75,-61.4489,-61.4489,0
682,-61.4471,-61.4471,0
682.25,-61.4453,-61.4453,0
682.5,-61.4435,-61.4435,0
682.75,-61.4416,-61.4416,0
683,-61.4398,-61.4398,0
683.25,-61.438,-61.438,0
683.5,-61.4362,-61.4362,0
683.75,-61.4343,-61.4343,0
684,-61.4325,-61.4325,0
684.25,-61.4307,-61.4307,0
684.5,-61.4289,-61.4289,0
684.75,-61.4271,-61.4271,0
685,-61.4252,-61.4252,0
685.25,-61.4234,-61.4234,0
685.5,-61.4216,-61.4216,0
685.75,-61.4198,-61.4198,0
686,-61.4179,-61.4179,0
686.25,-61.4161,-61.4161,0
686.5,-61.4143,-61.4143,0
686.75,-61.4124,-61.4124,0
687,-61.4106,-61.4106,0
687.25,-61.4088,-61.4088,0
687.5,-61.407,-61.407,0
687.75,-61.4051,-61.4051,0
688,-61.4033,-61.4033,0
688.25,-61.4015,-61.4015,0
688.5,-61.3996,-61.3996,0
688.75,-61.3978,-61.3978,0
689,-61.396,-61.396,0
689.25,-61.3942,-61.3942,0
689.5,-61.3923,-61.3923,0
689.75,-61.3905,-61.3905,0
690,-61.3887,-61.3887,0
690.25,-61.3868,-61.3868,0
690.5,-61.385,-61.385,0
690.75,-61.3832,-61.3832,0
691,-61.3813,-61.3813,0
691.25,-61.3795,-61.3795,0
691.5,-61.3777,-61.3777,0
691.75,-61.3758,-61.3758,0
692,-61.374,-61.374,0
692.25,-61.3722,-61.3722,0
692.5,-61.3703,-61.3703,0
692.75,-61.3685,-61.3685,0
693,-61.3667,-61.3667,0
693.25,-61.3648,-61.3648,0
693.5,-61.363,-61.363,0
693.75,-61.3612,-61.3612,0
694,-61.3593,-61.3593,0
694.25,-61.3575,-61.3575,0
694.5,-61.3557,-61.3557,0
694.75,-61.3538,-61.3538,0
695,-61.352,-61.352,0
695.25,-61.3502,-61.3502,0
695.5,-61.3483,-61.3483,0
695.75,-61.3465,-61.3465,0
696,-61.3446,-61.3446,0
696.25,-61.3428,-61.3428,0
696.5,-61.341,-61.341,0
696.75,-61.3391,-61.3391,0
697,-61.3373,-61.3373,0
697.25,-61.3355,-61.3355,0
697.5,-61.3336,-61.3336,0
697.75,-61.3318,-61.3318,0
698,-61.3299,-61.3299,0
698.25,-61.3281,-61.3281,0
698.5,-61.3263,-61.3263,0
698.75,-61.3244,-61.3244,0
699,-61.3226,-61.3226,0
699.25,-61.3207,-61.3207,0
699.5,-61.3189,-61.3189,0
699.75,-61.317,-61.317,0
700,-61.3152,-61.3152,0
700.25,-61.3134,-61.3134,0
700.5,-61.3115,-61.3115,0
700.75,-61.3097,-61.3097,0
701,-61.3078,-61.3078,0
701.25,-61.306,-61.306,0
701.5,-61.3041,-61.3041,0
701.75,-61.3023,-61.3023,0
702,-61.3005,-61.3005,0
702.25,-61.2986,-61.2986,0
702.5,-61.2968,-61.2968,0
702.75,-61.2949,-61.2949,0
703,-61.2931,-61.2931,0
703.25,-61.2912,-61.2912,0
703.5,-61.2894,-61.2894,0
703.75,-61.2875,-61.2875,0
704,-61.2857,-61.2857,0
704.25,-61.2838,-61.2838,0
704.5,-61.282,-61.282,0
704.75,-61.2801,-61.2801,0
705,-61.2783,-61.2783,0
705.25,-61.2764,-61.2764,0
705.5,-61.2746,-61.2746,0
705.75,-61.2727,-61.2727,0
706,-61.2709,-61.2709,0
706.25,-61.269,-61.269,0
706.5,-61.2672,-61.2672,0
706.75,-61.2653,-61.2653,0
707,-61.2635,-61.2635,0
707.25,-61.2616,-61.2616,0
707.5,-61.2598,-61.2598,0
707.75,-61.2579,-61.2579,0
708,-61.2561,-61.2561,0
708.25,-61.2542,-61.2542,0
708.5,-61.2524,-61.2524,0
708.75,-61.2505,-61.2505,0
709,-61.2487,-61.2487,0
709.25,-61.2468,-61.2468,0
709.5,-61.245,-61.245,0
709.75,-61.2431,-61.2431,0
710,-61.2413,-61.2413,0
710.25,-61.2394,-61.2394,0
710.5,-61.2376,-61.2376,0
710.75,-61.2357,-61.2357,0
711,-61.2338,-61.2338,0
711.25,-61.232,-61.232,0
711.5,-61.2301,-61.2301,0
711.75,-61.2283,-61.2283,0
712,-61.2264,-61.2264,0
712.25,-61.2246,-61.2246,0
712.5,-61.2227,-61.2227,0
712.75,-61.2208,-61.2208,0
713,-61.219,-61.219,0
713.25,-61.2171,-61.2171,0
713.5,-61.2153,-61.2153,0
713.75,-61.2134,-61.2134,0
714,-61.2116,-61.2116,0
714.25,-61.2097,-61.2097,0
714.5,-61.2078,-61.2078,0
714.75,-61.206,-61.206,0
715,-61.2041,-61.2041,0
715.25,-61.2023,-61.2023,0
715.5,-61.2004,-61.2004,0
715.75,-61.1985,-61.1985,0
716,-61.1967,-61.1967,0
716.25,-61.1948,-61.1948,0
716.5,-61.1929,-61.1929,0
716.75,-61.1911,-61.1911,0
717,-61.1892,-61.1892,0
717.25,-61.1874,-61.1874,0
717.5,-61.1855,-61.1855,0
717.75,-61.1836,-61.1836,0
718,-61.1818,-61.1818,0
718.25,-61.1799,-61.1799,0
718.5,-61.178,-61.178,0
718.75,-61.1762,-61.1762,0
719,-61.1743,-61.1743,0
719.25,-61.1724,-61.1724,0
719.5,-61.1706,-61.1706,0
719.75,-61.1687,-61.1687,0
720,-61.1668,-61.1668,0
720.25,-61.165,-61.165,0
720.5,-61.1631,-61.1631,0
720.75,-61.1612,-61.1612,0
721,-61.1594,-61.1594,0
721.25,-61.1575,-61.1575,0
721.5,-61.1556,-61.1556,0
721.75,-61.1538,-61.1538,0
722,-61.1519,-61.1519,0
722.25,-61.15,-61.15,0
722.5,-61.1481,-61.1481,0
722.75,-61.1463,-61.1463,0
723,-61.1444,-61.1444,0
723.25,-61.1425,-61.1425,0
723.5,-61.1407,-61.1407,0
723.75,-61.1388,-61.1388,0
724,-61.1369,-61.1369,0
724.25,-61.135,-61.135,0
724.5,-61.1332,-61.1332,0
724.75,-61.1313,-61.1313,0
725,-61.1294,-61.1294,0
725.25,-61.1276,-61.1276,0
725.5,-61.1257,-61.1257,0
725.75,-61.1238,-61.1238,0
726,-61.1219,-61.1219,0
726.25,-61.1201,-61.1201,0
726.5,-61.1182,-61.1182,0
726.75,-61.1163,-61.1163,0
727,-61.1144,-61.1144,0
727.25,-61.1126,-61.1126,0
727.5,-61.1107,-61.1107,0
727.75,-61.1088,-61.1088,0
728,-61.1069,-61.1069,0
728.25,-61.105,-61.105,0
728.5,-61.1032,-61.1032,0
728.75,-61.1013,-61.1013,0
729,-61.0994,-61.0994,0
729.25,-61.0975,-61.0975,0
729.5,-61.0957,-61.0957,0
729.75,-61.0938,-61.0938,0
730,-61.0919,-61.0919,0
730.25,-61.09,-61.09,0
730.5,-61.0881,-61.0881,0
730.75,-61.0863,-61.0863,0
731,-61.0844,-61.0844,0
731.25,-61.0825,-61.0825,0
731.5,-61.0806,-61.0806,0
731.75,-61.0787,-61.0787,0
732,-61.0768,-61.0768,0
732.25,-61.075,-61.075,0
732.5,-61.0731,-61.0731,0
732.75,-61.0712,-61.0712,0
733,-61.0693,-61.0693,0
733.25,-61.0674,-61.0674,0
733.5,-61.0655,-61.0655,0
733.75,-61.0637,-61.0637,0
734,-61.0618,-61.0618,0
734.25,-61.0599,-61.0599,0
734.5,-61.058,-61.058,0
734.75,-61.0561,-61.0561,0
735,-61.0542,-61.0542,0
735.25,-61.0523,-61.0523,0
735.5,-61.0505,-61.0505,0
735.75,-61.0486,-61.0486,0
736,-61.0467,-61.0467,0
736.25,-61.0448,-61.0448,0
736.5,-61.0429,-61.0429,0
736.75,-61.041,-61.041,0
737,-61.0391,-61.0391,0
737.25,-61.0372,-61.0372,0
737.5,-61.0353,-61.0353,0
737.75,-61.0335,-61.0335,0
738,-61.0316,-61.0316,0
738.25,-61.0297,-61.0297,0
738.5,-61.0278,-61.0278,0
738.75,-61.0259,-61.0259,0
739,-61.024,-61.024,0
739.25,-61.0221,-61.0221,0
739.5,-61.0202,-61.0202,0
739.75,-61.0183,-61.0183,0
740,-61.0164,-61.0164,0
740.25,-61.0145,-61.0145,0
740.5,-61.0126,-61.0126,0
740.75,-61.0107,-61.0107,0
741,-61.0088,-61.0088,0
741.25,-61.0069,-61.0069,0
741.5,-61.0051,-61.0051,0
741.75,-61.0032,-61.0032,0
742,-61.0013,-61.0013,0
742.25,-60.9994,-60.9994,0
742.5,-60.9975,-60.9975,0
742.75,-60.9956,-60.9956,0
743,-60.9937,-60.9937,0
743.25,-60.9918,-60.9918,0
743.5,-60.9899,-60.9899,0
743.75,-60.988,-60.988,0
744,-60.9861,-60.9861,0
744.25,-60.9842,-60.9842,0
744.5,-60.9823,-60.9823,0
744.75,-60.9804,-60.9804,0
745,-60.9785,-60.9785,0
745.25,-60.9766,-60.9766,0
745.5,-60.9747,-60.9747,0
745.75,-60.9728,-60.9728,0
746,-60.9709,-60.9709,0
746.25,-60.969,-60.969,0
746.5,-60.9671,-60.9671,0
746.75,-60.9652,-60.9652,0
747,-60.9633,-60.9633,0
747.25,-60.9614,-60.9614,0
747.5,-60.9595,-60.9595,0
747.75,-60.9576,-60.9576,0
748,-60.9556,-60.9556,0
748.25,-60.9537,-60.9537,0
748.5,-60.9518,-60.9518,0
748.75,-60.9499,-60.9499,0
749,-60.948,-60.948,0
749.25,-60.9461,-60.9461,0
749.5,-60.9442,-60.9442,0
749.75,-60.9423,-60.9423,0
750,-60.9404,-60.9404,0
750.25,-60.9385,-60.9385,0
750.5,-60.9366,-60.9366,0
750.75,-60.9347,-60.9347,0
751,-60.9328,-60.9328,0
751.25,-60.9309,-60.9309,0
751.5,-60.9289,-60.9289,0
751.75,-60.927,-60.927,0
752,-60.9251,-60.9251,0
752.25,-60.9232,-60.9232,0
752.5,-60.9213,-60.9213,0
752.75,-60.9194,-60.9194,0
753,-60.9175,-60.9175,0
753.25,-60.9156,-60.9156,0
753.5,-60.9137,-60.9137,0
753.75,-60.9117,-60.9117,0
754,-60.9098,-60.9098,0
754.25,-60.9079,-60.9079,0
754.5,-60.906,-60.906,0
754.75,-60.9041,-60.9041,0
755,-60.9022,-60.9022,0
755.25,-60.9003,-60.9003,0
755.5,-60.8983,-60.8983,0
755.75,-60.8964,-60.8964,0
756,-60.8945,-60.8945,0
756.25,-60.8926,-60.8926,0
756.5,-60.8907,-60.8907,0
756.75,-60.8888,-60.8888,0
757,-60.8868,-60.8868,0
757.25,-60.8849,-60.8849,0
757.5,-60.883,-60.883,0
757.75,-60.8811,-60.8811,0
758,-60.8792,-60.8792,0
758.25,-60.8773,-60.8773,0
758.5,-60.8753,-60.8753,0
758.75,-60.8734,-60.8734,0
759,-60.8715,-60.8715,0
759.25,-60.8696,-60.8696,0
759.5,-60.8676,-60.8676,0
759.75,-60.8657,-60.8657,0
760,-60.8638,-60.8638,0
760.25,-60.8619,-60.8619,0
760.5,-60.86,-60.86,0
760.75,-60.858,-60.858,0
761,-60.8561,-60.8561,0
761.25,-60.8542,-60.8542,0
761.5,-60.8523,-60.8523,0
761.75,-60.8503,-60.8503,0
762,-60.8484,-60.8484,0
762.25,-60.8465,-60.8465,0
762.5,-60.8446,-60.8446,0
762.75,-60.8426,-60.8426,0
763,-60.8407,-60.8407,0
763.25,-60.8388,-60.8388,0
763.5,-60.8369,-60.8369,0
763.75,-60.8349,-60.8349,0
764,-60.833,-60.833,0
764.25,-60.8311,-60.8311,0
764.5,-60.8291,-60.8291,0
764.75,-60.8272,-60.8272,0
765,-60.8253,-60.8253,0
765.25,-60.8234,-60.8234,0
765.5,-60.8214,-60.8214,0
765.75,-60.8195,-60.8195,0
766,-60.8176,-60.8176,0
766.25,-60.8156,-60.8156,0
766.5,-60.8137,-60.8137,0
766.75,-60.8118,-60.8118,0
767,-60.8098,-60.8098,0
767.25,-60.8079,-60.8079,0
767.5,-60.806,-60.806,0
767.75,-60.804,-60.804,0
768,-60.8021,-60.8021,0
768.25,-60.8002,-60.8002,0
768.5,-60.7982,-60.7982,0
768.75,-60.7963,-60.7963,0
769,-60.7944,-60.7944,0
769.25,-60.7924,-60.7924,0
769.5,-60.7905,-60.7905,0
769.75,-60.7886,-60.7886,0
770,-60.7866,-60.7866,0
770.25,-60.7847,-60.7847,0
770.5,-60.7827,-60.7827,0
770.75,-60.7808,-60.7808,0
771,-60.7789,-60.7789,0
771.25,-60.7769,-60.7769,0
771.5,-60.775,-60.775,0
771.75,-60.773,-60.773,0
772,-60.7711,-60.7711,0
772.25,-60.7692,-60.7692,0
772.5,-60.7672,-60.7672,0
772.75,-60.7653,-60.7653,0
773,-60.7633,-60.7633,0
773.25,-60.7614,-60.7614,0
773.5,-60.7595,-60.7595,0
773.75,-60.7575,-60.7575,0
774,-60.7556,-60.7556,0
774.25,-60.7536,-60.7536,0
774.5,-60.7517,-60.7517,0
774.75,-60.7497,-60.7497,0
775,-60.7478,-60.7478,0
775.25,-60.7458,-60.7458,0
775.5,-60.7439,-60.7439,0
775.75,-60.742,-60.742,0
776,-60.74,-60.74,0
776.25,-60.7381,-60.7381,0
776.5,-60.7361,-60.7361,0
776.75,-60.7342,-60.7342,0
777,-60.7322,-60.7322,0
777.25,-60.7303,-60.7303,0
777.5,-60.7283,-60.7283,0
777.75,-60.7264,-60.7264,0
778,-60.7244,-60.7244,0
778.25,-60.7225,-60.7225,0
778.5,-60.7205,-60.7205,0
778.75,-60.7186,-60.7186,0
779,-60.7166,-60.7166,0
779.25,-60.7147,-60.7147,0
779.5,-60.7127,-60.7127,0
779.75,-60.7108,-60.7108,0
780,-60.7088,-60.7088,0
780.25,-60.7069,-60.7069,0
780.5,-60.7049,-60.7049,0
780.75,-60.7029,-60.7029,0
781,-60.701,-60.701,0
781.25,-60.699,-60.699,0
781.5,-60.6971,-60.6971,0
781.75,-60.6951,-60.6951,0
782,-60.6932,-60.6932,0
782.25,-60.6912,-60.6912,0
782.5,-60.6893,-60.6893,0
782.75,-60.6873,-60.6873,0
783,-60.6853,-60.6853,0
783.25,-60.6834,-60.6834,0
783.5,-60.6814,-60.6814,0
783.75,-60.6795,-60.6795,0
784,-60.6775,-60.6775,0
784.25,-60.6755,-60.6755,0
784.5,-60.6736,-60.6736,0
784.75,-60.6716,-60.6716,0
785,-60.6697,-60.6697,0
785.25,-60.6677,-60.6677,0
785.5,-60.6657,-60.6657,0
785.75,-60.6638,-60.6638,0
786,-60.6618,-60.6618,0
786.25,-60.6599,-60.6599,0
786.5,-60.6579,-60.6579,0
786.75,-60.6559,-60.6559,0
787,-60.654,-60.654,0
787.25,-60.652,-60.652,0
787.5,-60.65,-60.65,0
787.75,-60.6481,-60.6481,0
788,-60.6461,-60.6461,0
788.25,-60.6441,-60.6441,0
788.5,-60.6422,-60.6422,0
788.75,-60.6402,-60.6402,0
789,-60.6382,-60.6382,0
789.25,-60.6363,-60.6363,0
789.5,-60.6343,-60.6343,0
789.75,-60.6323,-60.6323,0
790,-60.6304,-60.6304,0
790.25,-60.6284,-60.6284,0
790.5,-60.6264,-60.6264,0
790.75,-60.6244,-60.6244,0
791,-60.6225,-60.6225,0
791.25,-60.6205,-60.6205,0
791.5,-60.6185,-60.6185,0
791.75,-60.6166,-60.6166,0
792,-60.6146,-60.6146,0
792.25,-60.6126,-60.6126,0
792.5,-60.6106,-60.6106,0
792.75,-60.6087,-60.6087,0
793,-60.6067,-60.6067,0
793.25,-60.6047,-60.6047,0
793.5,-60.6027,-60.6027,0
793.75,-60.6008,-60.6008,0
794,-60.5988,-60.5988,0
794.25,-60.5968,-60.5968,0
794.5,-60.5948,-60.5948,0
794.75,-60.5929,-60.5929,0
795,-60.5909,-60.5909,0
795.25,-60.5889,-60.5889,0
795.5,-60.5869,-60.5869,0
795.75,-60.5849,-60.5849,0
796,-60.583,-60.583,0
796.25,-60.581,-60.581,0
796.5,-60.579,-60.579,0
796.75,-60.577,-60.577,0
797,-60.575,-60.575,0
797.25,-60.5731,-60.5731,0
797.5,-60.5711,-60.5711,0
797.75,-60.5691,-60.5691,0
798,-60.5671,-60.5671,0
798.25,-60.5651,-60.5651,0
798.5,-60.5631,-60.5631,0
798.75,-60.5612,-60.5612,0
799,-60.5592,-60.5592,0
799.25,-60.5572,-60.5572,0
799.5,-60.5552,-60.5552,0
799.75,-60.5532,-60.5532,0
800,-60.5512,-60.5512,0
800.25,-60.5492,-60.5492,0
800.5,-60.5473,-60.5473,0
800.75,-60.5453,-60.5453,0
801,-60.5433,-60.5433,0
801.25,-60.5413,-60.5413,0
801.5,-60.5393,-60.5393,0
801.75,-60.5373,-60.5373,0
802,-60.5353,-60.5353,0
802.25,-60.5333,-60.5333,0
802.5,-60.5313,-60.5313,0
802.75,-60.5294,-60.5294,0
803,-60.5274,-60.5274,0
803.25,-60.5254,-60.5254,0
803.5,-60.5234,-60.5234,0
803.75,-60.5214,-60.5214,0
804,-60.5194,-60.5194,0
804.25,-60.5174,-60.5174,0
804.5,-60.5154,-60.5154,0
804.75,-60.5134,-60.5134,0
805,-60.5114,-60.5114,0
805.25,-60.5094,-60.5094,0
805.5,-60.5074,-60.5074,0
805.75,-60.5054,-60.5054,0
806,-60.5034,-60.5034,0
806.25,-60.5014,-60.5014,0
806.5,-60.4994,-60.4994,0
806.75,-60.4974,-60.4974,0
807,-60.4954,-60.4954,0
807.25,-60.4934,-60.4934,0
807.5,-60.4914,-60.4914,0
807.75,-60.4894,-60.4894,0
808,-60.4874,-60.4874,0
808.25,-60.4854,-60.4854,0
808.5,-60.4834,-60.4834,0
808.75,-60.4814,-60.4814,0
809,-60.4794,-60.4794,0
809.25,-60.4774,-60.4774,0
809.5,-60.4754,-60.4754,0
809.75,-60.4734,-60.4734,0
810,-60.4714,-60.4714,0
810.25,-60.4694,-60.4694,0
810.5,-60.4674,-60.4674,0
810.75,-60.4654,-60.4654,0
811,-60.4634,-60.4634,0
811.25,-60.4614,-60.4614,0
811.5,-60.4594,-60.4594,0
811.75,-60.4574,-60.4574,0
812,-60.4554,-60.4554,0
812.25,-60.4534,-60.4534,0
812.5,-60.4513,-60.4513,0
812.75,-60.4493,-60.4493,0
813,-60.4473,-60.4473,0
813.25,-60.4453,-60.4453,0
813.5,-60.4433,-60.4433,0
813.75,-60.4413,-60.4413,0
814,-60.4393,-60.4393,0
814.25,-60.4373,-60.4373,0
814.5,-60.4353,-60.4353,0
814.75,-60.4332,-60.4332,0
815,-60.4312,-60.4312,0
815.25,-60.4292,-60.4292,0
815.5,-60.4272,-60.4272,0
815.75,-60.4252,-60.4252,0
816,-60.4232,-60.4232,0
816.25,-60.4212,-60.4212,0
816.5,-60.4191,-60.4191,0
816.75,-60.4171,-60.4171,0
817,-60.4151,-60.4151,0
817.25,-60.4131,-60.4131,0
817.5,-60.4111,-60.4111,0
817.75,-60.409,-60.409,0
818,-60.407,-60.407,0
818.25,-60.405,-60.405,0
818.5,-60.403,-60.403,0
818.75,-60.401,-60.401,0
819,-60.3989,-60.3989,0
819.25,-60.3969,-60.3969,0
819.5,-60.3949,-60.3949,0
819.75,-60.3929,-60.3929,0
820,-60.3909,-60.3909,0
820.25,-60.3888,-60.3888,0
820.5,-60.3868,-60.3868,0
820.75,-60.3848,-60.3848,0
821,-60.3828,-60.3828,0
821.25,-60.3807,-60.3807,0
821.5,-60.3787,-60.3787,0
821.75,-60.3767,-60.3767,0
822,-60.3747,-60.3747,0
822.25,-60.3726,-60.3726,0
822.5,-60.3706,-60.3706,0
822.75,-60.3686,-60.3686,0
823,-60.3665,-60.3665,0
823.25,-60.3645,-60.3645,0
823.5,-60.3625,-60.3625,0
823.75,-60.3605,-60.3605,0
824,-60.3584,-60.3584,0
824.25,-60.3564,-60.3564,0
824.5,-60.3544,-60.3544,0
824.75,-60.3523,-60.3523,0
825,-60.3503,-60.3503,0
825.25,-60.3483,-60.3483,0
825.5,-60.3462,-60.3462,0
825.75,-60.3442,-60.3442,0
826,-60.3422,-60.3422,0
826.25,-60.3401,-60.3401,0
826.5,-60.3381,-60.3381,0
826.75,-60.3361,-60.3361,0
827,-60.334,-60.334,0
827.25,-60.332,-60.332,0
827.5,-60.3299,-60.3299,0
827.75,-60.3279,-60.3279,0
828,-60.3259,-60.3259,0
828.25,-60.3238,-60.3238,0
828.5,-60.3218,-60.3218,0
828.75,-60.3198,-60.3198,0
829,-60.3177,-60.3177,0
829.25,-60.3157,-60.3157,0
829.5,-60.3136,-60.3136,0
829.75,-60.3116,-60.3116,0
830,-60.3095,-60.3095,0
830.25,-60.3075,-60.3075,0
830.5,-60.3055,-60.3055,0
830.75,-60.3034,-60.3034,0
831,-60.3014,-60.3014,0
831.25,-60.2993,-60.2993,0
831.5,-60.2973,-60.2973,0
831.75,-60.2952,-60.2952,0
832,-60.2932,-60.2932,0
832.25,-60.2911,-60.2911,0
832.5,-60.2891,-60.2891,0
832.75,-60.287,-60.287,0
833,-60.285,-60.285,0
833.25,-60.2829,-60.2829,0
833.5,-60.2809,-60.2809,0
833.75,-60.2788,-60.2788,0
834,-60.2768,-60.2768,0
834.25,-60.2747,-60.2747,0
834.5,-60.2727,-60.2727,0
834.75,-60.2706,-60.2706,0
835,-60.2686,-60.2686,0
835.25,-60.2665,-60.2665,0
835.5,-60.2645,-60.2645,0
835.75,-60.2624,-60.2624,0
836,-60.2604,-60.2604,0
836.25,-60.2583,-60.2583,0
836.5,-60.2563,-60.2563,0
836.75,-60.2542,-60.2542,0
837,-60.2522,-60.2522,0
837.25,-60.2501,-60.2501,0
837.5,-60.248,-60.248,0
837.75,-60.246,-60.246,0
838,-60.2439,-60.2439,0
838.25,-60.2419,-60.2419,0
838.5,-60.2398,-60.2398,0
838.75,-60.2377,-60.2377,0
839,-60.2357,-60.2357,0
839.25,-60.2336,-60.2336,0
839.5,-60.2316,-60.2316,0
839.75,-60.2295,-60.2295,0
840,-60.2274,-60.2274,0
840.25,-60.2254,-60.2254,0
840.5,-60.2233,-60.2233,0
840.75,-60.2212,-60.2212,0
841,-60.2192,-60.2192,0
841.25,-60.2171,-60.2171,0
841.5,-60.215,-60.215,0
841.75,-60.213,-60.213,0
842,-60.2109,-60.2109,0
842.25,-60.2088,-60.2088,0
842.5,-60.2068,-60.2068,0
842.75,-60.2047,-60.2047,0
843,-60.2026,-60.2026,0
843.25,-60.2006,-60.2006,0
843.5,-60.1985,-60.1985,0
843.75,-60.1964,-60.1964,0
844,-60.1944,-60.1944,0
844.25,-60.1923,-60.1923,0
844.5,-60.1902,-60.1902,0
844.75,-60.1881,-60.1881,0
845,-60.1861,-60.1861,0
845.25,-60.184,-60.184,0
845.5,-60.1819,-60.1819,0
845.75,-60.1798,-60.1798,0
846,-60.1778,-60.1778,0
846.25,-60.1757,-60.1757,0
846.5,-60.1736,-60.1736,0
846.75,-60.1715,-60.1715,0
847,-60.1695,-60.1695,0
847.25,-60.1674,-60.1674,0
847.5,-60.1653,-60.1653,0
847.75,-60.1632,-60.1632,0
848,-60.1611,-60.1611,0
848.25,-60.1591,-60.1591,0
848.5,-60.157,-60.157,0
848.75,-60.1549,-60.1549,0
849,-60.1528,-60.1528,0
849.25,-60.1507,-60.1507,0
849.5,-60.1487,-60.1487,0
849.75,-60.1466,-60.1466,0
850,-60.1445,-60.1445,0
850.25,-60.1424,-60.1424,0
850.5,-60.1403,-60.1403,0
850.75,-60.1382,-60.1382,0
851,-60.1361,-60.1361,0
851.25,-60.1341,-60.1341,0
851.5,-60.132,-60.132,0
851.75,-60.1299,-60.1299,0
852,-60.1278,-60.1278,0
852.25,-60.1257,-60.1257,0
852.5,-60.1236,-60.1236,0
852.75,-60.1215,-60.1215,0
853,-60.1194,-60.1194,0
853.25,-60.1173,-60.1173,0
853.5,-60.1153,-60.1153,0
853.75,-60.1132,-60.1132,0
854,-60.1111,-60.1111,0
854.25,-60.109,-60.109,0
854.5,-60.1069,-60.1069,0
854.75,-60.1048,-60.1048,0
855,-60.1027,-60.1027,0
855.25,-60.1006,-60.1006,0
855.5,-60.0985,-60.0985,0
855.75,-60.0964,-60.0964,0
856,-60.0943,-60.0943,0
856.25,-60.0922,-60.0922,0
856.5,-60.0901,-60.0901,0
856.75,-60.088,-60.088,0
857,-60.0859,-60.0859,0
857.25,-60.0838,-60.0838,0
857.5,-60.0817,-60.0817,0
857.75,-60.0796,-60.0796,0
858,-60.0775,-60.0775,0
858.25,-60.0754,-60.0754,0
858.5,-60.0733,-60.0733,0
858.75,-60.0712,-60.0712,0
859,-60.0691,-60.0691,0
859.25,-60.067,-60.067,0
859.5,-60.0649,-60.0649,0
859.75,-60.0628,-60.0628,0
860,-60.0607,-60.0607,0
860.25,-60.0586,-60.0586,0
860.5,-60.0565,-60.0565,0
860.75,-60.0544,-60.0544,0
861,-60.0522,-60.0522,0
861.25,-60.0501,-60.0501,0
861.5,-60.048,-60.048,0
861.75,-60.0459,-60.0459,0
862,-60.0438,-60.0438,0
862.25,-60.0417,-60.0417,0
862.5,-60.0396,-60.0396,0
862.75,-60.0375,-60.0375,0
863,-60.0354,-60.0354,0
863.25,-60.0332,-60.0332,0
863.5,-60.0311,-60.0311,0
863.75,-60.029,-60.029,0
864,-60.0269,-60.0269,0
864.25,-60.0248,-60.0248,0
864.5,-60.0227,-60.0227,0
864.75,-60.0205,-60.0205,0
865,-60.0184,-60.0184,0
865.25,-60.0163,-60.0163,0
865.5,-60.0142,-60.0142,0
865.75,-60.0121,-60.0121,0
866,-60.01,-60.01,0
866.25,-60.0078,-60.0078,0
866.5,-60.0057,-60.0057,0
866.75,-60.0036,-60.0036,0
867,-60.0015,-60.0015,0
867.25,-59.9993,-59.9993,0
867.5,-59.9972,-59.9972,0
867.75,-59.9951,-59.9951,0
868,-59.993,-59.993,0
868.25,-59.9908,-59.9908,0
868.5,-59.9887,-59.9887,0
868.75,-59.9866,-59.9866,0
869,-59.9845,-59.9845,0
869.25,-59.9823,-59.9823,0
869.5,-59.9802,-59.9802,0
869.75,-59.9781,-59.9781,0
870,-59.9759,-59.9759,0
870.25,-59.9738,-59.9738,0
870.5,-59.9717,-59.9717,0
870.75,-59.9696,-59.9696,0
871,-59.9674,-59.9674,0
871.25,-59.9653,-59.9653,0
871.5,-59.9632,-59.9632,0
871.75,-59.961,-59.961,0
872,-59.9589,-59.9589,0
872.25,-59.9568,-59.9568,0
872.5,-59.9546,-59.9546,0
872.75,-59.9525,-59.9525,0
873,-59.9503,-59.9503,0
873.25,-59.9482,-59.9482,0
873.5,-59.9461,-59.9461,0
873.75,-59.9439,-59.9439,0
874,-59.9418,-59.9418,0
874.25,-59.9396,-59.9396,0
874.5,-59.9375,-59.9375,0
874.75,-59.9354,-59.9354,0
875,-59.9332,-59.9332,0
875.25,-59.9311,-59.9311,0
875.5,-59.9289,-59.9289,0
875.75,-59.9268,-59.9268,0
876,-59.9247,-59.9247,0
876.25,-59.9225,-59.9225,0
876.5,-59.9204,-59.9204,0
876.75,-59.9182,-59.9182,0
877,-59.9161,-59.9161,0
877.25,-59.9139,-59.9139,0
877.5,-59.9118,-59.9118,0
877.75,-59.9096,-59.9096,0
878,-59.9075,-59.9075,0
878.25,-59.9053,-59.9053,0
878.5,-59.9032,-59.9032,0
878.75,-59.901,-59.901,0
879,-59.8989,-59.8989,0
879.25,-59.8967,-59.8967,0
879.5,-59.8946,-59.8946,0
879.75,-59.8924,-59.8924,0
880,-59.8903,-59.8903,0
880.25,-59.8881,-59.8881,0
880.5,-59.8859,-59.8859,0
880.75,-59.8838,-59.8838,0
881,-59.8816,-59.8816,0
881.25,-59.8795,-59.8795,0
881.5,-59.8773,-59.8773,0
881.75,-59.8752,-59.8752,0
882,-59.873,-59.873,0
882.25,-59.8708,-59.8708,0
882.5,-59.8687,-59.8687,0
882.75,-59.8665,-59.8665,0
883,-59.8644,-59.8644,0
883.25,-59.8622,-59.8622,0
883.5,-59.86,-59.86,0
883.75,-59.8579,-59.8579,0
884,-59.8557,-59.8557,0
884.25,-59.8535,-59.8535,0
884.5,-59.8514,-59.8514,0
884.75,-59.8492,-59.8492,0
885,-59.847,-59.847,0
885.25,-59.8449,-59.8449,0
885.5,-59.8427,-59.8427,0
885.75,-59.8405,-59.8405,0
886,-59.8384,-59.8384,0
886.25,-59.8362,-59.8362,0
886.5,-59.834,-59.834,0
886.75,-59.8319,-59.8319,0
887,-59.8297,-59.8297,0
887.25,-59.8275,-59.8275,0
887.5,-59.8253,-59.8253,0
887.75,-59.8232,-59.8232,0
888,-59.821,-59.821,0
888.25,-59.8188,-59.8188,0
888.5,-59.8166,-59.8166,0
888.75,-59.8145,-59.8145,0
889,-59.8123,-59.8123,0
889.25,-59.8101,-59.8101,0
889.5,-59.8079,-59.8079,0
889.75,-59.8057,-59.8057,0
890,-59.8036,-59.8036,0
890.25,-59.8014,-59.8014,0
890.5,-59.7992,-59.7992,0
890.75,-59.797,-59.797,0
891,-59.7948,-59.7948,0
891.25,-59.7927,-59.7927,0
891.5,-59.7905,-59.7905,0
891.75,-59.7883,-59.7883,0
892,-59.7861,-59.7861,0
892.25,-59.7839,-59.7839,0
892.5,-59.7817,-59.7817,0
892.75,-59.7795,-59.7795,0
893,-59.7774,-59.7774,0
893.25,-59.7752,-59.7752,0
893.5,-59.773,-59.773,0
893.75,-59.7708,-59.7708,0
894,-59.7686,-59.7686,0
894.25,-59.7664,-59.7664,0
894.5,-59.7642,-59.7642,0
894.75,-59.762,-59.762,0
895,-59.7598,-59.7598,0
895.25,-59.7576,-59.7576,0
895.5,-59.7554,-59.7554,0
895.75,-59.7532,-59.7532,0
896,-59.751,-59.751,0
896.25,-59.7488,-59.7488,0
896.5,-59.7467,-59.7467,0
896.75,-59.7445,-59.7445,0
897,-59.7423,-59.7423,0
897.25,-59.7401,-59.7401,0
897.5,-59.7379,-59.7379,0
897.75,-59.7357,-59.7357,0
898,-59.7335,-59.7335,0
898.25,-59.7312,-59.7312,0
898.5,-59.729,-59.729,0
898.75,-59.7268,-59.7268,0
899,-59.7246,-59.7246,0
899.25,-59.7224,-59.7224,0
899.5,-59.7202,-59.7202,0
899.75,-59.718,-59.718,0
900,-59.7158,-59.7158,0
900.25,-59.7136,-59.7136,0
900.5,-59.7114,-59.7114,0
900.75,-59.7092,-59.7092,0
901,-59.707,-59.707,0
901.25,-59.7048,-59.7048,0
901.5,-59.7026,-59.7026,0
901.75,-59.7003,-59.7003,0
902,-59.6981,-59.6981,0
902.25,-59.6959,-59.6959,0
902.5,-59.6937,-59.6937,0
902.75,-59.6915,-59.6915,0
903,-59.6893,-59.6893,0
903.25,-59.6871,-59.6871,0
903.5,-59.6848,-59.6848,0
903.75,-59.6826,-59.6826,0
904,-59.6804,-59.6804,0
904.25,-59.6782,-59.6782,0
904.5,-59.676,-59.676,0
904.75,-59.6737,-59.6737,0
905,-59.6715,-59.6715,0
905.25,-59.6693,-59.6693,0
905.5,-59.6671,-59.6671,0
905.75,-59.6649,-59.6649,0
906,-59.6626,-59.6626,0
906.25,-59.6604,-59.6604,0
906.5,-59.6582,-59.6582,0
906.75,-59.656,-59.656,0
907,-59.6537,-59.6537,0
907.25,-59.6515,-59.6515,0
907.5,-59.6493,-59.6493,0
907.75,-59.647,-59.647,0
908,-59.6448,-59.6448,0
908.25,-59.6426,-59.6426,0
908.5,-59.6404,-59.6404,0
908.75,-59.6381,-59.6381,0
909,-59.6359,-59.6359,0
909.25,-59.6337,-59.6337,0
909.5,-59.6314,-59.6314,0
909.75,-59.6292,-59.6292,0
910,-59.6269,-59.6269,0
910.25,-59.6247,-59.6247,0
910.5,-59.6225,-59.6225,0
910.75,-59.6202,-59.6202,0
911,-59.618,-59.618,0
911.25,-59.6158,-59.6158,0
911.5,-59.6135,-59.6135,0
911.75,-59.6113,-59.6113,0
912,-59.609,-59.609,0
912.25,-59.6068,-59.6068,0
912.5,-59.6046,-59.6046,0
912.75,-59.6023,-59.6023,0
913,-59.6001,-59.6001,0
913.25,-59.5978,-59.5978,0
913.5,-59.5956,-59.5956,0
913.75,-59.5933,-59.5933,0
914,-59.5911,-59.5911,0
914.25,-59.5888,-59.5888,0
914.5,-59.5866,-59.5866,0
914.75,-59.5843,-59.5843,0
915,-59.5821,-59.5821,0
915.25,-59.5798,-59.5798,0
915.5,-59.5776,-59.5776,0
915.75,-59.5753,-59.5753,0
916,-59.5731,-59.5731,0
916.25,-59.5708,-59.5708,0
916.5,-59.5686,-59.5686,0
916.75,-59.5663,-59.5663,0
917,-59.564,-59.564,0
917.25,-59.5618,-59.5618,0
917.5,-59.5595,-59.5595,0
917.75,-59.5573,-59.5573,0
918,-59.555,-59.555,0
918.25,-59.5528,-59.5528,0
918.5,-59.5505,-59.5505,0
918.75,-59.5482,-59.5482,0
919,-59.546,-59.546,0
919.25,-59.5437,-59.5437,0
919.5,-59.5414,-59.5414,0
919.75,-59.5392,-59.5392,0
920,-59.5369,-59.5369,0
920.25,-59.5346,-59.5346,0
920.5,-59.5324,-59.5324,0
920.75,-59.5301,-59.5301,0
921,-59.5278,-59.5278,0
921.25,-59.5256,-59.5256,0
921.5,-59.5233,-59.5233,0
921.75,-59.521,-59.521,0
922,-59.5188,-59.5188,0
922.25,-59.5165,-59.5165,0
922.5,-59.5142,-59.5142,0
922.75,-59.5119,-59.5119,0
923,-59.5097,-59.5097,0
923.25,-59.5074,-59.5074,0
923.5,-59.5051,-59.5051,0
923.75,-59.5028,-59.5028,0
924,-59.5006,-59.5006,0
924.25,-59.4983,-59.4983,0
924.5,-59.496,-59.496,0
924.75,-59.4937,-59.4937,0
925,-59.4914,-59.4914,0
925.25,-59.4891,-59.4891,0
925.5,-59.4869,-59.4869,0
925.75,-59.4846,-59.4846,0
926,-59.4823,-59.4823,0
926.25,-59.48,-59.48,0
926.5,-59.4777,-59.4777,0
926.75,-59.4754,-59.4754,0
927,-59.4731,-59.4731,0
927.25,-59.4709,-59.4709,0
927.5,-59.4686,-59.4686,0
927.75,-59.4663,-59.4663,0
928,-59.464,-59.464,0
928.25,-59.4617,-59.4617,0
928.5,-59.4594,-59.4594,0
928.75,-59.4571,-59.4571,0
929,-59.4548,-59.4548,0
929.25,-59.4525,-59.4525,0
929.5,-59.4502,-59.4502,0
929.75,-59.4479,-59.4479,0
930,-59.4456,-59.4456,0
930.25,-59.4433,-59.4433,0
930.5,-59.441,-59.441,0
930.75,-59.4387,-59.4387,0
931,-59.4364,-59.4364,0
931.25,-59.4341,-59.4341,0
931.5,-59.4318,-59.4318,0
931.75,-59.4295,-59.4295,0
932,-59.4272,-59.4272,0
932.25,-59.4249,-59.4249,0
932.5,-59.4226,-59.4226,0
932.75,-59.4203,-59.4203,0
933,-59.418,-59.418,0
933.25,-59.4157,-59.4157,0
933.5,-59.4134,-59.4134,0
933.75,-59.4111,-59.4111,0
934,-59.4088,-59.4088,0
934.25,-59.4064,-59.4064,0
934.5,-59.4041,-59.4041,0
934.75,-59.4018,-59.4018,0
935,-59.3995,-59.3995,0
935.25,-59.3972,-59.3972,0
935.5,-59.3949,-59.3949,0
935.75,-59.3926,-59.3926,0
936,-59.3902,-59.3902,0
936.25,-59.3879,-59.3879,0
936.5,-59.3856,-59.3856,0
936.75,-59.3833,-59.3833,0
937,-59.381,-59.381,0
937.25,-59.3786,-59.3786,0
937.5,-59.3763,-59.3763,0
937.75,-59.374,-59.374,0
938,-59.3717,-59.3717,0
938.25,-59.3693,-59.3693,0
938.5,-59.367,-59.367,0
938.75,-59.3647,-59.3647,0
939,-59.3624,-59.3624,0
939.25,-59.36,-59.36,0
939.5,-59.3577,-59.3577,0
939.75,-59.3554,-59.3554,0
940,-59.353,-59.353,0
940.25,-59.3507,-59.3507,0
940.5,-59.3484,-59.3484,0
940.75,-59.346,-59.346,0
941,-59.3437,-59.3437,0
941.25,-59.3414,-59.3414,0
941.5,-59.339,-59.339,0
941.75,-59.3367,-59.3367,0
942,-59.3344,-59.3344,0
942.25,-59.332,-59.332,0
942.5,-59.3297,-59.3297,0
942.75,-59.3273,-59.3273,0
943,-59.325,-59.325,0
943.25,-59.3227,-59.3227,0
943.5,-59.3203,-59.3203,0
943.75,-59.318,-59.318,0
944,-59.3156,-59.3156,0
944.25,-59.3133,-59.3133,0
944.5,-59.3109,-59.3109,0
944.75,-59.3086,-59.3086,0
945,-59.3062,-59.3062,0
945.25,-59.3039,-59.3039,0
945.5,-59.3015,-59.3015,0
945.75,-59.2992,-59.2992,0
946,-59.2968,-59.2968,0
946.25,-59.2945,-59.2945,0
946.5,-59.2921,-59.2921,0
946.75,-59.2898,-59.2898,0
947,-59.2874,-59.2874,0
947.25,-59.2851,-59.2851,0
947.5,-59.2827,-59.2827,0
947.75,-59.2803,-59.2803,0
948,-59.278,-59.278,0
948.25,-59.2756,-59.2756,0
948.5,-59.2733,-59.2733,0
948.75,-59.2709,-59.2709,0
949,-59.2685,-59.2685,0
949.25,-59.2662,-59.2662,0
949.5,-59.2638,-59.2638,0
949.75,-59.2614,-59.2614,0
950,-59.2591,-59.2591,0
950.25,-59.2567,-59.2567,0
950.5,-59.2543,-59.2543,0
950.75,-59.252,-59.252,0
951,-59.2496,-59.2496,0
951.25,-59.2472,-59.2472,0
951.5,-59.2448,-59.2448,0
951.75,-59.2425,-59.2425,0
952,-59.2401,-59.2401,0
952.25,-59.2377,-59.2377,0
952.5,-59.2353,-59.2353,0
952.75,-59.233,-59.233,0
953,-59.2306,-59.2306,0
953.25,-59.2282,-59.2282,0
953.5,-59.2258,-59.2258,0
953.75,-59.2235,-59.2235,0
954,-59.2211,-59.2211,0
954.25,-59.2187,-59.2187,0
954.5,-59.2163,-59.2163,0
954.75,-59.2139,-59.2139,0
955,-59.2115,-59.2115,0
955.25,-59.2091,-59.2091,0
955.5,-59.2068,-59.2068,0
955.75,-59.2044,-59.2044,0
956,-59.202,-59.202,0
956.25,-59.1996,-59.1996,0
956.5,-59.1972,-59.1972,0
956.75,-59.1948,-59.1948,0
957,-59.1924,-59.1924,0
957.25,-59.19,-59.19,0
957.5,-59.1876,-59.1876,0
957.75,-59.1852,-59.1852,0
958,-59.1828,-59.1828,0
958.25,-59.1804,-59.1804,0
958.5,-59.178,-59.178,0
958.75,-59.1756,-59.1756,0
959,-59.1732,-59.1732,0
959.25,-59.1708,-59.1708,0
959.5,-59.1684,-59.1684,0
959.75,-59.166,-59.166,0
960,-59.1636,-59.1636,0
960.25,-59.1612,-59.1612,0
960.5,-59.1588,-59.1588,0
960.75,-59.1564,-59.1564,0
961,-59.154,-59.154,0
961.25,-59.1516,-59.1516,0
961.5,-59.1492,-59.1492,0
961.75,-59.1468,-59.1468,0
962,-59.1443,-59.1443,0
962.25,-59.1419,-59.1419,0
962.5,-59.1395,-59.1395,0
962.75,-59.1371,-59.1371,0
963,-59.1347,-59.1347,0
963.25,-59.1323,-59.1323,0
963.5,-59.1298,-59.1298,0
963.75,-59.1274,-59.1274,0
964,-59.125,-59.125,0
964.25,-59.1226,-59.1226,0
964.5,-59.1202,-59.1202,0
964.75,-59.1177,-59.1177,0
965,-59.1153,-59.1153,0
965.25,-59.1129,-59.1129,0
965.5,-59.1105,-59.1105,0
965.75,-59.108,-59.108,0
966,-59.1056,-59.1056,0
966.25,-59.1032,-59.1032,0
966.5,-59.1007,-59.1007,0
966.75,-59.0983,-59.0983,0
967,-59.0959,-59.0959,0
967.25,-59.0934,-59.0934,0
967.5,-59.091,-59.091,0
967.75,-59.0886,-59.0886,0
968,-59.0861,-59.0861,0
968.25,-59.0837,-59.0837,0
968.5,-59.0813,-59.0813,0
968.75,-59.0788,-59.0788,0
969,-59.0764,-59.0764,0
969.25,-59.0739,-59.0739,0
969.5,-59.0715,-59.0715,0
969.75,-59.0691,-59.0691,0
970,-59.0666,-59.0666,0
970.25,-59.0642,-59.0642,0
970.5,-59.0617,-59.0617,0
970.75,-59.0593,-59.0593,0
971,-59.0568,-59.0568,0
971.25,-59.0544,-59.0544,0
971.5,-59.0519,-59.0519,0
971.75,-59.0495,-59.0495,0
972,-59.047,-59.047,0
972.25,-59.0446,-59.0446,0
972.5,-59.0421,-59.0421,0
972.75,-59.0396,-59.0396,0
973,-59.0372,-59.0372,0
973.25,-59.0347,-59.0347,0
973.5,-59.0323,-59.0323,0
973.75,-59.0298,-59.0298,0
974,-59.0273,-59.0273,0
974.25,-59.0249,-59.0249,0
974.5,-59.0224,-59.0224,0
974.75,-59.02,-59.02,0
975,-59.0175,-59.0175,0
975.25,-59.015,-59.015,0
975.5,-59.0126,-59.0126,0
975.75,-59.0101,-59.0101,0
976,-59.0076,-59.0076,0
976.25,-59.0051,-59.0051,0
976.5,-59.0027,-59.0027,0
976.75,-59.0002,-59.0002,0
977,-58.9977,-58.9977,0
977.25,-58.9952,-58.9952,0
977.5,-58.9928,-58.9928,0
977.75,-58.9903,-58.9903,0
978,-58.9878,-58.9878,0
978.25,-58.9853,-58.9853,0
978.5,-58.9828,-58.9828,0
978.75,-58.9804,-58.9804,0
979,-58.9779,-58.9779,0
979.25,-58.9754,-58.9754,0
979.5,-58.9729,-58.9729,0
979.75,-58.9704,-58.9704,0
980,-58.9679,-58.9679,0
980.25,-58.9654,-58.9654,0
980.5,-58.963,-58.963,0
980.75,-58.9605,-58.9605,0
981,-58.958,-58.958,0
981.25,-58.9555,-58.9555,0
981.5,-58.953,-58.953,0
981.75,-58.9505,-58.9505,0
982,-58.948,-58.948,0
982.25,-58.9455,-58.9455,0
982.5,-58.943,-58.943,0
982.75,-58.9405,-58.9405,0
983,-58.938,-58.938,0
983.25,-58.9355,-58.9355,0
983.5,-58.933,-58.933,0
983.75,-58.9305,-58.9305,0
984,-58.928,-58.928,0
984.25,-58.9255,-58.9255,0
984.5,-58.923,-58.923,0
984.75,-58.9205,-58.9205,0
985,-58.9179,-58.9179,0
985.25,-58.9154,-58.9154,0
985.5,-58.9129,-58.9129,0
985.75,-58.9104,-58.9104,0
986,-58.9079,-58.9079,0
986.25,-58.9054,-58.9054,0
986.5,-58.9029,-58.9029,0
986.75,-58.9003,-58.9003,0
987,-58.8978,-58.8978,0
987.25,-58.8953,-58.8953,0
987.5,-58.8928,-58.8928,0
987.75,-58.8903,-58.8903,0
988,-58.8877,-58.8877,0
988.25,-58.8852,-58.8852,0
988.5,-58.8827,-58.8827,0
988.75,-58.8801,-58.8801,0
989,-58.8776,-58.8776,0
989.25,-58.8751,-58.8751,0
989.5,-58.8726,-58.8726,0
989.75,-58.87,-58.87,0
990,-58.8675,-58.8675,0
990.25,-58.865,-58.865,0
990.5,-58.8624,-58.8624,0
990.75,-58.8599,-58.8599,0
991,-58.8573,-58.8573,0
991.25,-58.8548,-58.8548,0
991.5,-58.8523,-58.8523,0
991.75,-58.8497,-58.8497,0
992,-58.8472,-58.8472,0
992.25,-58.8446,-58.8446,0
992.5,-58.8421,-58.8421,0
992.75,-58.8395,-58.8395,0
993,-58.837,-58.837,0
993.25,-58.8344,-58.8344,0
993.5,-58.8319,-58.8319,0
993.75,-58.8293,-58.8293,0
994,-58.8268,-58.8268,0
994.25,-58.8242,-58.8242,0
994.5,-58.8217,-58.8217,0
994.75,-58.8191,-58.8191,0
995,-58.8166,-58.8166,0
995.25,-58.814,-58.814,0
995.5,-58.8114,-58.8114,0
995.75,-58.8089,-58.8089,0
996,-58.8063,-58.8063,0
996.25,-58.8038,-58.8038,0
996.5,-58.8012,-58.8012,0
996.75,-58.7986,-58.7986,0
997,-58.7961,-58.7961,0
997.25,-58.7935,-58.7935,0
997.5,-58.7909,-58.7909,0
997.75,-58.7883,-58.7883,0
998,-58.7858,-58.7858,0
998.25,-58.7832,-58.7832,0
998.5,-58.7806,-58.7806,0
998.75,-58.7781,-58.7781,0
999,-58.7755,-58.7755,0
999.25,-58.7729,-58.7729,0
999.5,-58.7703,-58.7703,0
999.75,-58.7677,-58.7677,0
1000,-58.7652,-58.7652,0
1000.25,-58.7626,-58.7626,0
1000.5,-58.76,-58.76,0
1000.75,-58.7574,-58.7574,0
1001,-58.7548,-58.7548,0
1001.25,-58.7522,-58.7522,0
1001.5,-58.7496,-58.7496,0
1001.75,-58.747,-58.747,0
1002,-58.7444,-58.7444,0
1002.25,-58.7418,-58.7418,0
1002.5,-58.7393,-58.7393,0
1002.75,-58.7367,-58.7367,0
1003,-58.7341,-58.7341,0
1003.25,-58.7315,-58.7315,0
1003.5,-58.7289,-58.7289,0
1003.75,-58.7263,-58.7263,0
1004,-58.7237,-58.7237,0
1004.25,-58.721,-58.721,0
1004.5,-58.7184,-58.7184,0
1004.75,-58.7158,-58.7158,0
1005,-58.7132,-58.7132,0
1005.25,-58.7106,-58.7106,0
1005.5,-58.708,-58.708,0
1005.75,-58.7054,-58.7054,0
1006,-58.7028,-58.7028,0
1006.25,-58.7002,-58.7002,0
1006.5,-58.6975,-58.6975,0
1006.75,-58.6949,-58.6949,0
1007,-58.6923,-58.6923,0
1007.25,-58.6897,-58.6897,0
1007.5,-58.6871,-58.6871,0
1007.75,-58.6844,-58.6844,0
1008,-58.6818,-58.6818,0
1008.25,-58.6792,-58.6792,0
1008.5,-58.6766,-58.6766,0
1008.75,-58.6739,-58.6739,0
1009,-58.6713,-58.6713,0
1009.25,-58.6687,-58.6687,0
1009.5,-58.666,-58.666,0
1009.75,-58.6634,-58.6634,0
1010,-58.6608,-58.6608,0
1010.25,-58.6581,-58.6581,0
1010.5,-58.6555,-58.6555,0
1010.75,-58.6529,-58.6529,0
1011,-58.6502,-58.6502,0
1011.25,-58.6476,-58.6476,0
1011.5,-58.6449,-58.6449,0
1011.75,-58.6423,-58.6423,0
1012,-58.6396,-58.6396,0
1012.25,-58.637,-58.637,0
1012.5,-58.6344,-58.6344,0
1012.75,-58.6317,-58.6317,0
1013,-58.629,-58.629,0
1013.25,-58.6264,-58.6264,0
1013.5,-58.6237,-58.6237,0
1013.75,-58.6211,-58.6211,0
1014,-58.6184,-58.6184,0
1014.25,-58.6158,-58.6158,0
1014.5,-58.6131,-58.6131,0
1014.75,-58.6104,-58.6104,0
1015,-58.6078,-58.6078,0
1015.25,-58.6051,-58.6051,0
1015.5,-58.6025,-58.6025,0
1015.75,-58.5998,-58.5998,0
1016,-58.5971,-58.5971,0
1016.25,-58.5944,-58.5944,0
1016.5,-58.5918,-58.5918,0
1016.75,-58.5891,-58.5891,0
1017,-58.5864,-58.5864,0
1017.25,-58.5838,-58.5838,0
1017.5,-58.5811,-58.5811,0
1017.75,-58.5784,-58.5784,0
1018,-58.5757,-58.5757,0
1018.25,-58.573,-58.573,0
1018.5,-58.5704,-58.5704,0
1018.75,-58.5677,-58.5677,0
1019,-58.565,-58.565,0
1019.25,-58.5623,-58.5623,0
1019.5,-58.5596,-58.5596,0
1019.75,-58.5569,-58.5569,0
1020,-58.5542,-58.5542,0
1020.25,-58.5515,-58.5515,0
1020.5,-58.5488,-58.5488,0
1020.75,-58.5461,-58.5461,0
1021,-58.5434,-58.5434,0
1021.25,-58.5407,-58.5407,0
1021.5,-58.538,-58.538,0
1021.75,-58.5353,-58.5353,0
1022,-58.5326,-58.5326,0
1022.25,-58.5299,-58.5299,0
1022.5,-58.5272,-58.5272,0
1022.75,-58.5245,-58.5245,0
1023,-58.5218,-58.5218,0
1023.25,-58.5191,-58.5191,0
1023.5,-58.5164,-58.5164,0
1023.75,-58.5137,-58.5137,0
1024,-58.511,-58.511,0
1024.25,-58.5082,-58.5082,0
1024.5,-58.5055,-58.5055,0
1024.75,-58.5028,-58.5028,0
1025,-58.5001,-58.5001,0
1025.25,-58.4974,-58.4974,0
1025.5,-58.4946,-58.4946,0
1025.75,-58.4919,-58.4919,0
1026,-58.4892,-58.4892,0
1026.25,-58.4865,-58.4865,0
1026.5,-58.4837,-58.4837,0
1026.75,-58.481,-58.481,0
1027,-58.4783,-58.4783,0
1027.25,-58.4755,-58.4755,0
1027.5,-58.4728,-58.4728,0
1027.75,-58.47,-58.47,0
1028,-58.4673,-58.4673,0
1028.25,-58.4646,-58.4646,0
1028.5,-58.4618,-58.4618,0
1028.75,-58.4591,-58.4591,0
1029,-58.4563,-58.4563,0
1029.25,-58.4536,-58.4536,0
1029.5,-58.4508,-58.4508,0
1029.75,-58.4481,-58.4481,0
1030,-58.4453,-58.4453,0
1030.25,-58.4426,-58.4426,0
1030.5,-58.4398,-58.4398,0
1030.75,-58.4371,-58.4371,0
1031,-58.4343,-58.4343,0
1031.25,-58.4315,-58.4315,0
1031.5,-58.4288,-58.4288,0
1031.75,-58.426,-58.426,0
1032,-58.4232,-58.4232,0
1032.25,-58.4205,-58.4205,0
1032.5,-58.4177,-58.4177,0
1032.75,-58.4149,-58.4149,0
1033,-58.4122,-58.4122,0
1033.25,-58.4094,-58.4094,0
1033.5,-58.4066,-58.4066,0
1033.75,-58.4038,-58.4038,0
1034,-58.4011,-58.4011,0
1034.25,-58.3983,-58.3983,0
1034.5,-58.3955,-58.3955,0
1034.75,-58.3927,-58.3927,0
1035,-58.3899,-58.3899,0
1035.25,-58.3872,-58.3872,0
1035.5,-58.3844,-58.3844,0
1035.75,-58.3816,-58.3816,0
1036,-58.3788,-58.3788,0
1036.25,-58.376,-58.376,0
1036.5,-58.3732,-58.3732,0
1036.75,-58.3704,-58.3704,0
1037,-58.3676,-58.3676,0
1037.25,-58.3648,-58.3648,0
1037.5,-58.362,-58.362,0
1037.75,-58.3592,-58.3592,0
1038,-58.3564,-58.3564,0
1038.25,-58.3536,-58.3536,0
1038.5,-58.3508,-58.3508,0
1038.75,-58.348,-58.348,0
1039,-58.3452,-58.3452,0
1039.25,-58.3423,-58.3423,0
1039.5,-58.3395,-58.3395,0
1039.75,-58.3367,-58.3367,0
1040,-58.3339,-58.3339,0
1040.25,-58.3311,-58.3311,0
1040.5,-58.3283,-58.3283,0
1040.75,-58.3254,-58.3254,0
1041,-58.3226,-58.3226,0
1041.25,-58.3198,-58.3198,0
1041.5,-58.3169,-58.3169,0
1041.75,-58.3141,-58.3141,0
1042,-58.3113,-58.3113,0
1042.25,-58.3085,-58.3085,0
1042.5,-58.3056,-58.3056,0
1042.75,-58.3028,-58.3028,0
1043,-58.2999,-58.2999,0
1043.25,-58.2971,-58.2971,0
1043.5,-58.2943,-58.2943,0
1043.75,-58.2914,-58.2914,0
1044,-58.2886,-58.2886,0
1044.25,-58.2857,-58.2857,0
1044.5,-58.2829,-58.2829,0
1044.75,-58.28,-58.28,0
1045,-58.2772,-58.2772,0
1045.25,-58.2743,-58.2743,0
1045.5,-58.2714,-58.2714,0
1045.75,-58.2686,-58.2686,0
1046,-58.2657,-58.2657,0
1046.25,-58.2629,-58.2629,0
1046.5,-58.26,-58.26,0
1046.75,-58.2571,-58.2571,0
1047,-58.2543,-58.2543,0
1047.25,-58.2514,-58.2514,0
1047.5,-58.2485,-58.2485,0
1047.75,-58.2457,-58.2457,0
1048,-58.2428,-58.2428,0
1048.25,-58.2399,-58.2399,0
1048.5,-58.237,-58.237,0
1048.75,-58.2341,-58.2341,0
1049,-58.2313,-58.2313,0
1049.25,-58.2284,-58.2284,0
1049.5,-58.2255,-58.2255,0
1049.75,-58.2226,-58.2226,0
1050,-58.2197,-58.2197,0
1050.25,-58.2168,-58.2168,0
1050.5,-58.2139,-58.2139,0
1050.75,-58.211,-58.211,0
1051,-58.2081,-58.2081,0
1051.25,-58.2052,-58.2052,0
1051.5,-58.2023,-58.2023,0
1051.75,-58.1994,-58.1994,0
1052,-58.1965,-58.1965,0
1052.25,-58.1936,-58.1936,0
1052.5,-58.1907,-58.1907,0
1052.75,-58.1878,-58.1878,0
1053,-58.1849,-58.1849,0
1053.25,-58.182,-58.182,0
1053.5,-58.1791,-58.1791,0
1053.75,-58.1761,-58.1761,0
1054,-58.1732,-58.1732,0
1054.25,-58.1703,-58.1703,0
1054.5,-58.1674,-58.1674,0
1054.75,-58.1645,-58.1645,0
1055,-58.1615,-58.1615,0
1055.25,-58.1586,-58.1586,0
1055.5,-58.1557,-58.1557,0
1055.75,-58.1527,-58.1527,0
1056,-58.1498,-58.1498,0
1056.25,-58.1469,-58.1469,0
1056.5,-58.1439,-58.1439,0
1056.75,-58.141,-58.141,0
1057,-58.138,-58.138,0
1057.25,-58.1351,-58.1351,0
1057.5,-58.1321,-58.1321,0
1057.75,-58.1292,-58.1292,0
1058,-58.1262,-58.1262,0
1058.25,-58.1233,-58.1233,0
1058.5,-58.1203,-58.1203,0
1058.75,-58.1174,-58.1174,0
1059,-58.1144,-58.1144,0
1059.25,-58.1115,-58.1115,0
1059.5,-58.1085,-58.1085,0
1059.75,-58.1055,-58.1055,0
1060,-58.1026,-58.1026,0
1060.25,-58.0996,-58.0996,0
1060.5,-58.0966,-58.0966,0
1060.75,-58.0936,-58.0936,0
1061,-58.0907,-58.0907,0
1061.25,-58.0877,-58.0877,0
1061.5,-58.0847,-58.0847,0
1061.75,-58.0817,-58.0817,0
1062,-58.0787,-58.0787,0
1062.25,-58.0758,-58.0758,0
1062.5,-58.0728,-58.0728,0
1062.75,-58.0698,-58.0698,0
1063,-58.0668,-58.0668,0
1063.25,-58.0638,-58.0638,0
1063.5,-58.0608,-58.0608,0
1063.75,-58.0578,-58.0578,0
1064,-58.0548,-58.0548,0
1064.25,-58.0518,-58.0518,0
1064.5,-58.0488,-58.0488,0
1064.75,-58.0458,-58.0458,0
1065,-58.0428,-58.0428,0
1065.25,-58.0398,-58.0398,0
1065.5,-58.0367,-58.0367,0
1065.75,-58.0337,-58.0337,0
1066,-58.0307,-58.0307,0
1066.25,-58.0277,-58.0277,0
1066.5,-58.0247,-58.0247,0
1066.75,-58.0216,-58.0216,0
1067,-58.0186,-58.0186,0
1067.25,-58.0156,-58.0156,0
1067.5,-58.0126,-58.0126,0
1067.75,-58.0095,-58.0095,0
1068,-58.0065,-58.0065,0
1068.25,-58.0035,-58.0035,0
1068.5,-58.0004,-58.0004,0
1068.75,-57.9974,-57.9974,0
1069,-57.9943,-57.9943,0
1069.25,-57.9913,-57.9913,0
1069.5,-57.9882,-57.9882,0
1069.75,-57.9852,-57.9852,0
1070,-57.9821,-57.9821,0
1070.25,-57.9791,-57.9791,0
1070.5,-57.976,-57.976,0
1070.75,-57.973,-57.973,0
1071,-57.9699,-57.9699,0
1071.25,-57.9668,-57.9668,0
1071.5,-57.9638,-57.9638,0
1071.75,-57.9607,-57.9607,0
1072,-57.9576,-57.9576,0
1072.25,-57.9546,-57.9546,0
1072.5,-57.9515,-57.9515,0
1072.75,-57.9484,-57.9484,0
1073,-57.9453,-57.9453,0
1073.25,-57.9423,-57.9423,0
1073.5,-57.9392,-57.9392,0
1073.75,-57.9361,-57.9361,0
1074,-57.933,-57.933,0
1074.25,-57.9299,-57.9299,0
1074.5,-57.9268,-57.9268,0
1074.75,-57.9237,-57.9237,0
1075,-57.9206,-57.9206,0
1075.25,-57.9175,-57.9175,0
1075.5,-57.9144,-57.9144,0
1075.75,-57.9113,-57.9113,0
1076,-57.9082,-57.9082,0
1076.25,-57.9051,-57.9051,0
1076.5,-57.902,-57.902,0
1076.75,-57.8989,-57.8989,0
1077,-57.8958,-57.8958,0
1077.25,-57.8926,-57.8926,0
1077.5,-57.8895,-57.8895,0
1077.75,-57.8864,-57.8864,0
1078,-57.8833,-57.8833,0
1078.25,-57.8801,-57.8801,0
1078.5,-57.877,-57.877,0
1078.75,-57.8739,-57.8739,0
1079,-57.8707,-57.8707,0
1079.25,-57.8676,-57.8676,0
1079.5,-57.8645,-57.8645,0
1079.75,-57.8613,-57.8613,0
1080,-57.8582,-57.8582,0
1080.25,-57.855,-57.855,0
1080.5,-57.8519,-57.8519,0
1080.75,-57.8487,-57.8487,0
1081,-57.8456,-57.8456,0
1081.25,-57.8424,-57.8424,0
1081.5,-57.8392,-57.8392,0
1081.75,-57.8361,-57.8361,0
1082,-57.8329,-57.8329,0
1082.25,-57.8297,-57.8297,0
1082.5,-57.8266,-57.8266,0
1082.75,-57.8234,-57.8234,0
1083,-57.8202,-57.8202,0
1083.25,-57.817,-57.817,0
1083.5,-57.8139,-57.8139,0
1083.75,-57.8107,-57.8107,0
1084,-57.8075,-57.8075,0
1084.25,-57.8043,-57.8043,0
1084.5,-57.8011,-57.8011,0
1084.75,-57.7979,-57.7979,0
1085,-57.7947,-57.7947,0
1085.25,-57.7915,-57.7915,0
1085.5,-57.7883,-57.7883,0
1085.75,-57.7851,-57.7851,0
1086,-57.7819,-57.7819,0
1086.25,-57.7787,-57.7787,0
1086.5,-57.7755,-57.7755,0
1086.75,-57.7723,-57.7723,0
1087,-57.7691,-57.7691,0
1087.25,-57.7659,-57.7659,0
1087.5,-57.7626,-57.7626,0
1087.75,-57.7594,-57.7594,0
1088,-57.7562,-57.7562,0
1088.25,-57.753,-57.753,0
1088.5,-57.7497,-57.7497,0
1088.75,-57.7465,-57.7465,0
1089,-57.7432,-57.7432,0
1089.25,-57.74,-57.74,0
1089.5,-57.7368,-57.7368,0
1089.75,-57.7335,-57.7335,0
1090,-57.7303,-57.7303,0
1090.25,-57.727,-57.727,0
1090.5,-57.7238,-57.7238,0
1090.75,-57.7205,-57.7205,0
1091,-57.7173,-57.7173,0
1091.25,-57.714,-57.714,0
1091.5,-57.7107,-57.7107,0
1091.75,-57.7075,-57.7075,0
1092,-57.7042,-57.7042,0
1092.25,-57.7009,-57.7009,0
1092.5,-57.6976,-57.6976,0
1092.75,-57.6944,-57.6944,0
1093,-57.6911,-57.6911,0
1093.25,-57.6878,-57.6878,0
1093.5,-57.6845,-57.6845,0
1093.75,-57.6812,-57.6812,0
1094,-57.6779,-57.6779,0
1094.25,-57.6746,-57.6746,0
1094.5,-57.6713,-57.6713,0
1094.75,-57.668,-57.668,0
1095,-57.6647,-57.6647,0
1095.25,-57.6614,-57.6614,0
1095.5,-57.6581,-57.6581,0
1095.75,-57.6548,-57.6548,0
1096,-57.6515,-57.6515,0
1096.25,-57.6482,-57.6482,0
1096.5,-57.6448,-57.6448,0
1096.75,-57.6415,-57.6415,0
1097,-57.6382,-57.6382,0
1097.25,-57.6349,-57.6349,0
1097.5,-57.6315,-57.6315,0
1097.75,-57.6282,-57.6282,0
1098,-57.6249,-57.6249,0
1098.25,-57.6215,-57.6215,0
1098.5,-57.6182,-57.6182,0
1098.75,-57.6148,-57.6148,0
1099,-57.6115,-57.6115,0
1099.25,-57.6081,-57.6081,0
1099.5,-57.6048,-57.6048,0
1099.75,-57.6014,-57.6014,0
1100,-57.598,-57.598,0
1100.25,-57.5947,-57.5947,0
1100.5,-57.5913,-57.5913,0
1100.75,-57.5879,-57.5879,0
1101,-57.5846,-57.5846,0
1101.25,-57.5812,-57.5812,0
1101.5,-57.5778,-57.5778,0
1101.75,-57.5744,-57.5744,0
1102,-57.571,-57.571,0
1102.25,-57.5677,-57.5677,0
1102.5,-57.5643,-57.5643,0
1102.75,-57.5609,-57.5609,0
1103,-57.5575,-57.5575,0
1103.25,-57.5541,-57.5541,0
1103.5,-57.5507,-57.5507,0
1103.75,-57.5473,-57.5473,0
1104,-57.5438,-57.5438,0
1104.25,-57.5404,-57.5404,0
1104.5,-57.537,-57.537,0
1104.75,-57.5336,-57.5336,0
1105,-57.5302,-57.5302,0
1105.25,-57.5267,-57.5267,0
1105.5,-57.5233,-57.5233,0
1105.75,-57.5199,-57.5199,0
1106,-57.5164,-57.5164,0
1106.25,-57.513,-57.513,0
1106.5,-57.5096,-57.5096,0
1106.75,-57.5061,-57.5061,0
1107,-57.5027,-57.5027,0
1107.25,-57.4992,-57.4992,0
1107.5,-57.4958,-57.4958,0
1107.75,-57.4923,-57.4923,0
1108,-57.4888,-57.4888,0
1108.25,-57.4854,-57.4854,0
1108.5,-57.4819,-57.4819,0
1108.75,-57.4784,-57.4784,0
1109,-57.4749,-57.4749,0
1109.25,-57.4715,-57.4715,0
1109.5,-57.468,-57.468,0
1109.75,-57.4645,-57.4645,0
1110,-57.461,-57.461,0
1110.25,-57.4575,-57.4575,0
1110.5,-57.454,-57.454,0
1110.75,-57.4505,-57.4505,0
1111,-57.447,-57.447,0
1111.25,-57.4435,-57.4435,0
1111.5,-57.44,-57.44,0
1111.75,-57.4365,-57.4365,0
1112,-57.433,-57.433,0
1112.25,-57.4295,-57.4295,0
1112.5,-57.4259,-57.4259,0
1112.75,-57.4224,-57.4224,0
1113,-57.4189,-57.4189,0
1113.25,-57.4153,-57.4153,0
1113.5,-57.4118,-57.4118,0
1113.75,-57.4083,-57.4083,0
1114,-57.4047,-57.4047,0
1114.25,-57.4012,-57.4012,0
1114.5,-57.3976,-57.3976,0
1114.75,-57.3941,-57.3941,0
1115,-57.3905,-57.3905,0
1115.25,-57.387,-57.387,0
1115.5,-57.3834,-57.3834,0
1115.75,-57.3798,-57.3798,0
1116,-57.3763,-57.3763,0
1116.25,-57.3727,-57.3727,0
1116.5,-57.3691,-57.3691,0
1116.75,-57.3655,-57.3655,0
1117,-57.3619,-57.3619,0
1117.25,-57.3583,-57.3583,0
1117.5,-57.3547,-57.3547,0
1117.75,-57.3511,-57.3511,0
1118,-57.3475,-57.3475,0
1118.25,-57.3439,-57.3439,0
1118.5,-57.3403,-57.3403,0
1118.75,-57.3367,-57.3367,0
1119,-57.3331,-57.3331,0
1119.25,-57.3295,-57.3295,0
1119.5,-57.3259,-57.3259,0
1119.75,-57.3222,-57.3222,0
1120,-57.3186,-57.3186,0
1120.25,-57.315,-57.315,0
1120.5,-57.3113,-57.3113,0
1120.75,-57.3077,-57.3077,0
1121,-57.304,-57.304,0
1121.25,-57.3004,-57.3004,0
1121.5,-57.2967,-57.2967,0
1121.75,-57.2931,-57.2931,0
1122,-57.2894,-57.2894,0
1122.25,-57.2857,-57.2857,0
1122.5,-57.2821,-57.2821,0
1122.75,-57.2784,-57.2784,0
1123,-57.2747,-57.2747,0
1123.25,-57.271,-57.271,0
1123.5,-57.2674,-57.2674,0
1123.75,-57.2637,-57.2637,0
1124,-57.26,-57.26,0
1124.25,-57.2563,-57.2563,0
1124.5,-57.2526,-57.2526,0
1124.75,-57.2489,-57.2489,0
1125,-57.2452,-57.2452,0
1125.25,-57.2415,-57.2415,0
1125.5,-57.2377,-57.2377,0
1125.75,-57.234,-57.234,0
1126,-57.2303,-57.2303,0
1126.25,-57.2266,-57.2266,0
1126.5,-57.2228,-57.2228,0
1126.75,-57.2191,-57.2191,0
1127,-57.2154,-57.2154,0
1127.25,-57.2116,-57.2116,0
1127.5,-57.2079,-57.2079,0
1127.75,-57.2041,-57.2041,0
1128,-57.2003,-57.2003,0
1128.25,-57.1966,-57.1966,0
1128.5,-57.1928,-57.1928,0
1128.75,-57.189,-57.189,0
1129,-57.1853,-57.1853,0
1129.25,-57.1815,-57.1815,0
1129.5,-57.1777,-57.1777,0
1129.75,-57.1739,-57.1739,0
1130,-57.1701,-57.1701,0
1130.25,-57.1663,-57.1663,0
1130.5,-57.1625,-57.1625,0
1130.75,-57.1587,-57.1587,0
1131,-57.1549,-57.1549,0
1131.25,-57.1511,-57.1511,0
1131.5,-57.1473,-57.1473,0
1131.75,-57.1435,-57.1435,0
1132,-57.1396,-57.1396,0
1132.25,-57.1358,-57.1358,0
1132.5,-57.132,-57.132,0
1132.75,-57.1281,-57.1281,0
1133,-57.1243,-57.1243,0
1133.25,-57.1204,-57.1204,0
1133.5,-57.1166,-57.1166,0
1133.75,-57.1127,-57.1127,0
1134,-57.1089,-57.1089,0
1134.25,-57.105,-57.105,0
1134.5,-57.1011,-57.1011,0
1134.75,-57.0973,-57.0973,0
1135,-57.0934,-57.0934,0
1135.25,-57.0895,-57.0895,0
1135.5,-57.0856,-57.0856,0
1135.75,-57.0817,-57.0817,0
1136,-57.0778,-57.0778,0
1136.25,-57.0739,-57.0739,0
1136.5,-57.07,-57.07,0
1136.75,-57.0661,-57.0661,0
1137,-57.0622,-57.0622,0
1137.25,-57.0583,-57.0583,0
1137.5,-57.0543,-57.0543,0
1137.75,-57.0504,-57.0504,0
1138,-57.0465,-57.0465,0
1138.25,-57.0425,-57.0425,0
1138.5,-57.0386,-57.0386,0
1138.75,-57.0346,-57.0346,0
1139,-57.0307,-57.0307,0
1139.25,-57.0267,-57.0267,0
1139.5,-57.0227,-57.0227,0
1139.75,-57.0188,-57.0188,0
1140,-57.0148,-57.0148,0
1140.25,-57.0108,-57.0108,0
1140.5,-57.0068,-57.0068,0
1140.75,-57.0028,-57.0028,0
1141,-56.9988,-56.9988,0
1141.25,-56.9948,-56.9948,0
1141.5,-56.9908,-56.9908,0
1141.75,-56.9868,-56.9868,0
1142,-56.9828,-56.9828,0
1142.25,-56.9788,-56.9788,0
1142.5,-56.9748,-56.9748,0
1142.75,-56.9707,-56.9707,0
1143,-56.9667,-56.9667,0
1143.25,-56.9627,-56.9627,0
1143.5,-56.9586,-56.9586,0
1143.75,-56.9546,-56.9546,0
1144,-56.9505,-56.9505,0
1144.25,-56.9465,-56.9465,0
1144.5,-56.9424,-56.9424,0
1144.75,-56.9383,-56.9383,0
1145,-56.9343,-56.9343,0
1145.25,-56.9302,-56.9302,0
1145.5,-56.9261,-56.9261,0
1145.75,-56.922,-56.922,0
1146,-56.9179,-56.9179,0
1146.25,-56.9138,-56.9138,0
1146.5,-56.9097,-56.9097,0
1146.75,-56.9056,-56.9056,0
1147,-56.9015,-56.9015,0
1147.25,-56.8973,-56.8973,0
1147.5,-56.8932,-56.8932,0
1147.75,-56.8891,-56.8891,0
1148,-56.8849,-56.8849,0
1148.25,-56.8808,-56.8808,0
1148.5,-56.8766,-56.8766,0
1148.75,-56.8725,-56.8725,0
1149,-56.8683,-56.8683,0
1149.25,-56.8641,-56.8641,0
1149.5,-56.86,-56.86,0
1149.75,-56.8558,-56.8558,0
1150,-56.8516,-56.8516,0
1150.25,-56.8474,-56.8474,0
1150.5,-56.8432,-56.8432,0
1150.75,-56.839,-56.839,0
1151,-56.8348,-56.8348,0
1151.25,-56.8306,-56.8306,0
1151.5,-56.8264,-56.8264,0
1151.75,-56.8221,-56.8221,0
1152,-56.8179,-56.8179,0
1152.25,-56.8137,-56.8137,0
1152.5,-56.8094,-56.8094,0
1152.75,-56.8052,-56.8052,0
1153,-56.8009,-56.8009,0
1153.25,-56.7967,-56.7967,0
1153.5,-56.7924,-56.7924,0
1153.75,-56.7881,-56.7881,0
1154,-56.7839,-56.7839,0
1154.25,-56.7796,-56.7796,0
1154.5,-56.7753,-56.7753,0
1154.75,-56.771,-56.771,0
1155,-56.7667,-56.7667,0
1155.25,-56.7624,-56.7624,0
1155.5,-56.7581,-56.7581,0
1155.75,-56.7537,-56.7537,0
1156,-56.7494,-56.7494,0
1156.25,-56.7451,-56.7451,0
1156.5,-56.7407,-56.7407,0
1156.75,-56.7364,-56.7364,0
1157,-56.732,-56.732,0
1157.25,-56.7277,-56.7277,0
1157.5,-56.7233,-56.7233,0
1157.75,-56.7189,-56.7189,0
1158,-56.7146,-56.7146,0
1158.25,-56.7102,-56.7102,0
1158.5,-56.7058,-56.7058,0
1158.75,-56.7014,-56.7014,0
1159,-56.697,-56.697,0
1159.25,-56.6926,-56.6926,0
1159.5,-56.6882,-56.6882,0
1159.75,-56.6837,-56.6837,0
1160,-56.6793,-56.6793,0
1160.25,-56.6749,-56.6749,0
1160.5,-56.6704,-56.6704,0
1160.75,-56.666,-56.666,0
1161,-56.6615,-56.6615,0
1161.25,-56.6571,-56.6571,0
1161.5,-56.6526,-56.6526,0
1161.75,-56.6481,-56.6481,0
1162,-56.6436,-56.6436,0
1162.25,-56.6391,-56.6391,0
1162.5,-56.6346,-56.6346,0
1162.75,-56.6301,-56.6301,0
1163,-56.6256,-56.6256,0
1163.25,-56.6211,-56.6211,0
1163.5,-56.6166,-56.6166,0
1163.75,-56.6121,-56.6121,0
1164,-56.6075,-56.6075,0
1164.25,-56.603,-56.603,0
1164.5,-56.5984,-56.5984,0
1164.75,-56.5939,-56.5939,0
1165,-56.5893,-56.5893,0
1165.25,-56.5847,-56.5847,0
1165.5,-56.5801,-56.5801,0
1165.75,-56.5755,-56.5755,0
1166,-56.5709,-56.5709,0
1166.25,-56.5663,-56.5663,0
1166.5,-56.5617,-56.5617,0
1166.75,-56.5571,-56.5571,0
1167,-56.5525,-56.5525,0
1167.25,-56.5479,-56.5479,0
1167.5,-56.5432,-56.5432,0
1167.75,-56.5386,-56.5386,0
1168,-56.5339,-56.5339,0
1168.25,-56.5292,-56.5292,0
1168.5,-56.5246,-56.5246,0
1168.75,-56.5199,-56.5199,0
1169,-56.5152,-56.5152,0
1169.25,-56.5105,-56.5105,0
1169.5,-56.5058,-56.5058,0
1169.75,-56.5011,-56.5011,0
1170,-56.4964,-56.4964,0
1170.25,-56.4917,-56.4917,0
1170.5,-56.4869,-56.4869,0
1170.75,-56.4822,-56.4822,0
1171,-56.4774,-56.4774,0
1171.25,-56.4727,-56.4727,0
1171.5,-56.4679,-56.4679,0
1171.75,-56.4631,-56.4631,0
1172,-56.4584,-56.4584,0
1172.25,-56.4536,-56.4536,0
1172.5,-56.4488,-56.4488,0
1172.75,-56.444,-56.444,0
1173,-56.4391,-56.4391,0
1173.25,-56.4343,-56.4343,0
1173.5,-56.4295,-56.4295,0
1173.75,-56.4247,-56.4247,0
1174,-56.4198,-56.4198,0
1174.25,-56.4149,-56.4149,0
1174.5,-56.4101,-56.4101,0
1174.75,-56.4052,-56.4052,0
1175,-56.4003,-56.4003,0
1175.25,-56.3954,-56.3954,0
1175.5,-56.3905,-56.3905,0
1175.75,-56.3856,-56.3856,0
1176,-56.3807,-56.3807,0
1176.25,-56.3758,-56.3758,0
1176.5,-56.3709,-56.3709,0
1176.75,-56.3659,-56.3659,0
1177,-56.361,-56.361,0
1177.25,-56.356,-56.356,0
1177.5,-56.351,-56.351,0
1177.75,-56.346,-56.346,0
1178,-56.3411,-56.3411,0
1178.25,-56.3361,-56.3361,0
1178.5,-56.3311,-56.3311,0
1178.75,-56.326,-56.326,0
1179,-56.321,-56.321,0
1179.25,-56.316,-56.316,0
1179.5,-56.3109,-56.3109,0
1179.75,-56.3059,-56.3059,0
1180,-56.3008,-56.3008,0
1180.25,-56.2957,-56.2957,0
1180.5,-56.2907,-56.2907,0
1180.75,-56.2856,-56.2856,0
1181,-56.2805,-56.2805,0
1181.25,-56.2754,-56.2754,0
1181.5,-56.2702,-56.2702,0
1181.75,-56.2651,-56.2651,0
1182,-56.26,-56.26,0
1182.25,-56.2548,-56.2548,0
1182.5,-56.2497,-56.2497,0
1182.75,-56.2445,-56.2445,0
1183,-56.2393,-56.2393,0
1183.25,-56.2341,-56.2341,0
1183.5,-56.2289,-56.2289,0
1183.75,-56.2237,-56.2237,0
1184,-56.2185,-56.2185,0
1184.25,-56.2133,-56.2133,0
1184.5,-56.208,-56.208,0
1184.75,-56.2028,-56.2028,0
1185,-56.1975,-56.1975,0
1185.25,-56.1922,-56.1922,0
1185.5,-56.1869,-56.1869,0
1185.75,-56.1817,-56.1817,0
1186,-56.1763,-56.1763,0
1186.25,-56.171,-56.171,0
1186.5,-56.1657,-56.1657,0
1186.75,-56.1604,-56.1604,0
1187,-56.155,-56.155,0
1187.25,-56.1497,-56.1497,0
1187.5,-56.1443,-56.1443,0
1187.75,-56.1389,-56.1389,0
1188,-56.1335,-56.1335,0
1188.25,-56.1281,-56.1281,0
1188.5,-56.1227,-56.1227,0
1188.75,-56.1173,-56.1173,0
1189,-56.1118,-56.1118,0
1189.25,-56.1064,-56.1064,0
1189.5,-56.1009,-56.1009,0
1189.75,-56.0955,-56.0955,0
1190,-56.09,-56.09,0
1190.25,-56.0845,-56.0845,0
1190.5,-56.079,-56.079,0
1190.75,-56.0734,-56.0734,0
1191,-56.0679,-56.0679,0
1191.25,-56.0624,-56.0624,0
1191.5,-56.0568,-56.0568,0
1191.75,-56.0513,-56.0513,0
1192,-56.0457,-56.0457,0
1192.25,-56.0401,-56.0401,0
1192.5,-56.0345,-56.0345,0
1192.75,-56.0289,-56.0289,0
1193,-56.0232,-56.0232,0
1193.25,-56.0176,-56.0176,0
1193.5,-56.0119,-56.0119,0
1193.75,-56.0063,-56.0063,0
1194,-56.0006,-56.0006,0
1194.25,-55.9949,-55.9949,0
1194.5,-55.9892,-55.9892,0
1194.75,-55.9835,-55.9835,0
1195,-55.9777,-55.9777,0
1195.25,-55.972,-55.972,0
1195.5,-55.9662,-55.9662,0
1195.75,-55.9605,-55.9605,0
1196,-55.9547,-55.9547,0
1196.25,-55.9489,-55.9489,0
1196.5,-55.9431,-55.9431,0
1196.75,-55.9372,-55.9372,0
1197,-55.9314,-55.9314,0
1197.25,-55.9256,-55.9256,0
1197.5,-55.9197,-55.9197,0
1197.75,-55.9138,-55.9138,0
1198,-55.9079,-55.9079,0
1198.25,-55.902,-55.902,0
1198.5,-55.8961,-55.8961,0
1198.75,-55.8901,-55.8901,0
1199,-55.8842,-55.8842,0
1199.25,-55.8782,-55.8782,0
1199.5,-55.8722,-55.8722,0
1199.75,-55.8663,-55.8663,0
1200,-55.8602,-55.8602,0
1200.25,-55.8542,-55.8542,0
1200.5,-55.8482,-55.8482,0
1200.75,-55.8421,-55.8421,0
1201,-55.8361,-55.8361,0
1201.25,-55.83,-55.83,0
1201.5,-55.8239,-55.8239,0
1201.75,-55.8177,-55.8177,0
1202,-55.8116,-55.8116,0
1202.25,-55.8055,-55.8055,0
1202.5,-55.7993,-55.7993,0
1202.75,-55.7931,-55.7931,0
1203,-55.7869,-55.7869,0
1203.25,-55.7807,-55.7807,0
1203.5,-55.7745,-55.7745,0
1203.75,-55.7682,-55.7682,0
1204,-55.762,-55.762,0
1204.25,-55.7557,-55.7557,0
1204.5,-55.7494,-55.7494,0
1204.75,-55.7431,-55.7431,0
1205,-55.7368,-55.7368,0
1205.25,-55.7304,-55.7304,0
1205.5,-55.7241,-55.7241,0
1205.75,-55.7177,-55.7177,0
1206,-55.7113,-55.7113,0
1206.25,-55.7049,-55.7049,0
1206.5,-55.6985,-55.6985,0
1206.75,-55.692,-55.692,0
1207,-55.6855,-55.6855,0
1207.25,-55.6791,-55.6791,0
1207.5,-55.6726,-55.6726,0
1207.75,-55.666,-55.666,0
1208,-55.6595,-55.6595,0
1208.25,-55.6529,-55.6529,0
1208.5,-55.6464,-55.6464,0
1208.75,-55.6398,-55.6398,0
1209,-55.6332,-55.6332,0
1209.25,-55.6265,-55.6265,0
1209.5,-55.6199,-55.6199,0
1209.75,-55.6132,-55.6132,0
1210,-55.6065,-55.6065,0
1210.25,-55.5998,-55.5998,0
1210.5,-55.5931,-55.5931,0
1210.75,-55.5863,-55.5863,0
1211,-55.5796,-55.5796,0
1211.25,-55.5728,-55.5728,0
1211.5,-55.566,-55.566,0
1211.75,-55.5591,-55.5591,0
1212,-55.5523,-55.5523,0
1212.25,-55.5454,-55.5454,0
1212.5,-55.5385,-55.5385,0
1212.75,-55.5316,-55.5316,0
1213,-55.5247,-55.5247,0
1213.25,-55.5177,-55.5177,0
1213.5,-55.5107,-55.5107,0
1213.75,-55.5037,-55.5037,0
1214,-55.4967,-55.4967,0
1214.25,-55.4897,-55.4897,0
1214.5,-55.4826,-55.4826,0
1214.75,-55.4755,-55.4755,0
1215,-55.4684,-55.4684,0
1215.25,-55.4613,-55.4613,0
1215.5,-55.4541,-55.4541,0
1215.75,-55.4469,-55.4469,0
1216,-55.4397,-55.4397,0
1216.25,-55.4325,-55.4325,0
1216.5,-55.4252,-55.4252,0
1216.75,-55.418,-55.418,0
1217,-55.4107,-55.4107,0
1217.25,-55.4033,-55.4033,0
1217.5,-55.396,-55.396,0
1217.75,-55.3886,-55.3886,0
1218,-55.3812,-55.3812,0
1218.25,-55.3738,-55.3738,0
1218.5,-55.3664,-55.3664,0
1218.75,-55.3589,-55.3589,0
1219,-55.3514,-55.3514,0
1219.25,-55.3439,-55.3439,0
1219.5,-55.3363,-55.3363,0
1219.75,-55.3287,-55.3287,0
1220,-55.3211,-55.3211,0
1220.25,-55.3135,-55.3135,0
1220.5,-55.3058,-55.3058,0
1220.75,-55.2981,-55.2981,0
1221,-55.2904,-55.2904,0
1221.25,-55.2827,-55.2827,0
1221.5,-55.2749,-55.2749,0
1221.75,-55.2671,-55.2671,0
1222,-55.2593,-55.2593,0
1222.25,-55.2514,-55.2514,0
1222.5,-55.2435,-55.2435,0
1222.75,-55.2356,-55.2356,0
1223,-55.2276,-55.2276,0
1223.25,-55.2197,-55.2197,0
1223.5,-55.2117,-55.2117,0
1223.75,-55.2036,-55.2036,0
1224,-55.1955,-55.1955,0
1224.25,-55.1874,-55.1874,0
1224.5,-55.1793,-55.1793,0
1224.75,-55.1711,-55.1711,0
1225,-55.1629,-55.1629,0
1225.25,-55.1547,-55.1547,0
1225.5,-55.1464,-55.1464,0
1225.75,-55.1381,-55.1381,0
1226,-55.1298,-55.1298,0
1226.25,-55.1214,-55.1214,0
1226.5,-55.113,-55.113,0
1226.75,-55.1046,-55.1046,0
1227,-55.0961,-55.0961,0
1227.25,-55.0876,-55.0876,0
1227.5,-55.0791,-55.0791,0
1227.75,-55.0705,-55.0705,0
1228,-55.0619,-55.0619,0
1228.25,-55.0533,-55.0533,0
1228.5,-55.0446,-55.0446,0
1228.75,-55.0358,-55.0358,0
1229,-55.0271,-55.0271,0
1229.25,-55.0183,-55.0183,0
1229.5,-55.0094,-55.0094,0
1229.75,-55.0005,-55.0005,0
1230,-54.9916,-54.9916,0
1230.25,-54.9827,-54.9827,0
1230.5,-54.9737,-54.9737,0
1230.75,-54.9646,-54.9646,0
1231,-54.9555,-54.9555,0
1231.25,-54.9464,-54.9464,0
1231.5,-54.9372,-54.9372,0
1231.75,-54.928,-54.928,0
1232,-54.9187,-54.9187,0
1232.25,-54.9094,-54.9094,0
1232.5,-54.9001,-54.9001,0
1232.75,-54.8907,-54.8907,0
1233,-54.8813,-54.8813,0
1233.25,-54.8718,-54.8718,0
1233.5,-54.8622,-54.8622,0
1233.75,-54.8527,-54.8527,0
1234,-54.843,-54.843,0
1234.25,-54.8334,-54.8334,0
1234.5,-54.8236,-54.8236,0
1234.75,-54.8139,-54.8139,0
1235,-54.804,-54.804,0
1235.25,-54.7941,-54.7941,0
1235.5,-54.7842,-54.7842,0
1235.75,-54.7742,-54.7742,0
1236,-54.7642,-54.7642,0
1236.25,-54.7541,-54.7541,0
1236.5,-54.744,-54.744,0
1236.75,-54.7338,-54.7338,0
1237,-54.7235,-54.7235,0
1237.25,-54.7132,-54.7132,0
1237.5,-54.7028,-54.7028,0
1237.75,-54.6924,-54.6924,0
1238,-54.6819,-54.6819,0
1238.25,-54.6713,-54.6713,0
1238.5,-54.6607,-54.6607,0
1238.75,-54.65,-54.65,0
1239,-54.6393,-54.6393,0
1239.25,-54.6285,-54.6285,0
1239.5,-54.6176,-54.6176,0
1239.75,-54.6067,-54.6067,0
1240,-54.5957,-54.5957,0
1240.25,-54.5846,-54.5846,0
1240.5,-54.5735,-54.5735,0
1240.75,-54.5623,-54.5623,0
1241,-54.551,-54.551,0
1241.25,-54.5396,-54.5396,0
1241.5,-54.5282,-54.5282,0
1241.75,-54.5167,-54.5167,0
1242,-54.5051,-54.5051,0
1242.25,-54.4935,-54.4935,0
1242.5,-54.4817,-54.4817,0
1242.75,-54.4699,-54.4699,0
1243,-54.458,-54.458,0
1243.25,-54.4461,-54.4461,0
1243.5,-54.434,-54.434,0
1243.75,-54.4218,-54.4218,0
1244,-54.4096,-54.4096,0
1244.25,-54.3973,-54.3973,0
1244.5,-54.3849,-54.3849,0
1244.75,-54.3724,-54.3724,0
1245,-54.3598,-54.3598,0
1245.25,-54.3471,-54.3471,0
1245.5,-54.3343,-54.3343,0
1245.75,-54.3214,-54.3214,0
1246,-54.3084,-54.3084,0
1246.25,-54.2953,-54.2953,0
1246.5,-54.2821,-54.2821,0
1246.75,-54.2688,-54.2688,0
1247,-54.2554,-54.2554,0
1247.25,-54.2419,-54.2419,0
1247.5,-54.2283,-54.2283,0
1247.75,-54.2145,-54.2145,0
1248,-54.2006,-54.2006,0
1248.25,-54.1867,-54.1867,0
1248.5,-54.1725,-54.1725,0
1248.75,-54.1583,-54.1583,0
1249,-54.1439,-54.1439,0
1249.25,-54.1294,-54.1294,0
1249.5,-54.1148,-54.1148,0
1249.75,-54.1,-54.1,0
1250,-54.0851,-54.0851,0
1250.25,-54.0701,-54.0701,0
1250.5,-54.0549,-54.0549,0
1250.75,-54.0395,-54.0395,0
1251,-54.024,-54.024,0
1251.25,-54.0083,-54.0083,0
1251.5,-53.9925,-53.9925,0
1251.75,-53.9765,-53.9765,0
1252,-53.9603,-53.9603,0
1252.25,-53.944,-53.944,0
1252.5,-53.9275,-53.9275,0
1252.75,-53.9108,-53.9108,0
1253,-53.8939,-53.8939,0
1253.25,-53.8768,-53.8768,0
1253.5,-53.8595,-53.8595,0
1253.75,-53.842,-53.842,0
1254,-53.8243,-53.8243,0
1254.25,-53.8063,-53.8063,0
1254.5,-53.7882,-53.7882,0
1254.75,-53.7698,-53.7698,0
1255,-53.7512,-53.7512,0
1255.25,-53.7323,-53.7323,0
1255.5,-53.7131,-53.7131,0
1255.75,-53.6937,-53.6937,0
1256,-53.6741,-53.6741,0
1256.25,-53.6541,-53.6541,0
1256.5,-53.6339,-53.6339,0
1256.75,-53.6133,-53.6133,0
1257,-53.5924,-53.5924,0
1257.25,-53.5712,-53.5712,0
1257.5,-53.5497,-53.5497,0
1257.75,-53.5278,-53.5278,0
1258,-53.5056,-53.5056,0
1258.25,-53.483,-53.483,0
1258.5,-53.46,-53.46,0
1258.75,-53.4365,-53.4365,0
1259,-53.4127,-53.4127,0
1259.25,-53.3884,-53.3884,0
1259.5,-53.3636,-53.3636,0
1259.75,-53.3383,-53.3383,0
1260,-53.3125,-53.3125,0
1260.25,-53.2862,-53.2862,0
1260.5,-53.2593,-53.2593,0
1260.75,-53.2319,-53.2319,0
1261,-53.2038,-53.2038,0
1261.25,-53.175,-53.175,0
1261.5,-53.1456,-53.1456,0
1261.75,-53.1154,-53.1154,0
1262,-53.0844,-53.0844,0
1262.25,-53.0526,-53.0526,0
1262.5,-53.02,-53.02,0
1262.75,-52.9864,-52.9864,0
1263,-52.9518,-52.9518,0
1263.25,-52.9162,-52.9162,0
1263.5,-52.8794,-52.8794,0
1263.75,-52.8414,-52.8414,0
1264,-52.802,-52.802,0
1264.25,-52.7613,-52.7613,0
1264.5,-52.719,-52.719,0
1264.75,-52.675,-52.675,0
1265,-52.6292,-52.6292,0
1265.25,-52.5814,-52.5814,0
1265.5,-52.5314,-52.5314,0
1265.75,-52.479,-52.479,0
1266,-52.4239,-52.4239,0
1266.25,-52.3658,-52.3658,0
1266.5,-52.3043,-52.3043,0
1266.75,-52.239,-52.239,0
1267,-52.1693,-52.1693,0
1267.25,-52.0946,-52.0946,0
1267.5,-52.0142,-52.0142,0
1267.75,-51.927,-51.927,0
1268,-51.8317,-51.8317,0
1268.25,-51.7267,-51.7267,0
1268.5,-51.6097,-51.6097,0
1268.75,-51.4779,-51.4779,0
1269,-51.3268,-51.3268,0
1269.25,-51.1502,-51.1502,0
1269.5,-50.9382,-50.9382,0
1269.75,-50.674,-50.674,0
1270,-50.3263,-50.3263,0
1270.25,-49.8258,-49.8258,0
1270.5,-48.9644,-48.9644,0
1270.75,-46.261,-46.261,0
1271,3.79621,3.79621,0
1271.25,10.9399,10.9399,0
1271.5,-5.27168,-5.27168,0
1271.75,-16.879,-16.879,0
1272,-26.739,-26.739,0
1272.25,-37.5562,-37.5562,0
1272.5,-46.4882,-46.4882,0
1272.75,-50.6091,-50.6091,0
1273,-52.5111,-52.5111,0
1273.25,-53.5156,-53.5156,0
1273.5,-54.0995,-54.0995,0
1273.75,-54.4745,-54.4745,0
1274,-54.7457,-54.7457,0
1274.25,-54.9677,-54.9677,0
1274.5,-55.1692,-55.1692,0
1274.75,-55.365,-55.365,0
1275,-55.562,-55.562,0
1275.25,-55.7631,-55.7631,0
1275.5,-55.9688,-55.9688,0
1275.75,-56.1785,-56.1785,0
1276,-56.391,-56.391,0
1276.25,-56.6049,-56.6049,0
1276.5,-56.8189,-56.8189,0
1276.75,-57.0318,-57.0318,0
1277,-57.2424,-57.2424,0
1277.25,-57.4498,-57.4498,0
1277.5,-57.6533,-57.6533,0
1277.75,-57.8524,-57.8524,0
1278,-58.0464,-58.0464,0
1278.25,-58.2351,-58.2351,0
1278.5,-58.4182,-58.4182,0
1278.75,-58.5957,-58.5957,0
1279,-58.7672,-58.7672,0
1279.25,-58.933,-58.933,0
1279.5,-59.0928,-59.0928,0
1279.75,-59.2469,-59.2469,0
1280,-59.3952,-59.3952,0
1280.25,-59.5378,-59.5378,0
1280.5,-59.675,-59.675,0
1280.75,-59.8067,-59.8067,0
1281,-59.9331,-59.9331,0
1281.25,-60.0544,-60.0544,0
1281.5,-60.1707,-60.1707,0
1281.75,-60.2822,-60.2822,0
1282,-60.389,-60.389,0
1282.25,-60.4912,-60.4912,0
1282.5,-60.5891,-60.5891,0
1282.75,-60.6827,-60.6827,0
1283,-60.7722,-60.7722,0
1283.25,-60.8578,-60.8578,0
1283.5,-60.9396,-60.9396,0
1283.75,-61.0177,-61.0177,0
1284,-61.0922,-61.0922,0
1284.25,-61.1633,-61.1633,0
1284.5,-61.2311,-61.2311,0
1284.75,-61.2958,-61.2958,0
1285,-61.3573,-61.3573,0
1285.25,-61.416,-61.416,0
1285.5,-61.4717,-61.4717,0
1285.75,-61.5248,-61.5248,0
1286,-61.5752,-61.5752,0
1286.25,-61.623,-61.623,0
1286.5,-61.6684,-61.6684,0
1286.75,-61.7115,-61.7115,0
1287,-61.7522,-61.7522,0
1287.25,-61.7908,-61.7908,0
1287.5,-61.8272,-61.8272,0
1287.75,-61.8616,-61.8616,0
1288,-61.8941,-61.8941,0
1288.25,-61.9246,-61.9246,0
1288.5,-61.9533,-61.9533,0
1288.75,-61.9802,-61.9802,0
1289,-62.0055,-62.0055,0
1289.25,-62.0291,-62.0291,0
1289.5,-62.0511,-62.0511,0
1289.75,-62.0716,-62.0716,0
1290,-62.0906,-62.0906,0
1290.25,-62.1082,-62.1082,0
1290.5,-62.1244,-62.1244,0
1290.75,-62.1393,-62.1393,0
1291,-62.1529,-62.1529,0
1291.25,-62.1652,-62.1652,0
1291.5,-62.1764,-62.1764,0
1291.75,-62.1864,-62.1864,0
1292,-62.1953,-62.1953,0
1292.25,-62.2032,-62.2032,0
1292.5,-62.21,-62.21,0
1292.75,-62.2158,-62.2158,0
1293,-62.2206,-62.2206,0
1293.25,-62.2245,-62.2245,0
1293.5,-62.2274,-62.2274,0
1293.75,-62.2295,-62.2295,0
1294,-62.2308,-62.2308,0
1294.25,-62.2312,-62.2312,0
1294.5,-62.2308,-62.2308,0
1294.75,-62.2297,-62.2297,0
1295,-62.2278,-62.2278,0
1295.25,-62.2253,-62.2253,0
1295.5,-62.222,-62.222,0
1295.75,-62.218,-62.218,0
1296,-62.2134,-62.2134,0
1296.25,-62.2082,-62.2082,0
1296.5,-62.2024,-62.2024,0
1296.75,-62.1959,-62.1959,0
1297,-62.1889,-62.1889,0
1297.25,-62.1814,-62.1814,0
1297.5,-62.1733,-62.1733,0
1297.75,-62.1647,-62.1647,0
1298,-62.1556,-62.1556,0
1298.25,-62.146,-62.146,0
1298.5,-62.136,-62.136,0
1298.75,-62.1255,-62.1255,0
1299,-62.1146,-62.1146,0
1299.25,-62.1032,-62.1032,0
1299.5,-62.0914,-62.0914,0
1299.75,-62.0792,-62.0792,0
1300,-62.0667,-62.0667,0
1300.25,-62.0537,-62.0537,0
1300.5,-62.0405,-62.0405,0
1300.75,-62.0268,-62.0268,0
1301,-62.0128,-62.0128,0
1301.25,-61.9985,-61.9985,0
1301.5,-61.9839,-61.9839,0
1301.75,-61.9689,-61.9689,0
1302,-61.9537,-61.9537,0
1302.25,-61.9381,-61.9381,0
1302.5,-61.9223,-61.9223,0
1302.75,-61.9063,-61.9063,0
1303,-61.8899,-61.8899,0
1303.25,-61.8733,-61.8733,0
1303.5,-61.8565,-61.8565,0
1303.75,-61.8394,-61.8394,0
1304,-61.8221,-61.8221,0
1304.25,-61.8045,-61.8045,0
1304.5,-61.7868,-61.7868,0
1304.75,-61.7688,-61.7688,0
1305,-61.7506,-61.7506,0
1305.25,-61.7323,-61.7323,0
1305.5,-61.7137,-61.7137,0
1305.75,-61.695,-61.695,0
1306,-61.6761,-61.6761,0
1306.25,-61.657,-61.657,0
1306.5,-61.6378,-61.6378,0
1306.75,-61.6184,-61.6184,0
1307,-61.5988,-61.5988,0
1307.25,-61.5791,-61.5791,0
1307.5,-61.5592,-61.5592,0
1307.75,-61.5392,-61.5392,0
1308,-61.5191,-61.5191,0
1308.25,-61.4988,-61.4988,0
1308.5,-61.4785,-61.4785,0
1308.75,-61.458,-61.458,0
1309,-61.4373,-61.4373,0
1309.25,-61.4166,-61.4166,0
1309.5,-61.3958,-61.3958,0
1309.75,-61.3748,-61.3748,0
1310,-61.3538,-61.3538,0
1310.25,-61.3326,-61.3326,0
1310.5,-61.3114,-61.3114,0
1310.75,-61.29,-61.29,0
1311,-61.2686,-61.2686,0
1311.25,-61.2471,-61.2471,0
1311.5,-61.2255,-61.2255,0
1311.75,-61.2039,-61.2039,0
1312,-61.1822,-61.1822,0
1312.25,-61.1604,-61.1604,0
1312.5,-61.1385,-61.1385,0
1312.75,-61.1166,-61.1166,0
1313,-61.0946,-61.0946,0
1313.25,-61.0725,-61.0725,0
1313.5,-61.0504,-61.0504,0
1313.75,-61.0282,-61.0282,0
1314,-61.006,-61.006,0
1314.25,-60.9838,-60.9838,0
1314.5,-60.9615,-60.9615,0
1314.75,-60.9391,-60.9391,0
1315,-60.9167,-60.9167,0
1315.25,-60.8943,-60.8943,0
1315.5,-60.8718,-60.8718,0
1315.75,-60.8493,-60.8493,0
1316,-60.8268,-60.8268,0
1316.25,-60.8042,-60.8042,0
1316.5,-60.7816,-60.7816,0
1316.75,-60.759,-60.759,0
1317,-60.7363,-60.7363,0
1317.25,-60.7136,-60.7136,0
1317.5,-60.6909,-60.6909,0
1317.75,-60.6682,-60.6682,0
1318,-60.6455,-60.6455,0
1318.25,-60.6227,-60.6227,0
1318.5,-60.5999,-60.5999,0
1318.75,-60.5772,-60.5772,0
1319,-60.5544,-60.5544,0
1319.25,-60.5316,-60.5316,0
1319.5,-60.5087,-60.5087,0
1319.75,-60.4859,-60.4859,0
1320,-60.4631,-60.4631,0
1320.25,-60.4402,-60.4402,0
1320.5,-60.4174,-60.4174,0
1320.75,-60.3946,-60.3946,0
1321,-60.3717,-60.3717,0
1321.25,-60.3489,-60.3489,0
1321.5,-60.326,-60.326,0
1321.75,-60.3032,-60.3032,0
1322,-60.2803,-60.2803,0
1322.25,-60.2575,-60.2575,0
1322.5,-60.2347,-60.2347,0
1322.75,-60.2119,-60.2119,0
1323,-60.189,-60.189,0
1323.25,-60.1662,-60.1662,0
1323.5,-60.1434,-60.1434,0
1323.75,-60.1207,-60.1207,0
1324,-60.0979,-60.0979,0
1324.25,-60.0751,-60.0751,0
1324.5,-60.0524,-60.0524,0
1324.75,-60.0296,-60.0296,0
1325,-60.0069,-60.0069,0
1325.25,-59.9842,-59.9842,0
1325.5,-59.9615,-59.9615,0
1325.75,-59.9388,-59.9388,0
1326,-59.9162,-59.9162,0
1326.25,-59.8936,-59.8936,0
1326.5,-59.8709,-59.8709,0
1326.75,-59.8483,-59.8483,0
1327,-59.8258,-59.8258,0
1327.25,-59.8032,-59.8032,0
1327.5,-59.7807,-59.7807,0
1327.75,-59.7582,-59.7582,0
1328,-59.7357,-59.7357,0
1328.25,-59.7132,-59.7132,0
1328.5,-59.6908,-59.6908,0
1328.75,-59.6684,-59.6684,0
1329,-59.646,-59.646,0
1329.25,-59.6236,-59.6236,0
1329.5,-59.6013,-59.6013,0
1329.75,-59.5789,-59.5789,0
1330,-59.5567,-59.5567,0
1330.25,-59.5344,-59.5344,0
1330.5,-59.5122,-59.5122,0
1330.75,-59.49,-59.49,0
1331,-59.4678,-59.4678,0
1331.25,-59.4457,-59.4457,0
1331.5,-59.4235,-59.4235,0
1331.75,-59.4015,-59.4015,0
1332,-59.3794,-59.3794,0
1332.25,-59.3574,-59.3574,0
1332.5,-59.3354,-59.3354,0
1332.75,-59.3134,-59.3134,0
1333,-59.2915,-59.2915,0
1333.25,-59.2696,-59.2696,0
1333.5,-59.2477,-59.2477,0
1333.75,-59.2259,-59.2259,0
1334,-59.2041,-59.2041,0
1334.25,-59.1823,-59.1823,0
1334.5,-59.1606,-59.1606,0
1334.75,-59.1389,-59.1389,0
1335,-59.1172,-59.1172,0
1335.25,-59.0956,-59.0956,0
1335.5,-59.074,-59.074,0
1335.75,-59.0524,-59.0524,0
1336,-59.0309,-59.0309,0
1336.25,-59.0094,-59.0094,0
1336.5,-58.9879,-58.9879,0
1336.75,-58.9665,-58.9665,0
1337,-58.9451,-58.9451,0
1337.25,-58.9238,-58.9238,0
1337.5,-58.9024,-58.9024,0
1337.75,-58.8811,-58.8811,0
1338,-58.8599,-58.8599,0
1338.25,-58.8387,-58.8387,0
1338.5,-58.8175,-58.8175,0
1338.75,-58.7964,-58.7964,0
1339,-58.7752,-58.7752,0
1339.25,-58.7542,-58.7542,0
1339.5,-58.7331,-58.7331,0
1339.75,-58.7121,-58.7121,0
1340,-58.6912,-58.6912,0
1340.25,-58.6702,-58.6702,0
1340.5,-58.6494,-58.6494,0
1340.75,-58.6285,-58.6285,0
1341,-58.6077,-58.6077,0
1341.25,-58.5869,-58.5869,0
1341.5,-58.5661,-58.5661,0
1341.75,-58.5454,-58.5454,0
1342,-58.5248,-58.5248,0
1342.25,-58.5041,-58.5041,0
1342.5,-58.4835,-58.4835,0
1342.75,-58.4629,-58.4629,0
1343,-58.4424,-58.4424,0
1343.25,-58.4219,-58.4219,0
1343.5,-58.4015,-58.4015,0
1343.75,-58.381,-58.381,0
1344,-58.3607,-58.3607,0
1344.25,-58.3403,-58.3403,0
1344.5,-58.32,-58.32,0
1344.75,-58.2997,-58.2997,0
1345,-58.2795,-58.2795,0
1345.25,-58.2593,-58.2593,0
1345.5,-58.2391,-58.2391,0
1345.75,-58.2189,-58.2189,0
1346,-58.1988,-58.1988,0
1346.25,-58.1788,-58.1788,0
1346.5,-58.1587,-58.1587,0
1346.75,-58.1387,-58.1387,0
1347,-58.1188,-58.1188,0
1347.25,-58.0988,-58.0988,0
1347.5,-58.079,-58.079,0
1347.75,-58.0591,-58.0591,0
1348,-58.0393,-58.0393,0
1348.25,-58.0195,-58.0195,0
1348.5,-57.9997,-57.9997,0
1348.75,-57.98,-57.98,0
1349,-57.9603,-57.9603,0
1349.25,-57.9406,-57.9406,0
1349.5,-57.921,-57.921,0
1349.75,-57.9014,-57.9014,0
1350,-57.8819,-57.8819,0
1350.25,-57.8624,-57.8624,0
1350.5,-57.8429,-57.8429,0
1350.75,-57.8234,-57.8234,0
1351,-57.804,-57.804,0
1351.25,-57.7846,-57.7846,0
1351.5,-57.7652,-57.7652,0
1351.75,-57.7459,-57.7459,0
1352,-57.7266,-57.7266,0
1352.25,-57.7073,-57.7073,0
1352.5,-57.6881,-57.6881,0
1352.75,-57.6689,-57.6689,0
1353,-57.6497,-57.6497,0
1353.25,-57.6305,-57.6305,0
1353.5,-57.6114,-57.6114,0
1353.75,-57.5923,-57.5923,0
1354,-57.5733,-57.5733,0
1354.25,-57.5542,-57.5542,0
1354.5,-57.5352,-57.5352,0
1354.75,-57.5163,-57.5163,0
1355,-57.4973,-57.4973,0
1355.25,-57.4784,-57.4784,0
1355.5,-57.4595,-57.4595,0
1355.75,-57.4407,-57.4407,0
1356,-57.4218,-57.4218,0
1356.25,-57.403,-57.403,0
1356.5,-57.3842,-57.3842,0
1356.75,-57.3655,-57.3655,0
1357,-57.3468,-57.3468,0
1357.25,-57.3281,-57.3281,0
1357.5,-57.3094,-57.3094,0
1357.75,-57.2907,-57.2907,0
1358,-57.2721,-57.2721,0
1358.25,-57.2535,-57.2535,0
1358.5,-57.2349,-57.2349,0
1358.75,-57.2164,-57.2164,0
1359,-57.1978,-57.1978,0
1359.25,-57.1793,-57.1793,0
1359.5,-57.1608,-57.1608,0
1359.75,-57.1424,-57.1424,0
1360,-57.1239,-57.1239,0
1360.25,-57.1055,-57.1055,0
1360.5,-57.0871,-57.0871,0
1360.75,-57.0688,-57.0688,0
1361,-57.0504,-57.0504,0
1361.25,-57.0321,-57.0321,0
1361.5,-57.0138,-57.0138,0
1361.75,-56.9955,-56.9955,0
1362,-56.9772,-56.9772,0
1362.25,-56.9589,-56.9589,0
1362.5,-56.9407,-56.9407,0
1362.75,-56.9225,-56.9225,0
1363,-56.9043,-56.9043,0
1363.25,-56.8861,-56.8861,0
1363.5,-56.8679,-56.8679,0
1363.75,-56.8498,-56.8498,0
1364,-56.8316,-56.8316,0
1364.25,-56.8135,-56.8135,0
1364.5,-56.7954,-56.7954,0
1364.75,-56.7773,-56.7773,0
1365,-56.7592,-56.7592,0
1365.25,-56.7412,-56.7412,0
1365.5,-56.7231,-56.7231,0
1365.75,-56.7051,-56.7051,0
1366,-56.687,-56.687,0
1366.25,-56.669,-56.669,0
1366.5,-56.651,-56.651,0
1366.75,-56.633,-56.633,0
1367,-56.6151,-56.6151,0
1367.25,-56.5971,-56.5971,0
1367.5,-56.5791,-56.5791,0
1367.75,-56.5612,-56.5612,0
1368,-56.5432,-56.5432,0
1368.25,-56.5253,-56.5253,0
1368.5,-56.5074,-56.5074,0
1368.75,-56.4894,-56.4894,0
1369,-56.4715,-56.4715,0
1369.25,-56.4536,-56.4536,0
1369.5,-56.4357,-56.4357,0
1369.75,-56.4178,-56.4178,0
1370,-56.3999,-56.3999,0
1370.25,-56.382,-56.382,0
1370.5,-56.3641,-56.3641,0
1370.75,-56.3462,-56.3462,0
1371,-56.3284,-56.3284,0
1371.25,-56.3105,-56.3105,0
1371.5,-56.2926,-56.2926,0
1371.75,-56.2747,-56.2747,0
1372,-56.2568,-56.2568,0
1372.25,-56.2389,-56.2389,0
1372.5,-56.221,-56.221,0
1372.75,-56.2031,-56.2031,0
1373,-56.1852,-56.1852,0
1373.25,-56.1673,-56.1673,0
1373.5,-56.1494,-56.1494,0
1373.75,-56.1315,-56.1315,0
1374,-56.1136,-56.1136,0
1374.25,-56.0957,-56.0957,0
1374.5,-56.0778,-56.0778,0
1374.75,-56.0598,-56.0598,0
1375,-56.0419,-56.0419,0
1375.25,-56.0239,-56.0239,0
1375.5,-56.0059,-56.0059,0
1375.75,-55.9879,-55.9879,0
1376,-55.97,-55.97,0
1376.25,-55.9519,-55.9519,0
1376.5,-55.9339,-55.9339,0
1376.75,-55.9159,-55.9159,0
1377,-55.8978,-55.8978,0
1377.25,-55.8798,-55.8798,0
1377.5,-55.8617,-55.8617,0
1377.75,-55.8436,-55.8436,0
1378,-55.8254,-55.8254,0
1378.25,-55.8073,-55.8073,0
1378.5,-55.7891,-55.7891,0
1378.75,-55.7709,-55.7709,0
1379,-55.7527,-55.7527,0
1379.25,-55.7345,-55.7345,0
1379.5,-55.7162,-55.7162,0
1379.75,-55.698,-55.698,0
1380,-55.6796,-55.6796,0
1380.25,-55.6613,-55.6613,0
1380.5,-55.6429,-55.6429,0
1380.75,-55.6245,-55.6245,0
1381,-55.6061,-55.6061,0
1381.25,-55.5876,-55.5876,0
1381.5,-55.5691,-55.5691,0
1381.75,-55.5506,-55.5506,0
1382,-55.532,-55.532,0
1382.25,-55.5134,-55.5134,0
1382.5,-55.4947,-55.4947,0
1382.75,-55.4761,-55.4761,0
1383,-55.4573,-55.4573,0
1383.25,-55.4385,-55.4385,0
1383.5,-55.4197,-55.4197,0
1383.75,-55.4009,-55.4009,0
1384,-55.3819,-55.3819,0
1384.25,-55.363,-55.363,0
1384.5,-55.344,-55.344,0
1384.75,-55.3249,-55.3249,0
1385,-55.3058,-55.3058,0
1385.25,-55.2866,-55.2866,0
1385.5,-55.2674,-55.2674,0
1385.75,-55.2481,-55.2481,0
1386,-55.2287,-55.2287,0
1386.25,-55.2093,-55.2093,0
1386.5,-55.1899,-55.1899,0
1386.75,-55.1703,-55.1703,0
1387,-55.1507,-55.1507,0
1387.25,-55.131,-55.131,0
1387.5,-55.1113,-55.1113,0
1387.75,-55.0914,-55.0914,0
1388,-55.0715,-55.0715,0
1388.25,-55.0515,-55.0515,0
1388.5,-55.0315,-55.0315,0
1388.75,-55.0113,-55.0113,0
1389,-54.9911,-54.9911,0
1389.25,-54.9708,-54.9708,0
1389.5,-54.9503,-54.9503,0
1389.75,-54.9298,-54.9298,0
1390,-54.9092,-54.9092,0
1390.25,-54.8885,-54.8885,0
1390.5,-54.8677,-54.8677,0
1390.75,-54.8468,-54.8468,0
1391,-54.8258,-54.8258,0
1391.25,-54.8046,-54.8046,0
1391.5,-54.7834,-54.7834,0
1391.75,-54.762,-54.762,0
1392,-54.7405,-54.7405,0
1392.25,-54.7189,-54.7189,0
1392.5,-54.6972,-54.6972,0
1392.75,-54.6753,-54.6753,0
1393,-54.6533,-54.6533,0
1393.25,-54.6311,-54.6311,0
1393.5,-54.6088,-54.6088,0
1393.75,-54.5863,-54.5863,0
1394,-54.5637,-54.5637,0
1394.25,-54.5409,-54.5409,0
1394.5,-54.518,-54.518,0
1394.75,-54.4949,-54.4949,0
1395,-54.4716,-54.4716,0
1395.25,-54.4481,-54.4481,0
1395.5,-54.4244,-54.4244,0
1395.75,-54.4005,-54.4005,0
1396,-54.3765,-54.3765,0
1396.25,-54.3522,-54.3522,0
1396.5,-54.3277,-54.3277,0
1396.75,-54.303,-54.303,0
1397,-54.278,-54.278,0
1397.25,-54.2528,-54.2528,0
1397.5,-54.2273,-54.2273,0
1397.75,-54.2016,-54.2016,0
1398,-54.1756,-54.1756,0
1398.25,-54.1494,-54.1494,0
1398.5,-54.1228,-54.1228,0
1398.75,-54.096,-54.096,0
1399,-54.0688,-54.0688,0
1399.25,-54.0413,-54.0413,0
1399.5,-54.0135,-54.0135,0
1399.75,-53.9853,-53.9853,0
1400,-53.9567,-53.9567,0
1400.25,-53.9277,-53.9277,0
1400.5,-53.8984,-53.8984,0
1400.75,-53.8686,-53.8686,0
1401,-53.8384,-53.8384,0
1401.25,-53.8077,-53.8077,0
1401.5,-53.7765,-53.7765,0
1401.75,-53.7448,-53.7448,0
1402,-53.7126,-53.7126,0
1402.25,-53.6798,-53.6798,0
1402.5,-53.6464,-53.6464,0
1402.75,-53.6124,-53.6124,0
1403,-53.5778,-53.5778,0
1403.25,-53.5424,-53.5424,0
1403.5,-53.5063,-53.5063,0
1403.75,-53.4694,-53.4694,0
1404,-53.4317,-53.4317,0
1404.25,-53.3931,-53.3931,0
1404.5,-53.3536,-53.3536,0
1404.75,-53.313,-53.313,0
1405,-53.2714,-53.2714,0
1405.25,-53.2286,-53.2286,0
1405.5,-53.1846,-53.1846,0
1405.75,-53.1393,-53.1393,0
1406,-53.0925,-53.0925,0
1406.25,-53.0441,-53.0441,0
1406.5,-52.9941,-52.9941,0
1406.75,-52.9421,-52.9421,0
1407,-52.8882,-52.8882,0
1407.25,-52.832,-52.832,0
1407.5,-52.7733,-52.7733,0
1407.75,-52.7119,-52.7119,0
1408,-52.6474,-52.6474,0
1408.25,-52.5795,-52.5795,0
1408.5,-52.5077,-52.5077,0
1408.75,-52.4314,-52.4314,0
1409,-52.3501,-52.3501,0
1409.25,-52.2628,-52.2628,0
1409.5,-52.1687,-52.1687,0
1409.75,-52.0662,-52.0662,0
1410,-51.9539,-51.9539,0
1410.25,-51.8293,-51.8293,0
1410.5,-51.6895,-51.6895,0
1410.75,-51.5298,-51.5298,0
1411,-51.3439,-51.3439,0
1411.25,-51.1212,-51.1212,0
1411.5,-50.8443,-50.8443,0
1411.75,-50.4794,-50.4794,0
1412,-49.9505,-49.9505,0
1412.25,-49.0166,-49.0166,0
1412.5,-45.4967,-45.4967,0
1412.75,16.2313,16.2313,0
1413,8.68516,8.68516,0
1413.25,-6.94981,-6.94981,0
1413.5,-18.1652,-18.1652,0
1413.75,-28.0385,-28.0385,0
1414,-38.9536,-38.9536,0
1414.25,-47.2282,-47.2282,0
1414.5,-50.921,-50.921,0
1414.75,-52.6553,-52.6553,0
1415,-53.5806,-53.5806,0
1415.25,-54.1222,-54.1222,0
1415.5,-54.4729,-54.4729,0
1415.75,-54.7292,-54.7292,0
1416,-54.9411,-54.9411,0
1416.25,-55.1353,-55.1353,0
1416.5,-55.325,-55.325,0
1416.75,-55.5167,-55.5167,0
1417,-55.7128,-55.7128,0
1417.25,-55.9137,-55.9137,0
1417.5,-56.1186,-56.1186,0
1417.75,-56.3264,-56.3264,0
1418,-56.5355,-56.5355,0
1418.25,-56.7448,-56.7448,0
1418.5,-56.9529,-56.9529,0
1418.75,-57.1588,-57.1588,0
1419,-57.3615,-57.3615,0
1419.25,-57.5605,-57.5605,0
1419.5,-57.755,-57.755,0
1419.75,-57.9447,-57.9447,0
1420,-58.1292,-58.1292,0
1420.25,-58.3082,-58.3082,0
1420.5,-58.4816,-58.4816,0
1420.75,-58.6492,-58.6492,0
1421,-58.8112,-58.8112,0
1421.25,-58.9673,-58.9673,0
1421.5,-59.1178,-59.1178,0
1421.75,-59.2627,-59.2627,0
1422,-59.402,-59.402,0
1422.25,-59.5358,-59.5358,0
1422.5,-59.6644,-59.6644,0
1422.75,-59.7878,-59.7878,0
1423,-59.9061,-59.9061,0
1423.25,-60.0195,-60.0195,0
1423.5,-60.1282,-60.1282,0
1423.75,-60.2323,-60.2323,0
1424,-60.3319,-60.3319,0
1424.25,-60.4272,-60.4272,0
1424.5,-60.5183,-60.5183,0
1424.75,-60.6054,-60.6054,0
1425,-60.6886,-60.6886,0
1425.25,-60.7681,-60.7681,0
1425.5,-60.8439,-60.8439,0
1425.75,-60.9162,-60.9162,0
1426,-60.9852,-60.9852,0
1426.25,-61.0509,-61.0509,0
1426.5,-61.1134,-61.1134,0
1426.75,-61.173,-61.173,0
1427,-61.2296,-61.2296,0
1427.25,-61.2835,-61.2835,0
1427.5,-61.3346,-61.3346,0
1427.75,-61.3831,-61.3831,0
1428,-61.4291,-61.4291,0
1428.25,-61.4727,-61.4727,0
1428.5,-61.5139,-61.5139,0
1428.75,-61.5529,-61.5529,0
1429,-61.5897,-61.5897,0
1429.25,-61.6244,-61.6244,0
1429.5,-61.6571,-61.6571,0
1429.75,-61.6879,-61.6879,0
1430,-61.7167,-61.7167,0
1430.25,-61.7438,-61.7438,0
1430.5,-61.7691,-61.7691,0
1430.75,-61.7927,-61.7927,0
1431,-61.8147,-61.8147,0
1431.25,-61.8351,-61.8351,0
1431.5,-61.8541,-61.8541,0
1431.75,-61.8715,-61.8715,0
1432,-61.8875,-61.8875,0
1432.25,-61.9022,-61.9022,0
1432.5,-61.9156,-61.9156,0
1432.75,-61.9276,-61.9276,0
1433,-61.9385,-61.9385,0
1433.25,-61.9482,-61.9482,0
1433.5,-61.9567,-61.9567,0
1433.75,-61.9641,-61.9641,0
1434,-61.9705,-61.9705,0
1434.25,-61.9758,-61.9758,0
1434.5,-61.9801,-61.9801,0
1434.75,-61.9834,-61.9834,0
1435,-61.9858,-61.9858,0
1435.25,-61.9874,-61.9874,0
1435.5,-61.988,-61.988,0
1435.75,-61.9878,-61.9878,0
1436,-61.9868,-61.9868,0
1436.25,-61.985,-61.985,0
1436.5,-61.9824,-61.9824,0
1436.75,-61.9791,-61.9791,0
1437,-61.975,-61.975,0
1437.25,-61.9703,-61.9703,0
1437.5,-61.9649,-61.9649,0
1437.75,-61.9589,-61.9589,0
1438,-61.9522,-61.9522,0
1438.25,-61.9449,-61.9449,0
1438.5,-61.937,-61.937,0
1438.75,-61.9286,-61.9286,0
1439,-61.9196,-61.9196,0
1439.25,-61.9101,-61.9101,0
1439.5,-61.9001,-61.9001,0
1439.75,-61.8895,-61.8895,0
1440,-61.8785,-61.8785,0
1440.25,-61.867,-61.867,0
1440.5,-61.855,-61.855,0
1440.75,-61.8426,-61.8426,0
1441,-61.8298,-61.8298,0
1441.25,-61.8166,-61.8166,0
1441.5,-61.803,-61.803,0
1441.75,-61.7889,-61.7889,0
1442,-61.7745,-61.7745,0
1442.25,-61.7598,-61.7598,0
1442.5,-61.7447,-61.7447,0
1442.75,-61.7292,-61.7292,0
1443,-61.7134,-61.7134,0
1443.25,-61.6973,-61.6973,0
1443.5,-61.6809,-61.6809,0
1443.75,-61.6642,-61.6642,0
1444,-61.6472,-61.6472,0
1444.25,-61.6299,-61.6299,0
1444.5,-61.6123,-61.6123,0
1444.75,-61.5945,-61.5945,0
1445,-61.5764,-61.5764,0
1445.25,-61.558,-61.558,0
1445.5,-61.5394,-61.5394,0
1445.75,-61.5206,-61.5206,0
1446,-61.5016,-61.5016,0
1446.25,-61.4823,-61.4823,0
1446.5,-61.4628,-61.4628,0
1446.75,-61.4431,-61.4431,0
1447,-61.4232,-61.4232,0
1447.25,-61.4032,-61.4032,0
1447.5,-61.3829,-61.3829,0
1447.75,-61.3624,-61.3624,0
1448,-61.3418,-61.3418,0
1448.25,-61.321,-61.321,0
1448.5,-61.3001,-61.3001,0
1448.75,-61.279,-61.279,0
1449,-61.2577,-61.2577,0
1449.25,-61.2363,-61.2363,0
1449.5,-61.2147,-61.2147,0
1449.75,-61.193,-61.193,0
1450,-61.1712,-61.1712,0
1450.25,-61.1492,-61.1492,0
1450.5,-61.1271,-61.1271,0
1450.75,-61.1049,-61.1049,0
1451,-61.0826,-61.0826,0
1451.25,-61.0601,-61.0601,0
1451.5,-61.0376,-61.0376,0
1451.75,-61.0149,-61.0149,0
1452,-60.9922,-60.9922,0
1452.25,-60.9693,-60.9693,0
1452.5,-60.9464,-60.9464,0
1452.75,-60.9233,-60.9233,0
1453,-60.9002,-60.9002,0
1453.25,-60.877,-60.877,0
1453.5,-60.8537,-60.8537,0
1453.75,-60.8303,-60.8303,0
1454,-60.8068,-60.8068,0
1454.25,-60.7833,-60.7833,0
1454.5,-60.7597,-60.7597,0
1454.75,-60.7361,-60.7361,0
1455,-60.7123,-60.7123,0
1455.25,-60.6885,-60.6885,0
1455.5,-60.6647,-60.6647,0
1455.75,-60.6408,-60.6408,0
1456,-60.6168,-60.6168,0
1456.25,-60.5928,-60.5928,0
1456.5,-60.5688,-60.5688,0
1456.75,-60.5446,-60.5446,0
1457,-60.5205,-60.5205,0
1457.25,-60.4963,-60.4963,0
1457.5,-60.472,-60.472,0
1457.75,-60.4478,-60.4478,0
1458,-60.4235,-60.4235,0
1458.25,-60.3991,-60.3991,0
1458.5,-60.3747,-60.3747,0
1458.75,-60.3503,-60.3503,0
1459,-60.3259,-60.3259,0
1459.25,-60.3014,-60.3014,0
1459.5,-60.2769,-60.2769,0
1459.75,-60.2524,-60.2524,0
1460,-60.2278,-60.2278,0
1460.25,-60.2032,-60.2032,0
1460.5,-60.1786,-60.1786,0
1460.75,-60.154,-60.154,0
1461,-60.1294,-60.1294,0
1461.25,-60.1048,-60.1048,0
1461.5,-60.0801,-60.0801,0
1461.75,-60.0554,-60.0554,0
1462,-60.0307,-60.0307,0
1462.25,-60.006,-60.006,0
1462.5,-59.9813,-59.9813,0
1462.75,-59.9566,-59.9566,0
1463,-59.9319,-59.9319,0
1463.25,-59.9072,-59.9072,0
1463.5,-59.8824,-59.8824,0
1463.75,-59.8577,-59.8577,0
1464,-59.833,-59.833,0
1464.25,-59.8082,-59.8082,0
1464.5,-59.7835,-59.7835,0
1464.75,-59.7587,-59.7587,0
1465,-59.734,-59.734,0
1465.25,-59.7093,-59.7093,0
1465.5,-59.6845,-59.6845,0
1465.75,-59.6598,-59.6598,0
1466,-59.6351,-59.6351,0
1466.25,-59.6103,-59.6103,0
1466.5,-59.5856,-59.5856,0
1466.75,-59.5609,-59.5609,0
1467,-59.5362,-59.5362,0
1467.25,-59.5115,-59.5115,0
1467.5,-59.4868,-59.4868,0
1467.75,-59.4621,-59.4621,0
1468,-59.4375,-59.4375,0
1468.25,-59.4128,-59.4128,0
1468.5,-59.3881,-59.3881,0
1468.75,-59.3635,-59.3635,0
1469,-59.3389,-59.3389,0
1469.25,-59.3143,-59.3143,0
1469.5,-59.2897,-59.2897,0
1469.75,-59.2651,-59.2651,0
1470,-59.2405,-59.2405,0
1470.25,-59.216,-59.216,0
1470.5,-59.1914,-59.1914,0
1470.75,-59.1669,-59.1669,0
1471,-59.1424,-59.1424,0
1471.25,-59.1179,-59.1179,0
1471.5,-59.0934,-59.0934,0
1471.75,-59.0689,-59.0689,0
1472,-59.0445,-59.0445,0
1472.25,-59.0201,-59.0201,0
1472.5,-58.9957,-58.9957,0
1472.75,-58.9713,-58.9713,0
1473,-58.9469,-58.9469,0
1473.25,-58.9226,-58.9226,0
1473.5,-58.8982,-58.8982,0
1473.75,-58.8739,-58.8739,0
1474,-58.8496,-58.8496,0
1474.25,-58.8253,-58.8253,0
1474.5,-58.8011,-58.8011,0
1474.75,-58.7769,-58.7769,0
1475,-58.7526,-58.7526,0
1475.25,-58.7284,-58.7284,0
1475.5,-58.7043,-58.7043,0
1475.75,-58.6801,-58.6801,0
1476,-58.656,-58.656,0
1476.25,-58.6319,-58.6319,0
1476.5,-58.6078,-58.6078,0
1476.75,-58.5837,-58.5837,0
1477,-58.5597,-58.5597,0
1477.25,-58.5357,-58.5357,0
1477.5,-58.5117,-58.5117,0
1477.75,-58.4877,-58.4877,0
1478,-58.4637,-58.4637,0
1478.25,-58.4398,-58.4398,0
1478.5,-58.4159,-58.4159,0
1478.75,-58.392,-58.392,0
1479,-58.3681,-58.3681,0
1479.25,-58.3442,-58.3442,0
1479.5,-58.3204,-58.3204,0
1479.75,-58.2966,-58.2966,0
1480,-58.2728,-58.2728,0
1480.25,-58.2491,-58.2491,0
1480.5,-58.2253,-58.2253,0
1480.75,-58.2016,-58.2016,0
1481,-58.1779,-58.1779,0
1481.25,-58.1542,-58.1542,0
1481.5,-58.1305,-58.1305,0
1481.75,-58.1069,-58.1069,0
1482,-58.0833,-58.0833,0
1482.25,-58.0597,-58.0597,0
1482.5,-58.0361,-58.0361,0
1482.75,-58.0125,-58.0125,0
1483,-57.989,-57.989,0
1483.25,-57.9655,-57.9655,0
1483.5,-57.942,-57.942,0
1483.75,-57.9185,-57.9185,0
1484,-57.895,-57.895,0
1484.25,-57.8716,-57.8716,0
1484.5,-57.8482,-57.8482,0
1484.75,-57.8248,-57.8248,0
1485,-57.8014,-57.8014,0
1485.25,-57.778,-57.778,0
1485.5,-57.7547,-57.7547,0
1485.75,-57.7313,-57.7313,0
1486,-57.708,-57.708,0
1486.25,-57.6847,-57.6847,0
1486.5,-57.6614,-57.6614,0
1486.75,-57.6382,-57.6382,0
1487,-57.6149,-57.6149,0
1487.25,-57.5917,-57.5917,0
1487.5,-57.5685,-57.5685,0
1487.75,-57.5452,-57.5452,0
1488,-57.5221,-57.5221,0
1488.25,-57.4989,-57.4989,0
1488.5,-57.4757,-57.4757,0
1488.75,-57.4526,-57.4526,0
1489,-57.4294,-57.4294,0
1489.25,-57.4063,-57.4063,0
1489.5,-57.3832,-57.3832,0
1489.75,-57.3601,-57.3601,0
1490,-57.337,-57.337,0
1490.25,-57.3139,-57.3139,0
1490.5,-57.2908,-57.2908,0
1490.75,-57.2678,-57.2678,0
1491,-57.2447,-57.2447,0
1491.25,-57.2217,-57.2217,0
1491.5,-57.1986,-57.1986,0
1491.75,-57.1756,-57.1756,0
1492,-57.1526,-57.1526,0
1492.25,-57.1296,-57.1296,0
1492.5,-57.1065,-57.1065,0
1492.75,-57.0835,-57.0835,0
1493,-57.0605,-57.0605,0
1493.25,-57.0375,-57.0375,0
1493.5,-57.0145,-57.0145,0
1493.75,-56.9916,-56.9916,0
1494,-56.9686,-56.9686,0
1494.25,-56.9456,-56.9456,0
1494.5,-56.9226,-56.9226,0
1494.75,-56.8996,-56.8996,0
1495,-56.8766,-56.8766,0
1495.25,-56.8536,-56.8536,0
1495.5,-56.8307,-56.8307,0
1495.75,-56.8077,-56.8077,0
1496,-56.7847,-56.7847,0
1496.25,-56.7617,-56.7617,0
1496.5,-56.7387,-56.7387,0
1496.75,-56.7157,-56.7157,0
1497,-56.6926,-56.6926,0
1497.25,-56.6696,-56.6696,0
1497.5,-56.6466,-56.6466,0
1497.75,-56.6235,-56.6235,0
1498,-56.6005,-56.6005,0
1498.25,-56.5774,-56.5774,0
1498.5,-56.5544,-56.5544,0
1498.75,-56.5313,-56.5313,0
1499,-56.5082,-56.5082,0
1499.25,-56.4851,-56.4851,0
1499.5,-56.4619,-56.4619,0
1499.75,-56.4388,-56.4388,0
1500,-56.4156,-56.4156,0
1500.25,-56.3924,-56.3924,0
1500.5,-56.3692,-56.3692,0
1500.75,-56.346,-56.346,0
1501,-56.3228,-56.3228,0
1501.25,-56.2995,-56.2995,0
1501.5,-56.2762,-56.2762,0
1501.75,-56.2529,-56.2529,0
1502,-56.2295,-56.2295,0
1502.25,-56.2062,-56.2062,0
1502.5,-56.1828,-56.1828,0
1502.75,-56.1593,-56.1593,0
1503,-56.1359,-56.1359,0
1503.25,-56.1124,-56.1124,0
1503.5,-56.0888,-56.0888,0
1503.75,-56.0653,-56.0653,0
1504,-56.0417,-56.0417,0
1504.25,-56.018,-56.018,0
1504.5,-55.9943,-55.9943,0
1504.75,-55.9706,-55.9706,0
1505,-55.9468,-55.9468,0
1505.25,-55.923,-55.923,0
1505.5,-55.8991,-55.8991,0
1505.75,-55.8752,-55.8752,0
1506,-55.8512,-55.8512,0
1506.25,-55.8272,-55.8272,0
1506.5,-55.8031,-55.8031,0
1506.75,-55.779,-55.779,0
1507,-55.7548,-55.7548,0
1507.25,-55.7306,-55.7306,0
1507.5,-55.7063,-55.7063,0
1507.75,-55.6819,-55.6819,0
1508,-55.6574,-55.6574,0
1508.25,-55.6329,-55.6329,0
1508.5,-55.6083,-55.6083,0
1508.75,-55.5837,-55.5837,0
1509,-55.5589,-55.5589,0
1509.25,-55.5341,-55.5341,0
1509.5,-55.5092,-55.5092,0
1509.75,-55.4842,-55.4842,0
1510,-55.4592,-55.4592,0
1510.25,-55.434,-55.434,0
1510.5,-55.4088,-55.4088,0
1510.75,-55.3834,-55.3834,0
1511,-55.358,-55.358,0
1511.25,-55.3324,-55.3324,0
1511.5,-55.3067,-55.3067,0
1511.75,-55.281,-55.281,0
1512,-55.2551,-55.2551,0
1512.25,-55.2291,-55.2291,0
1512.5,-55.203,-55.203,0
1512.75,-55.1767,-55.1767,0
1513,-55.1503,-55.1503,0
1513.25,-55.1238,-55.1238,0
1513.5,-55.0972,-55.0972,0
1513.75,-55.0704,-55.0704,0
1514,-55.0435,-55.0435,0
1514.25,-55.0164,-55.0164,0
1514.5,-54.9891,-54.9891,0
1514.75,-54.9617,-54.9617,0
1515,-54.9341,-54.9341,0
1515.25,-54.9064,-54.9064,0
1515.5,-54.8785,-54.8785,0
1515.75,-54.8503,-54.8503,0
1516,-54.822,-54.822,0
1516.25,-54.7935,-54.7935,0
1516.5,-54.7648,-54.7648,0
1516.75,-54.7358,-54.7358,0
1517,-54.7067,-54.7067,0
1517.25,-54.6773,-54.6773,0
1517.5,-54.6476,-54.6476,0
1517.75,-54.6177,-54.6177,0
1518,-54.5876,-54.5876,0
1518.25,-54.5572,-54.5572,0
1518.5,-54.5265,-54.5265,0
1518.75,-54.4955,-54.4955,0
1519,-54.4642,-54.4642,0
1519.25,-54.4325,-54.4325,0
1519.5,-54.4006,-54.4006,0
1519.75,-54.3683,-54.3683,0
1520,-54.3357,-54.3357,0
1520.25,-54.3026,-54.3026,0
1520.5,-54.2692,-54.2692,0
1520.75,-54.2354,-54.2354,0
1521,-54.2011,-54.2011,0
1521.25,-54.1664,-54.1664,0
1521.5,-54.1313,-54.1313,0
1521.75,-54.0956,-54.0956,0
1522,-54.0594,-54.0594,0
1522.25,-54.0227,-54.0227,0
1522.5,-53.9854,-53.9854,0
1522.75,-53.9475,-53.9475,0
1523,-53.9089,-53.9089,0
1523.25,-53.8697,-53.8697,0
1523.5,-53.8298,-53.8298,0
1523.75,-53.7891,-53.7891,0
1524,-53.7476,-53.7476,0
1524.25,-53.7053,-53.7053,0
1524.5,-53.6621,-53.6621,0
1524.75,-53.6179,-53.6179,0
1525,-53.5727,-53.5727,0
1525.25,-53.5263,-53.5263,0
1525.5,-53.4788,-53.4788,0
1525.75,-53.4301,-53.4301,0
1526,-53.3799,-53.3799,0
1526.25,-53.3283,-53.3283,0
1526.5,-53.2751,-53.2751,0
1526.75,-53.2201,-53.2201,0
1527,-53.1633,-53.1633,0
1527.25,-53.1043,-53.1043,0
1527.5,-53.0431,-53.0431,0
1527.75,-52.9793,-52.9793,0
1528,-52.9127,-52.9127,0
1528.25,-52.843,-52.843,0
1528.5,-52.7697,-52.7697,0
1528.75,-52.6925,-52.6925,0
1529,-52.6107,-52.6107,0
1529.25,-52.5236,-52.5236,0
1529.5,-52.4305,-52.4305,0
1529.75,-52.3302,-52.3302,0
1530,-52.2215,-52.2215,0
1530.25,-52.1025,-52.1025,0
1530.5,-51.9709,-51.9709,0
1530.75,-51.8234,-51.8234,0
1531,-51.6554,-51.6554,0
1531.25,-51.4599,-51.4599,0
1531.5,-51.2258,-51.2258,0
1531.75,-50.9341,-50.9341,0
1532,-50.5475,-50.5475,0
1532.25,-49.9791,-49.9791,0
1532.5,-48.9301,-48.9301,0
1532.75,-43.5286,-43.5286,0
1533,22.1605,22.1605,0
1533.25,5.90082,5.90082,0
1533.5,-8.92644,-8.92644,0
1533.75,-19.7092,-19.7092,0
1534,-29.656,-29.656,0
1534.25,-40.5804,-40.5804,0
1534.5,-48.0129,-48.0129,0
1534.75,-51.2531,-51.2531,0
1535,-52.8063,-52.8063,0
1535.25,-53.6441,-53.6441,0
1535.5,-54.1385,-54.1385,0
1535.75,-54.4617,-54.4617,0
1536,-54.7008,-54.7008,0
1536.25,-54.901,-54.901,0
1536.5,-55.0863,-55.0863,0
1536.75,-55.2688,-55.2688,0
1537,-55.4539,-55.4539,0
1537.25,-55.6439,-55.6439,0
1537.5,-55.8388,-55.8388,0
1537.75,-56.0377,-56.0377,0
1538,-56.2395,-56.2395,0
1538.25,-56.4427,-56.4427,0
1538.5,-56.646,-56.646,0
1538.75,-56.8483,-56.8483,0
1539,-57.0484,-57.0484,0
1539.25,-57.2455,-57.2455,0
1539.5,-57.439,-57.439,0
1539.75,-57.6281,-57.6281,0
1540,-57.8125,-57.8125,0
1540.25,-57.9918,-57.9918,0
1540.5,-58.1658,-58.1658,0
1540.75,-58.3344,-58.3344,0
1541,-58.4974,-58.4974,0
1541.25,-58.6548,-58.6548,0
1541.5,-58.8066,-58.8066,0
1541.75,-58.9529,-58.9529,0
1542,-59.0936,-59.0936,0
1542.25,-59.229,-59.229,0
1542.5,-59.3591,-59.3591,0
1542.75,-59.4839,-59.4839,0
1543,-59.6038,-59.6038,0
1543.25,-59.7187,-59.7187,0
1543.5,-59.8288,-59.8288,0
1543.75,-59.9343,-59.9343,0
1544,-60.0352,-60.0352,0
1544.25,-60.1319,-60.1319,0
1544.5,-60.2242,-60.2242,0
1544.75,-60.3126,-60.3126,0
1545,-60.3969,-60.3969,0
1545.25,-60.4775,-60.4775,0
1545.5,-60.5544,-60.5544,0
1545.75,-60.6277,-60.6277,0
1546,-60.6976,-60.6976,0
1546.25,-60.7642,-60.7642,0
1546.5,-60.8276,-60.8276,0
1546.75,-60.8879,-60.8879,0
1547,-60.9453,-60.9453,0
1547.25,-60.9998,-60.9998,0
1547.5,-61.0515,-61.0515,0
1547.75,-61.1006,-61.1006,0
1548,-61.1472,-61.1472,0
1548.25,-61.1912,-61.1912,0
1548.5,-61.2329,-61.2329,0
1548.75,-61.2723,-61.2723,0
1549,-61.3094,-61.3094,0
1549.25,-61.3444,-61.3444,0
1549.5,-61.3774,-61.3774,0
1549.75,-61.4084,-61.4084,0
1550,-61.4374,-61.4374,0
1550.25,-61.4646,-61.4646,0
1550.5,-61.49,-61.49,0
1550.75,-61.5137,-61.5137,0
1551,-61.5358,-61.5358,0
1551.25,-61.5562,-61.5562,0
1551.5,-61.5751,-61.5751,0
1551.75,-61.5925,-61.5925,0
1552,-61.6084,-61.6084,0
1552.25,-61.6229,-61.6229,0
1552.5,-61.6361,-61.6361,0
1552.75,-61.648,-61.648,0
1553,-61.6587,-61.6587,0
1553.25,-61.6681,-61.6681,0
1553.5,-61.6763,-61.6763,0
1553.75,-61.6834,-61.6834,0
1554,-61.6895,-61.6895,0
1554.25,-61.6944,-61.6944,0
1554.5,-61.6984,-61.6984,0
1554.75,-61.7013,-61.7013,0
1555,-61.7033,-61.7033,0
1555.25,-61.7044,-61.7044,0
1555.5,-61.7045,-61.7045,0
1555.75,-61.7038,-61.7038,0
1556,-61.7023,-61.7023,0
1556.25,-61.6999,-61.6999,0
1556.5,-61.6968,-61.6968,0
1556.75,-61.6929,-61.6929,0
1557,-61.6883,-61.6883,0
1557.25,-61.6829,-61.6829,0
1557.5,-61.6769,-61.6769,0
1557.75,-61.6702,-61.6702,0
1558,-61.6629,-61.6629,0
1558.25,-61.6549,-61.6549,0
1558.5,-61.6464,-61.6464,0
1558.75,-61.6372,-61.6372,0
1559,-61.6275,-61.6275,0
1559.25,-61.6172,-61.6172,0
1559.5,-61.6064,-61.6064,0
1559.75,-61.5951,-61.5951,0
1560,-61.5833,-61.5833,0
1560.25,-61.5709,-61.5709,0
1560.5,-61.5582,-61.5582,0
1560.75,-61.5449,-61.5449,0
1561,-61.5313,-61.5313,0
1561.25,-61.5172,-61.5172,0
1561.5,-61.5027,-61.5027,0
1561.75,-61.4877,-61.4877,0
1562,-61.4724,-61.4724,0
1562.25,-61.4568,-61.4568,0
1562.5,-61.4407,-61.4407,0
1562.75,-61.4243,-61.4243,0
1563,-61.4076,-61.4076,0
1563.25,-61.3905,-61.3905,0
1563.5,-61.3731,-61.3731,0
1563.75,-61.3554,-61.3554,0
1564,-61.3373,-61.3373,0
1564.25,-61.319,-61.319,0
1564.5,-61.3004,-61.3004,0
1564.75,-61.2816,-61.2816,0
1565,-61.2624,-61.2624,0
1565.25,-61.243,-61.243,0
1565.5,-61.2233,-61.2233,0
1565.75,-61.2034,-61.2034,0
1566,-61.1833,-61.1833,0
1566.25,-61.1629,-61.1629,0
1566.5,-61.1423,-61.1423,0
1566.75,-61.1215,-61.1215,0
1567,-61.1005,-61.1005,0
1567.25,-61.0793,-61.0793,0
1567.5,-61.0579,-61.0579,0
1567.75,-61.0363,-61.0363,0
1568,-61.0145,-61.0145,0
1568.25,-60.9925,-60.9925,0
1568.5,-60.9703,-60.9703,0
1568.75,-60.948,-60.948,0
1569,-60.9255,-60.9255,0
1569.25,-60.9029,-60.9029,0
1569.5,-60.8801,-60.8801,0
1569.75,-60.8572,-60.8572,0
1570,-60.8341,-60.8341,0
1570.25,-60.8109,-60.8109,0
1570.5,-60.7875,-60.7875,0
1570.75,-60.764,-60.764,0
1571,-60.7404,-60.7404,0
1571.25,-60.7167,-60.7167,0
1571.5,-60.6928,-60.6928,0
1571.75,-60.6688,-60.6688,0
1572,-60.6447,-60.6447,0
1572.25,-60.6206,-60.6206,0
1572.5,-60.5963,-60.5963,0
1572.75,-60.5719,-60.5719,0
1573,-60.5474,-60.5474,0
1573.25,-60.5228,-60.5228,0
1573.5,-60.4981,-60.4981,0
1573.75,-60.4734,-60.4734,0
1574,-60.4485,-60.4485,0
1574.25,-60.4236,-60.4236,0
1574.5,-60.3986,-60.3986,0
1574.75,-60.3735,-60.3735,0
1575,-60.3483,-60.3483,0
1575.25,-60.3231,-60.3231,0
1575.5,-60.2978,-60.2978,0
1575.75,-60.2725,-60.2725,0
1576,-60.247,-60.247,0
1576.25,-60.2215,-60.2215,0
1576.5,-60.196,-60.196,0
1576.75,-60.1704,-60.1704,0
1577,-60.1447,-60.1447,0
1577.25,-60.119,-60.119,0
1577.5,-60.0933,-60.0933,0
1577.75,-60.0675,-60.0675,0
1578,-60.0416,-60.0416,0
1578.25,-60.0157,-60.0157,0
1578.5,-59.9898,-59.9898,0
1578.75,-59.9638,-59.9638,0
1579,-59.9378,-59.9378,0
1579.25,-59.9117,-59.9117,0
1579.5,-59.8856,-59.8856,0
1579.75,-59.8595,-59.8595,0
1580,-59.8333,-59.8333,0
1580.25,-59.8071,-59.8071,0
1580.5,-59.7809,-59.7809,0
1580.75,-59.7547,-59.7547,0
1581,-59.7284,-59.7284,0
1581.25,-59.7021,-59.7021,0
1581.5,-59.6757,-59.6757,0
1581.75,-59.6494,-59.6494,0
1582,-59.623,-59.623,0
1582.25,-59.5966,-59.5966,0
1582.5,-59.5702,-59.5702,0
1582.75,-59.5438,-59.5438,0
1583,-59.5173,-59.5173,0
1583.25,-59.4909,-59.4909,0
1583.5,-59.4644,-59.4644,0
1583.75,-59.4379,-59.4379,0
1584,-59.4114,-59.4114,0
1584.25,-59.3848,-59.3848,0
1584.5,-59.3583,-59.3583,0
1584.75,-59.3318,-59.3318,0
1585,-59.3052,-59.3052,0
1585.25,-59.2786,-59.2786,0
1585.5,-59.252,-59.252,0
1585.75,-59.2255,-59.2255,0
1586,-59.1989,-59.1989,0
1586.25,-59.1723,-59.1723,0
1586.5,-59.1457,-59.1457,0
1586.75,-59.1191,-59.1191,0
1587,-59.0925,-59.0925,0
1587.25,-59.0658,-59.0658,0
1587.5,-59.0392,-59.0392,0
1587.75,-59.0126,-59.0126,0
1588,-58.986,-58.986,0
1588.25,-58.9593,-58.9593,0
1588.5,-58.9327,-58.9327,0
1588.75,-58.9061,-58.9061,0
1589,-58.8795,-58.8795,0
1589.25,-58.8528,-58.8528,0
1589.5,-58.8262,-58.8262,0
1589.75,-58.7996,-58.7996,0
1590,-58.7729,-58.7729,0
1590.25,-58.7463,-58.7463,0
1590.5,-58.7197,-58.7197,0
1590.75,-58.6931,-58.6931,0
1591,-58.6664,-58.6664,0
1591.25,-58.6398,-58.6398,0
1591.5,-58.6132,-58.6132,0
1591.75,-58.5866,-58.5866,0
1592,-58.56,-58.56,0
1592.25,-58.5334,-58.5334,0
1592.5,-58.5068,-58.5068,0
1592.75,-58.4802,-58.4802,0
1593,-58.4536,-58.4536,0
1593.25,-58.427,-58.427,0
1593.5,-58.4004,-58.4004,0
1593.75,-58.3738,-58.3738,0
1594,-58.3472,-58.3472,0
1594.25,-58.3206,-58.3206,0
1594.5,-58.294,-58.294,0
1594.75,-58.2675,-58.2675,0
1595,-58.2409,-58.2409,0
1595.25,-58.2143,-58.2143,0
1595.5,-58.1878,-58.1878,0
1595.75,-58.1612,-58.1612,0
1596,-58.1347,-58.1347,0
1596.25,-58.1081,-58.1081,0
1596.5,-58.0816,-58.0816,0
1596.75,-58.055,-58.055,0
1597,-58.0285,-58.0285,0
1597.25,-58.0019,-58.0019,0
1597.5,-57.9754,-57.9754,0
1597.75,-57.9488,-57.9488,0
1598,-57.9223,-57.9223,0
1598.25,-57.8958,-57.8958,0
1598.5,-57.8692,-57.8692,0
1598.75,-57.8427,-57.8427,0
1599,-57.8162,-57.8162,0
1599.25,-57.7897,-57.7897,0
1599.5,-57.7631,-57.7631,0
1599.75,-57.7366,-57.7366,0
1600,-57.7101,-57.7101,0
1600.25,-57.6835,-57.6835,0
1600.5,-57.657,-57.657,0
1600.75,-57.6305,-57.6305,0
1601,-57.6039,-57.6039,0
1601.25,-57.5774,-57.5774,0
1601.5,-57.5508,-57.5508,0
1601.75,-57.5243,-57.5243,0
1602,-57.4977,-57.4977,0
1602.25,-57.4712,-57.4712,0
1602.5,-57.4446,-57.4446,0
1602.75,-57.418,-57.418,0
1603,-57.3915,-57.3915,0
1603.25,-57.3649,-57.3649,0
1603.5,-57.3383,-57.3383,0
1603.75,-57.3117,-57.3117,0
1604,-57.2851,-57.2851,0
1604.25,-57.2584,-57.2584,0
1604.5,-57.2318,-57.2318,0
1604.75,-57.2052,-57.2052,0
1605,-57.1785,-57.1785,0
1605.25,-57.1518,-57.1518,0
1605.5,-57.1252,-57.1252,0
1605.75,-57.0985,-57.0985,0
1606,-57.0718,-57.0718,0
1606.25,-57.045,-57.045,0
1606.5,-57.0183,-57.0183,0
1606.75,-56.9915,-56.9915,0
1607,-56.9647,-56.9647,0
1607.25,-56.9379,-56.9379,0
1607.5,-56.9111,-56.9111,0
1607.75,-56.8843,-56.8843,0
1608,-56.8574,-56.8574,0
1608.25,-56.8305,-56.8305,0
1608.5,-56.8036,-56.8036,0
1608.75,-56.7766,-56.7766,0
1609,-56.7496,-56.7496,0
1609.25,-56.7226,-56.7226,0
1609.5,-56.6956,-56.6956,0
1609.75,-56.6685,-56.6685,0
1610,-56.6414,-56.6414,0
1610.25,-56.6143,-56.6143,0
1610.5,-56.5871,-56.5871,0
1610.75,-56.5599,-56.5599,0
1611,-56.5327,-56.5327,0
1611.25,-56.5054,-56.5054,0
1611.5,-56.4781,-56.4781,0
1611.75,-56.4507,-56.4507,0
1612,-56.4233,-56.4233,0
1612.25,-56.3958,-56.3958,0
1612.5,-56.3683,-56.3683,0
1612.75,-56.3408,-56.3408,0
1613,-56.3131,-56.3131,0
1613.25,-56.2855,-56.2855,0
1613.5,-56.2578,-56.2578,0
1613.75,-56.23,-56.23,0
1614,-56.2021,-56.2021,0
1614.25,-56.1742,-56.1742,0
1614.5,-56.1463,-56.1463,0
1614.75,-56.1182,-56.1182,0
1615,-56.0901,-56.0901,0
1615.25,-56.062,-56.062,0
1615.5,-56.0337,-56.0337,0
1615.75,-56.0054,-56.0054,0
1616,-55.977,-55.977,0
1616.25,-55.9485,-55.9485,0
1616.5,-55.92,-55.92,0
1616.75,-55.8913,-55.8913,0
1617,-55.8626,-55.8626,0
1617.25,-55.8338,-55.8338,0
1617.5,-55.8048,-55.8048,0
1617.75,-55.7758,-55.7758,0
1618,-55.7467,-55.7467,0
1618.25,-55.7175,-55.7175,0
1618.5,-55.6881,-55.6881,0
1618.75,-55.6587,-55.6587,0
1619,-55.6291,-55.6291,0
1619.25,-55.5994,-55.5994,0
1619.5,-55.5696,-55.5696,0
1619.75,-55.5397,-55.5397,0
1620,-55.5096,-55.5096,0
1620.25,-55.4794,-55.4794,0
1620.5,-55.449,-55.449,0
1620.75,-55.4185,-55.4185,0
1621,-55.3878,-55.3878,0
1621.25,-55.357,-55.357,0
1621.5,-55.3261,-55.3261,0
1621.75,-55.2949,-55.2949,0
1622,-55.2636,-55.2636,0
1622.25,-55.2321,-55.2321,0
1622.5,-55.2004,-55.2004,0
1622.75,-55.1685,-55.1685,0
1623,-55.1364,-55.1364,0
1623.25,-55.1041,-55.1041,0
1623.5,-55.0716,-55.0716,0
1623.75,-55.0388,-55.0388,0
1624,-55.0059,-55.0059,0
1624.25,-54.9727,-54.9727,0
1624.5,-54.9392,-54.9392,0
1624.75,-54.9054,-54.9054,0
1625,-54.8714,-54.8714,0
1625.25,-54.8372,-54.8372,0
1625.5,-54.8026,-54.8026,0
1625.75,-54.7677,-54.7677,0
1626,-54.7325,-54.7325,0
1626.25,-54.6969,-54.6969,0
1626.5,-54.661,-54.661,0
1626.75,-54.6248,-54.6248,0
1627,-54.5881,-54.5881,0
1627.25,-54.5511,-54.5511,0
1627.5,-54.5137,-54.5137,0
1627.75,-54.4758,-54.4758,0
1628,-54.4375,-54.4375,0
1628.25,-54.3987,-54.3987,0
1628.5,-54.3594,-54.3594,0
1628.75,-54.3195,-54.3195,0
1629,-54.2792,-54.2792,0
1629.25,-54.2382,-54.2382,0
1629.5,-54.1966,-54.1966,0
1629.75,-54.1544,-54.1544,0
1630,-54.1115,-54.1115,0
1630.25,-54.0679,-54.0679,0
1630.5,-54.0236,-54.0236,0
1630.75,-53.9784,-53.9784,0
1631,-53.9323,-53.9323,0
1631.25,-53.8854,-53.8854,0
1631.5,-53.8375,-53.8375,0
1631.75,-53.7885,-53.7885,0
1632,-53.7385,-53.7385,0
1632.25,-53.6872,-53.6872,0
1632.5,-53.6347,-53.6347,0
1632.75,-53.5808,-53.5808,0
1633,-53.5254,-53.5254,0
1633.25,-53.4684,-53.4684,0
1633.5,-53.4096,-53.4096,0
1633.75,-53.3489,-53.3489,0
1634,-53.2862,-53.2862,0
1634.25,-53.2211,-53.2211,0
1634.5,-53.1535,-53.1535,0
1634.75,-53.0831,-53.0831,0
1635,-53.0095,-53.0095,0
1635.25,-52.9324,-52.9324,0
1635.5,-52.8514,-52.8514,0
1635.75,-52.7658,-52.7658,0
1636,-52.6749,-52.6749,0
1636.25,-52.5781,-52.5781,0
1636.5,-52.4741,-52.4741,0
1636.75,-52.3618,-52.3618,0
1637,-52.2394,-52.2394,0
1637.25,-52.1045,-52.1045,0
1637.5,-51.954,-51.954,0
1637.75,-51.7833,-51.7833,0
1638,-51.5859,-51.5859,0
1638.25,-51.3509,-51.3509,0
1638.5,-51.0604,-51.0604,0
1638.75,-50.6792,-50.6792,0
1639,-50.1269,-50.1269,0
1639.25,-49.1383,-49.1383,0
1639.5,-44.7741,-44.7741,0
1639.75,21.2503,21.2503,0
1640,7.12429,7.12429,0
1640.25,-8.09101,-8.09101,0
1640.5,-19.0417,-19.0417,0
1640.75,-28.9345,-28.9345,0
1641,-39.8619,-39.8619,0
1641.25,-47.6602,-47.6602,0
1641.5,-51.079,-51.079,0
1641.75,-52.6962,-52.6962,0
1642,-53.5586,-53.5586,0
1642.25,-54.061,-54.061,0
1642.5,-54.3841,-54.3841,0
1642.75,-54.6188,-54.6188,0
1643,-54.8126,-54.8126,0
1643.25,-54.9905,-54.9905,0
1643.5,-55.165,-55.165,0
1643.75,-55.3423,-55.3423,0
1644,-55.5244,-55.5244,0
1644.25,-55.7117,-55.7117,0
1644.5,-55.9033,-55.9033,0
1644.75,-56.0982,-56.0982,0
1645,-56.2948,-56.2948,0
1645.25,-56.4918,-56.4918,0
1645.5,-56.6881,-56.6881,0
1645.75,-56.8826,-56.8826,0
1646,-57.0744,-57.0744,0
1646.25,-57.2627,-57.2627,0
1646.5,-57.447,-57.447,0
1646.75,-57.6268,-57.6268,0
1647,-57.8018,-57.8018,0
1647.25,-57.9717,-57.9717,0
1647.5,-58.1363,-58.1363,0
1647.75,-58.2955,-58.2955,0
1648,-58.4494,-58.4494,0
1648.25,-58.5977,-58.5977,0
1648.5,-58.7407,-58.7407,0
1648.75,-58.8784,-58.8784,0
1649,-59.0107,-59.0107,0
1649.25,-59.1379,-59.1379,0
1649.5,-59.26,-59.26,0
1649.75,-59.3772,-59.3772,0
1650,-59.4895,-59.4895,0
1650.25,-59.5972,-59.5972,0
1650.5,-59.7003,-59.7003,0
1650.75,-59.7989,-59.7989,0
1651,-59.8933,-59.8933,0
1651.25,-59.9836,-59.9836,0
1651.5,-60.0698,-60.0698,0
1651.75,-60.1521,-60.1521,0
1652,-60.2307,-60.2307,0
1652.25,-60.3057,-60.3057,0
1652.5,-60.3772,-60.3772,0
1652.75,-60.4453,-60.4453,0
1653,-60.5102,-60.5102,0
1653.25,-60.5719,-60.5719,0
1653.5,-60.6305,-60.6305,0
1653.75,-60.6863,-60.6863,0
1654,-60.7392,-60.7392,0
1654.25,-60.7894,-60.7894,0
1654.5,-60.837,-60.837,0
1654.75,-60.882,-60.882,0
1655,-60.9246,-60.9246,0
1655.25,-60.9648,-60.9648,0
1655.5,-61.0028,-61.0028,0
1655.75,-61.0386,-61.0386,0
1656,-61.0723,-61.0723,0
1656.25,-61.1039,-61.1039,0
1656.5,-61.1335,-61.1335,0
1656.75,-61.1613,-61.1613,0
1657,-61.1872,-61.1872,0
1657.25,-61.2113,-61.2113,0
1657.5,-61.2338,-61.2338,0
1657.75,-61.2546,-61.2546,0
1658,-61.2738,-61.2738,0
1658.25,-61.2914,-61.2914,0
1658.5,-61.3076,-61.3076,0
1658.75,-61.3224,-61.3224,0
1659,-61.3357,-61.3357,0
1659.25,-61.3478,-61.3478,0
1659.5,-61.3585,-61.3585,0
1659.75,-61.368,-61.368,0
1660,-61.3762,-61.3762,0
1660.25,-61.3834,-61.3834,0
1660.5,-61.3893,-61.3893,0
1660.75,-61.3942,-61.3942,0
1661,-61.3981,-61.3981,0
1661.25,-61.4009,-61.4009,0
1661.5,-61.4027,-61.4027,0
1661.75,-61.4036,-61.4036,0
1662,-61.4035,-61.4035,0
1662.25,-61.4026,-61.4026,0
1662.5,-61.4008,-61.4008,0
1662.75,-61.3982,-61.3982,0
1663,-61.3947,-61.3947,0
1663.25,-61.3905,-61.3905,0
1663.5,-61.3855,-61.3855,0
1663.75,-61.3798,-61.3798,0
1664,-61.3733,-61.3733,0
1664.25,-61.3662,-61.3662,0
1664.5,-61.3584,-61.3584,0
1664.75,-61.35,-61.35,0
1665,-61.3409,-61.3409,0
1665.25,-61.3312,-61.3312,0
1665.5,-61.321,-61.321,0
1665.75,-61.3102,-61.3102,0
1666,-61.2988,-61.2988,0
1666.25,-61.2869,-61.2869,0
1666.5,-61.2745,-61.2745,0
1666.75,-61.2615,-61.2615,0
1667,-61.2481,-61.2481,0
1667.25,-61.2342,-61.2342,0
1667.5,-61.2199,-61.2199,0
1667.75,-61.2051,-61.2051,0
1668,-61.1899,-61.1899,0
1668.25,-61.1742,-61.1742,0
1668.5,-61.1582,-61.1582,0
1668.75,-61.1417,-61.1417,0
1669,-61.1249,-61.1249,0
1669.25,-61.1077,-61.1077,0
1669.5,-61.0902,-61.0902,0
1669.75,-61.0723,-61.0723,0
1670,-61.0541,-61.0541,0
1670.25,-61.0355,-61.0355,0
1670.5,-61.0166,-61.0166,0
1670.75,-60.9975,-60.9975,0
1671,-60.978,-60.978,0
1671.25,-60.9582,-60.9582,0
1671.5,-60.9382,-60.9382,0
1671.75,-60.9178,-60.9178,0
1672,-60.8972,-60.8972,0
1672.25,-60.8764,-60.8764,0
1672.5,-60.8553,-60.8553,0
1672.75,-60.8339,-60.8339,0
1673,-60.8124,-60.8124,0
1673.25,-60.7906,-60.7906,0
1673.5,-60.7685,-60.7685,0
1673.75,-60.7463,-60.7463,0
1674,-60.7238,-60.7238,0
1674.25,-60.7012,-60.7012,0
1674.5,-60.6783,-60.6783,0
1674.75,-60.6553,-60.6553,0
1675,-60.6321,-60.6321,0
1675.25,-60.6087,-60.6087,0
1675.5,-60.5851,-60.5851,0
1675.75,-60.5613,-60.5613,0
1676,-60.5374,-60.5374,0
1676.25,-60.5134,-60.5134,0
1676.5,-60.4891,-60.4891,0
1676.75,-60.4647,-60.4647,0
1677,-60.4402,-60.4402,0
1677.25,-60.4156,-60.4156,0
1677.5,-60.3908,-60.3908,0
1677.75,-60.3658,-60.3658,0
1678,-60.3407,-60.3407,0
1678.25,-60.3156,-60.3156,0
1678.5,-60.2902,-60.2902,0
1678.75,-60.2648,-60.2648,0
1679,-60.2393,-60.2393,0
1679.25,-60.2136,-60.2136,0
1679.5,-60.1878,-60.1878,0
1679.75,-60.162,-60.162,0
1680,-60.136,-60.136,0
1680.25,-60.1099,-60.1099,0
1680.5,-60.0838,-60.0838,0
1680.75,-60.0575,-60.0575,0
1681,-60.0312,-60.0312,0
1681.25,-60.0047,-60.0047,0
1681.5,-59.9782,-59.9782,0
1681.75,-59.9516,-59.9516,0
1682,-59.9249,-59.9249,0
1682.25,-59.8982,-59.8982,0
1682.5,-59.8713,-59.8713,0
1682.75,-59.8444,-59.8444,0
1683,-59.8175,-59.8175,0
1683.25,-59.7904,-59.7904,0
1683.5,-59.7633,-59.7633,0
1683.75,-59.7362,-59.7362,0
1684,-59.7089,-59.7089,0
1684.25,-59.6816,-59.6816,0
1684.5,-59.6543,-59.6543,0
1684.75,-59.6269,-59.6269,0
1685,-59.5994,-59.5994,0
1685.25,-59.5719,-59.5719,0
1685.5,-59.5444,-59.5444,0
1685.75,-59.5167,-59.5167,0
1686,-59.4891,-59.4891,0
1686.25,-59.4614,-59.4614,0
1686.5,-59.4336,-59.4336,0
1686.75,-59.4058,-59.4058,0
1687,-59.378,-59.378,0
1687.25,-59.3501,-59.3501,0
1687.5,-59.3222,-59.3222,0
1687.75,-59.2943,-59.2943,0
1688,-59.2663,-59.2663,0
1688.25,-59.2382,-59.2382,0
1688.5,-59.2102,-59.2102,0
1688.75,-59.1821,-59.1821,0
1689,-59.154,-59.154,0
1689.25,-59.1258,-59.1258,0
1689.5,-59.0976,-59.0976,0
1689.75,-59.0694,-59.0694,0
1690,-59.0411,-59.0411,0
1690.25,-59.0129,-59.0129,0
1690.5,-58.9846,-58.9846,0
1690.75,-58.9562,-58.9562,0
1691,-58.9279,-58.9279,0
1691.25,-58.8995,-58.8995,0
1691.5,-58.8711,-58.8711,0
1691.75,-58.8427,-58.8427,0
1692,-58.8142,-58.8142,0
1692.25,-58.7857,-58.7857,0
1692.5,-58.7572,-58.7572,0
1692.75,-58.7287,-58.7287,0
1693,-58.7002,-58.7002,0
1693.25,-58.6716,-58.6716,0
1693.5,-58.643,-58.643,0
1693.75,-58.6144,-58.6144,0
1694,-58.5858,-58.5858,0
1694.25,-58.5571,-58.5571,0
1694.5,-58.5285,-58.5285,0
1694.75,-58.4998,-58.4998,0
1695,-58.4711,-58.4711,0
1695.25,-58.4424,-58.4424,0
1695.5,-58.4137,-58.4137,0
1695.75,-58.3849,-58.3849,0
1696,-58.3561,-58.3561,0
1696.25,-58.3274,-58.3274,0
1696.5,-58.2986,-58.2986,0
1696.75,-58.2697,-58.2697,0
1697,-58.2409,-58.2409,0
1697.25,-58.212,-58.212,0
1697.5,-58.1832,-58.1832,0
1697.75,-58.1543,-58.1543,0
1698,-58.1254,-58.1254,0
1698.25,-58.0964,-58.0964,0
1698.5,-58.0675,-58.0675,0
1698.75,-58.0385,-58.0385,0
1699,-58.0096,-58.0096,0
1699.25,-57.9806,-57.9806,0
1699.5,-57.9515,-57.9515,0
1699.75,-57.9225,-57.9225,0
1700,-57.8934,-57.8934,0
1700.25,-57.8644,-57.8644,0
1700.5,-57.8353,-57.8353,0
1700.75,-57.8062,-57.8062,0
1701,-57.777,-57.777,0
1701.25,-57.7479,-57.7479,0
1701.5,-57.7187,-57.7187,0
1701.75,-57.6895,-57.6895,0
1702,-57.6603,-57.6603,0
1702.25,-57.631,-57.631,0
1702.5,-57.6018,-57.6018,0
1702.75,-57.5725,-57.5725,0
1703,-57.5432,-57.5432,0
1703.25,-57.5138,-57.5138,0
1703.5,-57.4845,-57.4845,0
1703.75,-57.4551,-57.4551,0
1704,-57.4256,-57.4256,0
1704.25,-57.3962,-57.3962,0
1704.5,-57.3667,-57.3667,0
1704.75,-57.3372,-57.3372,0
1705,-57.3077,-57.3077,0
1705.25,-57.2781,-57.2781,0
1705.5,-57.2485,-57.2485,0
1705.75,-57.2188,-57.2188,0
1706,-57.1892,-57.1892,0
1706.25,-57.1595,-57.1595,0
1706.5,-57.1297,-57.1297,0
1706.75,-57.0999,-57.0999,0
1707,-57.0701,-57.0701,0
1707.25,-57.0403,-57.0403,0
1707.5,-57.0104,-57.0104,0
1707.75,-56.9804,-56.9804,0
1708,-56.9504,-56.9504,0
1708.25,-56.9204,-56.9204,0
1708.5,-56.8903,-56.8903,0
1708.75,-56.8602,-56.8602,0
1709,-56.83,-56.83,0
1709.25,-56.7998,-56.7998,0
1709.5,-56.7695,-56.7695,0
1709.75,-56.7391,-56.7391,0
1710,-56.7087,-56.7087,0
1710.25,-56.6783,-56.6783,0
1710.5,-56.6478,-56.6478,0
1710.75,-56.6172,-56.6172,0
1711,-56.5865,-56.5865,0
1711.25,-56.5558,-56.5558,0
1711.5,-56.5251,-56.5251,0
1711.75,-56.4942,-56.4942,0
1712,-56.4633,-56.4633,0
1712.25,-56.4323,-56.4323,0
1712.5,-56.4012,-56.4012,0
1712.75,-56.3701,-56.3701,0
1713,-56.3389,-56.3389,0
1713.25,-56.3075,-56.3075,0
1713.5,-56.2761,-56.2761,0
1713.75,-56.2447,-56.2447,0
1714,-56.2131,-56.2131,0
1714.25,-56.1814,-56.1814,0
1714.5,-56.1496,-56.1496,0
1714.75,-56.1177,-56.1177,0
1715,-56.0857,-56.0857,0
1715.25,-56.0536,-56.0536,0
1715.5,-56.0214,-56.0214,0
1715.75,-55.9891,-55.9891,0
1716,-55.9567,-55.9567,0
1716.25,-55.9241,-55.9241,0
1716.5,-55.8914,-55.8914,0
1716.75,-55.8586,-55.8586,0
1717,-55.8256,-55.8256,0
1717.25,-55.7925,-55.7925,0
1717.5,-55.7592,-55.7592,0
1717.75,-55.7258,-55.7258,0
1718,-55.6923,-55.6923,0
1718.25,-55.6585,-55.6585,0
1718.5,-55.6246,-55.6246,0
1718.75,-55.5906,-55.5906,0
1719,-55.5563,-55.5563,0
1719.25,-55.5219,-55.5219,0
1719.5,-55.4873,-55.4873,0
1719.75,-55.4525,-55.4525,0
1720,-55.4174,-55.4174,0
1720.25,-55.3822,-55.3822,0
1720.5,-55.3467,-55.3467,0
1720.75,-55.3111,-55.3111,0
1721,-55.2751,-55.2751,0
1721.25,-55.239,-55.239,0
1721.5,-55.2025,-55.2025,0
1721.75,-55.1658,-55.1658,0
1722,-55.1288,-55.1288,0
1722.25,-55.0916,-55.0916,0
1722.5,-55.054,-55.054,0
1722.75,-55.0161,-55.0161,0
1723,-54.9779,-54.9779,0
1723.25,-54.9394,-54.9394,0
1723.5,-54.9005,-54.9005,0
1723.75,-54.8612,-54.8612,0
1724,-54.8216,-54.8216,0
1724.25,-54.7815,-54.7815,0
1724.5,-54.7411,-54.7411,0
1724.75,-54.7002,-54.7002,0
1725,-54.6588,-54.6588,0
1725.25,-54.617,-54.617,0
1725.5,-54.5746,-54.5746,0
1725.75,-54.5317,-54.5317,0
1726,-54.4883,-54.4883,0
1726.25,-54.4442,-54.4442,0
1726.5,-54.3996,-54.3996,0
1726.75,-54.3543,-54.3543,0
1727,-54.3083,-54.3083,0
1727.25,-54.2616,-54.2616,0
1727.5,-54.2141,-54.2141,0
1727.75,-54.1658,-54.1658,0
1728,-54.1166,-54.1166,0
1728.25,-54.0665,-54.0665,0
1728.5,-54.0155,-54.0155,0
1728.75,-53.9633,-53.9633,0
1729,-53.9101,-53.9101,0
1729.25,-53.8557,-53.8557,0
1729.5,-53.7999,-53.7999,0
1729.75,-53.7428,-53.7428,0
1730,-53.6842,-53.6842,0
1730.25,-53.624,-53.624,0
1730.5,-53.562,-53.562,0
1730.75,-53.4981,-53.4981,0
1731,-53.4321,-53.4321,0
1731.25,-53.3638,-53.3638,0
1731.5,-53.2929,-53.2929,0
1731.75,-53.2192,-53.2192,0
1732,-53.1424,-53.1424,0
1732.25,-53.062,-53.062,0
1732.5,-52.9777,-52.9777,0
1732.75,-52.8889,-52.8889,0
1733,-52.7948,-52.7948,0
1733.25,-52.6948,-52.6948,0
1733.5,-52.5878,-52.5878,0
1733.75,-52.4724,-52.4724,0
1734,-52.3471,-52.3471,0
1734.25,-52.2094,-52.2094,0
1734.5,-52.0564,-52.0564,0
1734.75,-51.8837,-51.8837,0
1735,-51.6848,-51.6848,0
1735.25,-51.4495,-51.4495,0
1735.5,-51.1604,-51.1604,0
1735.75,-50.7845,-50.7845,0
1736,-50.2473,-50.2473,0
1736.25,-49.3118,-49.3118,0
1736.5,-45.7462,-45.7462,0
1736.75,18.6696,18.6696,0
1737,8.40189,8.40189,0
1737.25,-7.21468,-7.21468,0
1737.5,-18.3508,-18.3508,0
1737.75,-28.1997,-28.1997,0
1738,-39.102,-39.102,0
1738.25,-47.2751,-47.2751,0
1738.5,-50.8931,-50.8931,0
1738.75,-52.5809,-52.5809,0
1739,-53.4708,-53.4708,0
1739.25,-53.9824,-53.9824,0
1739.5,-54.3059,-54.3059,0
1739.75,-54.5365,-54.5365,0
1740,-54.7239,-54.7239,0
1740.25,-54.8943,-54.8943,0
1740.5,-55.0608,-55.0608,0
1740.75,-55.23,-55.23,0
1741,-55.4041,-55.4041,0
1741.25,-55.5836,-55.5836,0
1741.5,-55.7678,-55.7678,0
1741.75,-55.9554,-55.9554,0
1742,-56.1452,-56.1452,0
1742.25,-56.3357,-56.3357,0
1742.5,-56.5258,-56.5258,0
1742.75,-56.7145,-56.7145,0
1743,-56.9007,-56.9007,0
1743.25,-57.0837,-57.0837,0
1743.5,-57.263,-57.263,0
1743.75,-57.438,-57.438,0
1744,-57.6084,-57.6084,0
1744.25,-57.774,-57.774,0
1744.5,-57.9345,-57.9345,0
1744.75,-58.0898,-58.0898,0
1745,-58.2398,-58.2398,0
1745.25,-58.3846,-58.3846,0
1745.5,-58.5242,-58.5242,0
1745.75,-58.6585,-58.6585,0
1746,-58.7877,-58.7877,0
1746.25,-58.9118,-58.9118,0
1746.5,-59.031,-59.031,0
1746.75,-59.1454,-59.1454,0
1747,-59.2551,-59.2551,0
1747.25,-59.3601,-59.3601,0
1747.5,-59.4607,-59.4607,0
1747.75,-59.557,-59.557,0
1748,-59.649,-59.649,0
1748.25,-59.737,-59.737,0
1748.5,-59.8211,-59.8211,0
1748.75,-59.9013,-59.9013,0
1749,-59.9779,-59.9779,0
1749.25,-60.0508,-60.0508,0
1749.5,-60.1204,-60.1204,0
1749.75,-60.1866,-60.1866,0
1750,-60.2497,-60.2497,0
1750.25,-60.3096,-60.3096,0
1750.5,-60.3665,-60.3665,0
1750.75,-60.4206,-60.4206,0
1751,-60.4719,-60.4719,0
1751.25,-60.5205,-60.5205,0
1751.5,-60.5665,-60.5665,0
1751.75,-60.61,-60.61,0
1752,-60.6511,-60.6511,0
1752.25,-60.6898,-60.6898,0
1752.5,-60.7264,-60.7264,0
1752.75,-60.7607,-60.7607,0
1753,-60.793,-60.793,0
1753.25,-60.8232,-60.8232,0
1753.5,-60.8516,-60.8516,0
1753.75,-60.878,-60.878,0
1754,-60.9026,-60.9026,0
1754.25,-60.9255,-60.9255,0
1754.5,-60.9466,-60.9466,0
1754.75,-60.9662,-60.9662,0
1755,-60.9841,-60.9841,0
1755.25,-61.0006,-61.0006,0
1755.5,-61.0156,-61.0156,0
1755.75,-61.0291,-61.0291,0
1756,-61.0413,-61.0413,0
1756.25,-61.0521,-61.0521,0
1756.5,-61.0617,-61.0617,0
1756.75,-61.07,-61.07,0
1757,-61.0772,-61.0772,0
1757.25,-61.0831,-61.0831,0
1757.5,-61.088,-61.088,0
1757.75,-61.0918,-61.0918,0
1758,-61.0945,-61.0945,0
1758.25,-61.0962,-61.0962,0
1758.5,-61.0969,-61.0969,0
1758.75,-61.0967,-61.0967,0
1759,-61.0955,-61.0955,0
1759.25,-61.0935,-61.0935,0
1759.5,-61.0906,-61.0906,0
1759.75,-61.0869,-61.0869,0
1760,-61.0824,-61.0824,0
1760.25,-61.0771,-61.0771,0
1760.5,-61.071,-61.071,0
1760.75,-61.0642,-61.0642,0
1761,-61.0567,-61.0567,0
1761.25,-61.0485,-61.0485,0
1761.5,-61.0396,-61.0396,0
1761.75,-61.0301,-61.0301,0
1762,-61.02,-61.02,0
1762.25,-61.0092,-61.0092,0
1762.5,-60.9979,-60.9979,0
1762.75,-60.986,-60.986,0
1763,-60.9735,-60.9735,0
1763.25,-60.9606,-60.9606,0
1763.5,-60.947,-60.947,0
1763.75,-60.933,-60.933,0
1764,-60.9185,-60.9185,0
1764.25,-60.9036,-60.9036,0
1764.5,-60.8881,-60.8881,0
1764.75,-60.8722,-60.8722,0
1765,-60.8559,-60.8559,0
1765.25,-60.8392,-60.8392,0
1765.5,-60.822,-60.822,0
1765.75,-60.8045,-60.8045,0
1766,-60.7866,-60.7866,0
1766.25,-60.7683,-60.7683,0
1766.5,-60.7496,-60.7496,0
1766.75,-60.7306,-60.7306,0
1767,-60.7113,-60.7113,0
1767.25,-60.6916,-60.6916,0
1767.5,-60.6716,-60.6716,0
1767.75,-60.6513,-60.6513,0
1768,-60.6306,-60.6306,0
1768.25,-60.6097,-60.6097,0
1768.5,-60.5885,-60.5885,0
1768.75,-60.567,-60.567,0
1769,-60.5453,-60.5453,0
1769.25,-60.5233,-60.5233,0
1769.5,-60.501,-60.501,0
1769.75,-60.4785,-60.4785,0
1770,-60.4557,-60.4557,0
1770.25,-60.4327,-60.4327,0
1770.5,-60.4095,-60.4095,0
1770.75,-60.386,-60.386,0
1771,-60.3624,-60.3624,0
1771.25,-60.3385,-60.3385,0
1771.5,-60.3144,-60.3144,0
1771.75,-60.2902,-60.2902,0
1772,-60.2657,-60.2657,0
1772.25,-60.2411,-60.2411,0
1772.5,-60.2162,-60.2162,0
1772.75,-60.1912,-60.1912,0
1773,-60.166,-60.166,0
1773.25,-60.1407,-60.1407,0
1773.5,-60.1152,-60.1152,0
1773.75,-60.0895,-60.0895,0
1774,-60.0637,-60.0637,0
1774.25,-60.0377,-60.0377,0
1774.5,-60.0116,-60.0116,0
1774.75,-59.9854,-59.9854,0
1775,-59.959,-59.959,0
1775.25,-59.9325,-59.9325,0
1775.5,-59.9058,-59.9058,0
1775.75,-59.879,-59.879,0
1776,-59.8521,-59.8521,0
1776.25,-59.8251,-59.8251,0
1776.5,-59.7979,-59.7979,0
1776.75,-59.7707,-59.7707,0
1777,-59.7433,-59.7433,0
1777.25,-59.7158,-59.7158,0
1777.5,-59.6883,-59.6883,0
1777.75,-59.6606,-59.6606,0
1778,-59.6328,-59.6328,0
1778.25,-59.6049,-59.6049,0
1778.5,-59.5769,-59.5769,0
1778.75,-59.5489,-59.5489,0
1779,-59.5207,-59.5207,0
1779.25,-59.4925,-59.4925,0
1779.5,-59.4642,-59.4642,0
1779.75,-59.4358,-59.4358,0
1780,-59.4073,-59.4073,0
1780.25,-59.3787,-59.3787,0
1780.5,-59.3501,-59.3501,0
1780.75,-59.3213,-59.3213,0
1781,-59.2925,-59.2925,0
1781.25,-59.2637,-59.2637,0
1781.5,-59.2347,-59.2347,0
1781.75,-59.2057,-59.2057,0
1782,-59.1767,-59.1767,0
1782.25,-59.1475,-59.1475,0
1782.5,-59.1183,-59.1183,0
1782.75,-59.0891,-59.0891,0
1783,-59.0598,-59.0598,0
1783.25,-59.0304,-59.0304,0
1783.5,-59.0009,-59.0009,0
1783.75,-58.9715,-58.9715,0
1784,-58.9419,-58.9419,0
1784.25,-58.9123,-58.9123,0
1784.5,-58.8826,-58.8826,0
1784.75,-58.8529,-58.8529,0
1785,-58.8232,-58.8232,0
1785.25,-58.7934,-58.7934,0
1785.5,-58.7635,-58.7635,0
1785.75,-58.7336,-58.7336,0
1786,-58.7036,-58.7036,0
1786.25,-58.6736,-58.6736,0
1786.5,-58.6436,-58.6436,0
1786.75,-58.6134,-58.6134,0
1787,-58.5833,-58.5833,0
1787.25,-58.5531,-58.5531,0
1787.5,-58.5229,-58.5229,0
1787.75,-58.4926,-58.4926,0
1788,-58.4623,-58.4623,0
1788.25,-58.4319,-58.4319,0
1788.5,-58.4015,-58.4015,0
1788.75,-58.371,-58.371,0
1789,-58.3405,-58.3405,0
1789.25,-58.31,-58.31,0
1789.5,-58.2794,-58.2794,0
1789.75,-58.2488,-58.2488,0
1790,-58.2181,-58.2181,0
1790.25,-58.1874,-58.1874,0
1790.5,-58.1567,-58.1567,0
1790.75,-58.1259,-58.1259,0
1791,-58.0951,-58.0951,0
1791.25,-58.0642,-58.0642,0
1791.5,-58.0333,-58.0333,0
1791.75,-58.0023,-58.0023,0
1792,-57.9714,-57.9714,0
1792.25,-57.9403,-57.9403,0
1792.5,-57.9092,-57.9092,0
1792.75,-57.8781,-57.8781,0
1793,-57.847,-57.847,0
1793.25,-57.8158,-57.8158,0
1793.5,-57.7845,-57.7845,0
1793.75,-57.7532,-57.7532,0
1794,-57.7219,-57.7219,0
1794.25,-57.6905,-57.6905,0
1794.5,-57.6591,-57.6591,0
1794.75,-57.6276,-57.6276,0
1795,-57.5961,-57.5961,0
1795.25,-57.5645,-57.5645,0
1795.5,-57.5329,-57.5329,0
1795.75,-57.5012,-57.5012,0
1796,-57.4695,-57.4695,0
1796.25,-57.4377,-57.4377,0
1796.5,-57.4059,-57.4059,0
1796.75,-57.374,-57.374,0
1797,-57.3421,-57.3421,0
1797.25,-57.3101,-57.3101,0
1797.5,-57.2781,-57.2781,0
1797.75,-57.246,-57.246,0
1798,-57.2138,-57.2138,0
1798.25,-57.1816,-57.1816,0
1798.5,-57.1493,-57.1493,0
1798.75,-57.117,-57.117,0
1799,-57.0846,-57.0846,0
1799.25,-57.0521,-57.0521,0
1799.5,-57.0196,-57.0196,0
1799.75,-56.987,-56.987,0
1800,-56.9543,-56.9543,0
1800.25,-56.9216,-56.9216,0
1800.5,-56.8888,-56.8888,0
1800.75,-56.8559,-56.8559,0
1801,-56.8229,-56.8229,0
1801.25,-56.7899,-56.7899,0
1801.5,-56.7567,-56.7567,0
1801.75,-56.7235,-56.7235,0
1802,-56.6902,-56.6902,0
1802.25,-56.6568,-56.6568,0
1802.5,-56.6234,-56.6234,0
1802.75,-56.5898,-56.5898,0
1803,-56.5561,-56.5561,0
1803.25,-56.5224,-56.5224,0
1803.5,-56.4885,-56.4885,0
1803.75,-56.4545,-56.4545,0
1804,-56.4204,-56.4204,0
1804.25,-56.3862,-56.3862,0
1804.5,-56.3519,-56.3519,0
1804.75,-56.3175,-56.3175,0
1805,-56.283,-56.283,0
1805.25,-56.2483,-56.2483,0
1805.5,-56.2135,-56.2135,0
1805.75,-56.1786,-56.1786,0
1806,-56.1435,-56.1435,0
1806.25,-56.1083,-56.1083,0
1806.5,-56.073,-56.073,0
1806.75,-56.0375,-56.0375,0
1807,-56.0018,-56.0018,0
1807.25,-55.966,-55.966,0
1807.5,-55.93,-55.93,0
1807.75,-55.8939,-55.8939,0
1808,-55.8575,-55.8575,0
1808.25,-55.821,-55.821,0
1808.5,-55.7843,-55.7843,0
1808.75,-55.7474,-55.7474,0
1809,-55.7104,-55.7104,0
1809.25,-55.6731,-55.6731,0
1809.5,-55.6356,-55.6356,0
1809.75,-55.5978,-55.5978,0
1810,-55.5599,-55.5599,0
1810.25,-55.5216,-55.5216,0
1810.5,-55.4832,-55.4832,0
1810.75,-55.4445,-55.4445,0
1811,-55.4055,-55.4055,0
1811.25,-55.3663,-55.3663,0
1811.5,-55.3267,-55.3267,0
1811.75,-55.2869,-55.2869,0
1812,-55.2467,-55.2467,0
1812.25,-55.2062,-55.2062,0
1812.5,-55.1654,-55.1654,0
1812.75,-55.1243,-55.1243,0
1813,-55.0827,-55.0827,0
1813.25,-55.0408,-55.0408,0
1813.5,-54.9985,-54.9985,0
1813.75,-54.9558,-54.9558,0
1814,-54.9126,-54.9126,0
1814.25,-54.869,-54.869,0
1814.5,-54.8249,-54.8249,0
1814.75,-54.7803,-54.7803,0
1815,-54.7352,-54.7352,0
1815.25,-54.6896,-54.6896,0
1815.5,-54.6433,-54.6433,0
1815.75,-54.5965,-54.5965,0
1816,-54.549,-54.549,0
1816.25,-54.5008,-54.5008,0
1816.5,-54.452,-54.452,0
1816.75,-54.4024,-54.4024,0
1817,-54.3519,-54.3519,0
1817.25,-54.3007,-54.3007,0
1817.5,-54.2485,-54.2485,0
1817.75,-54.1954,-54.1954,0
1818,-54.1413,-54.1413,0
1818.25,-54.0861,-54.0861,0
1818.5,-54.0298,-54.0298,0
1818.75,-53.9722,-53.9722,0
1819,-53.9133,-53.9133,0
1819.25,-53.853,-53.853,0
1819.5,-53.7911,-53.7911,0
1819.75,-53.7275,-53.7275,0
1820,-53.6621,-53.6621,0
1820.25,-53.5947,-53.5947,0
1820.5,-53.5251,-53.5251,0
1820.75,-53.4532,-53.4532,0
1821,-53.3786,-53.3786,0
1821.25,-53.3011,-53.3011,0
1821.5,-53.2203,-53.2203,0
1821.75,-53.1359,-53.1359,0
1822,-53.0473,-53.0473,0
1822.25,-52.954,-52.954,0
1822.5,-52.8553,-52.8553,0
1822.75,-52.7503,-52.7503,0
1823,-52.638,-52.638,0
1823.25,-52.5169,-52.5169,0
1823.5,-52.3852,-52.3852,0
1823.75,-52.2405,-52.2405,0
1824,-52.0795,-52.0795,0
1824.25,-51.8972,-51.8972,0
1824.5,-51.6864,-51.6864,0
1824.75,-51.4356,-51.4356,0
1825,-51.1243,-51.1243,0
1825.25,-50.7127,-50.7127,0
1825.5,-50.1035,-50.1035,0
1825.75,-48.9364,-48.9364,0
1826,-40.8965,-40.8965,0
1826.25,22.3909,22.3909,0
1826.5,3.5451,3.5451,0
1826.75,-10.5702,-10.5702,0
1827,-21.008,-21.008,0
1827.25,-31.0401,-31.0401,0
1827.5,-41.8446,-41.8446,0
1827.75,-48.5553,-48.5553,0
1828,-51.4448,-51.4448,0
1828.25,-52.8416,-52.8416,0
1828.5,-53.5925,-53.5925,0
1828.75,-54.0311,-54.0311,0
1829,-54.3142,-54.3142,0
1829.25,-54.5212,-54.5212,0
1829.5,-54.694,-54.694,0
1829.75,-54.8543,-54.8543,0
1830,-55.0133,-55.0133,0
1830.25,-55.1759,-55.1759,0
1830.5,-55.344,-55.344,0
1830.75,-55.5175,-55.5175,0
1831,-55.6956,-55.6956,0
1831.25,-55.877,-55.877,0
1831.5,-56.0604,-56.0604,0
1831.75,-56.2445,-56.2445,0
1832,-56.4281,-56.4281,0
1832.25,-56.6101,-56.6101,0
1832.5,-56.7898,-56.7898,0
1832.75,-56.9663,-56.9663,0
1833,-57.1392,-57.1392,0
1833.25,-57.3079,-57.3079,0
1833.5,-57.4721,-57.4721,0
1833.75,-57.6316,-57.6316,0
1834,-57.7862,-57.7862,0
1834.25,-57.9357,-57.9357,0
1834.5,-58.0802,-58.0802,0
1834.75,-58.2196,-58.2196,0
1835,-58.3538,-58.3538,0
1835.25,-58.4831,-58.4831,0
1835.5,-58.6074,-58.6074,0
1835.75,-58.7267,-58.7267,0
1836,-58.8413,-58.8413,0
1836.25,-58.9512,-58.9512,0
1836.5,-59.0566,-59.0566,0
1836.75,-59.1574,-59.1574,0
1837,-59.254,-59.254,0
1837.25,-59.3463,-59.3463,0
1837.5,-59.4346,-59.4346,0
1837.75,-59.519,-59.519,0
1838,-59.5995,-59.5995,0
1838.25,-59.6763,-59.6763,0
1838.5,-59.7495,-59.7495,0
1838.75,-59.8193,-59.8193,0
1839,-59.8858,-59.8858,0
1839.25,-59.949,-59.949,0
1839.5,-60.0091,-60.0091,0
1839.75,-60.0662,-60.0662,0
1840,-60.1204,-60.1204,0
1840.25,-60.1718,-60.1718,0
1840.5,-60.2204,-60.2204,0
1840.75,-60.2665,-60.2665,0
1841,-60.3101,-60.3101,0
1841.25,-60.3512,-60.3512,0
1841.5,-60.3899,-60.3899,0
1841.75,-60.4264,-60.4264,0
1842,-60.4607,-60.4607,0
1842.25,-60.4929,-60.4929,0
1842.5,-60.5231,-60.5231,0
1842.75,-60.5513,-60.5513,0
1843,-60.5776,-60.5776,0
1843.25,-60.6021,-60.6021,0
1843.5,-60.6247,-60.6247,0
1843.75,-60.6457,-60.6457,0
1844,-60.6651,-60.6651,0
1844.25,-60.6828,-60.6828,0
1844.5,-60.699,-60.699,0
1844.75,-60.7137,-60.7137,0
1845,-60.7269,-60.7269,0
1845.25,-60.7388,-60.7388,0
1845.5,-60.7493,-60.7493,0
1845.75,-60.7586,-60.7586,0
1846,-60.7665,-60.7665,0
1846.25,-60.7733,-60.7733,0
1846.5,-60.7789,-60.7789,0
1846.75,-60.7833,-60.7833,0
1847,-60.7867,-60.7867,0
1847.25,-60.789,-60.789,0
1847.5,-60.7902,-60.7902,0
1847.75,-60.7905,-60.7905,0
1848,-60.7898,-60.7898,0
1848.25,-60.7881,-60.7881,0
1848.5,-60.7856,-60.7856,0
1848.75,-60.7821,-60.7821,0
1849,-60.7779,-60.7779,0
1849.25,-60.7728,-60.7728,0
1849.5,-60.7669,-60.7669,0
1849.75,-60.7603,-60.7603,0
1850,-60.7529,-60.7529,0
1850.25,-60.7447,-60.7447,0
1850.5,-60.7359,-60.7359,0
1850.75,-60.7264,-60.7264,0
1851,-60.7163,-60.7163,0
1851.25,-60.7055,-60.7055,0
1851.5,-60.694,-60.694,0
1851.75,-60.682,-60.682,0
1852,-60.6694,-60.6694,0
1852.25,-60.6563,-60.6563,0
1852.5,-60.6425,-60.6425,0
1852.75,-60.6283,-60.6283,0
1853,-60.6135,-60.6135,0
1853.25,-60.5983,-60.5983,0
1853.5,-60.5825,-60.5825,0
1853.75,-60.5663,-60.5663,0
1854,-60.5496,-60.5496,0
1854.25,-60.5325,-60.5325,0
1854.5,-60.5149,-60.5149,0
1854.75,-60.497,-60.497,0
1855,-60.4786,-60.4786,0
1855.25,-60.4598,-60.4598,0
1855.5,-60.4406,-60.4406,0
1855.75,-60.4211,-60.4211,0
1856,-60.4012,-60.4012,0
1856.25,-60.381,-60.381,0
1856.5,-60.3604,-60.3604,0
1856.75,-60.3394,-60.3394,0
1857,-60.3182,-60.3182,0
1857.25,-60.2966,-60.2966,0
1857.5,-60.2747,-60.2747,0
1857.75,-60.2526,-60.2526,0
1858,-60.2301,-60.2301,0
1858.25,-60.2074,-60.2074,0
1858.5,-60.1843,-60.1843,0
1858.75,-60.1611,-60.1611,0
1859,-60.1375,-60.1375,0
1859.25,-60.1137,-60.1137,0
1859.5,-60.0897,-60.0897,0
1859.75,-60.0654,-60.0654,0
1860,-60.0409,-60.0409,0
1860.25,-60.0162,-60.0162,0
1860.5,-59.9912,-59.9912,0
1860.75,-59.966,-59.966,0
1861,-59.9406,-59.9406,0
1861.25,-59.9151,-59.9151,0
1861.5,-59.8893,-59.8893,0
1861.75,-59.8633,-59.8633,0
1862,-59.8371,-59.8371,0
1862.25,-59.8108,-59.8108,0
1862.5,-59.7842,-59.7842,0
1862.75,-59.7575,-59.7575,0
1863,-59.7307,-59.7307,0
1863.25,-59.7036,-59.7036,0
1863.5,-59.6764,-59.6764,0
1863.75,-59.6491,-59.6491,0
1864,-59.6216,-59.6216,0
1864.25,-59.5939,-59.5939,0
1864.5,-59.5661,-59.5661,0
1864.75,-59.5382,-59.5382,0
1865,-59.5101,-59.5101,0
1865.25,-59.4818,-59.4818,0
1865.5,-59.4535,-59.4535,0
1865.75,-59.425,-59.425,0
1866,-59.3964,-59.3964,0
1866.25,-59.3676,-59.3676,0
1866.5,-59.3388,-59.3388,0
1866.75,-59.3098,-59.3098,0
1867,-59.2807,-59.2807,0
1867.25,-59.2515,-59.2515,0
1867.5,-59.2222,-59.2222,0
1867.75,-59.1928,-59.1928,0
1868,-59.1633,-59.1633,0
1868.25,-59.1336,-59.1336,0
1868.5,-59.1039,-59.1039,0
1868.75,-59.074,-59.074,0
1869,-59.0441,-59.0441,0
1869.25,-59.0141,-59.0141,0
1869.5,-58.984,-58.984,0
1869.75,-58.9537,-58.9537,0
1870,-58.9234,-58.9234,0
1870.25,-58.8931,-58.8931,0
1870.5,-58.8626,-58.8626,0
1870.75,-58.832,-58.832,0
1871,-58.8014,-58.8014,0
1871.25,-58.7706,-58.7706,0
1871.5,-58.7398,-58.7398,0
1871.75,-58.7089,-58.7089,0
1872,-58.6779,-58.6779,0
1872.25,-58.6469,-58.6469,0
1872.5,-58.6157,-58.6157,0
1872.75,-58.5845,-58.5845,0
1873,-58.5532,-58.5532,0
1873.25,-58.5219,-58.5219,0
1873.5,-58.4905,-58.4905,0
1873.75,-58.459,-58.459,0
1874,-58.4274,-58.4274,0
1874.25,-58.3957,-58.3957,0
1874.5,-58.364,-58.364,0
1874.75,-58.3322,-58.3322,0
1875,-58.3004,-58.3004,0
1875.25,-58.2684,-58.2684,0
1875.5,-58.2364,-58.2364,0
1875.75,-58.2044,-58.2044,0
1876,-58.1722,-58.1722,0
1876.25,-58.14,-58.14,0
1876.5,-58.1077,-58.1077,0
1876.75,-58.0754,-58.0754,0
1877,-58.043,-58.043,0
1877.25,-58.0105,-58.0105,0
1877.5,-57.978,-57.978,0
1877.75,-57.9454,-57.9454,0
1878,-57.9127,-57.9127,0
1878.25,-57.8799,-57.8799,0
1878.5,-57.8471,-57.8471,0
1878.75,-57.8142,-57.8142,0
1879,-57.7813,-57.7813,0
1879.25,-57.7482,-57.7482,0
1879.5,-57.7151,-57.7151,0
1879.75,-57.682,-57.682,0
1880,-57.6487,-57.6487,0
1880.25,-57.6154,-57.6154,0
1880.5,-57.582,-57.582,0
1880.75,-57.5486,-57.5486,0
1881,-57.515,-57.515,0
1881.25,-57.4814,-57.4814,0
1881.5,-57.4477,-57.4477,0
1881.75,-57.414,-57.414,0
1882,-57.3801,-57.3801,0
1882.25,-57.3462,-57.3462,0
1882.5,-57.3122,-57.3122,0
1882.75,-57.2781,-57.2781,0
1883,-57.244,-57.244,0
1883.25,-57.2097,-57.2097,0
1883.5,-57.1754,-57.1754,0
1883.75,-57.1409,-57.1409,0
1884,-57.1064,-57.1064,0
1884.25,-57.0718,-57.0718,0
1884.5,-57.0371,-57.0371,0
1884.75,-57.0023,-57.0023,0
1885,-56.9674,-56.9674,0
1885.25,-56.9324,-56.9324,0
1885.5,-56.8974,-56.8974,0
1885.75,-56.8622,-56.8622,0
1886,-56.8269,-56.8269,0
1886.25,-56.7914,-56.7914,0
1886.5,-56.7559,-56.7559,0
1886.75,-56.7203,-56.7203,0
1887,-56.6845,-56.6845,0
1887.25,-56.6487,-56.6487,0
1887.5,-56.6127,-56.6127,0
1887.75,-56.5766,-56.5766,0
1888,-56.5403,-56.5403,0
1888.25,-56.5039,-56.5039,0
1888.5,-56.4674,-56.4674,0
1888.75,-56.4308,-56.4308,0
1889,-56.394,-56.394,0
1889.25,-56.3571,-56.3571,0
1889.5,-56.32,-56.32,0
1889.75,-56.2827,-56.2827,0
1890,-56.2453,-56.2453,0
1890.25,-56.2077,-56.2077,0
1890.5,-56.17,-56.17,0
1890.75,-56.1321,-56.1321,0
1891,-56.094,-56.094,0
1891.25,-56.0557,-56.0557,0
1891.5,-56.0172,-56.0172,0
1891.75,-55.9786,-55.9786,0
1892,-55.9397,-55.9397,0
1892.25,-55.9006,-55.9006,0
1892.5,-55.8613,-55.8613,0
1892.75,-55.8218,-55.8218,0
1893,-55.782,-55.782,0
1893.25,-55.742,-55.742,0
1893.5,-55.7017,-55.7017,0
1893.75,-55.6612,-55.6612,0
1894,-55.6204,-55.6204,0
1894.25,-55.5794,-55.5794,0
1894.5,-55.538,-55.538,0
1894.75,-55.4964,-55.4964,0
1895,-55.4545,-55.4545,0
1895.25,-55.4122,-55.4122,0
1895.5,-55.3696,-55.3696,0
1895.75,-55.3266,-55.3266,0
1896,-55.2833,-55.2833,0
1896.25,-55.2396,-55.2396,0
1896.5,-55.1955,-55.1955,0
1896.75,-55.151,-55.151,0
1897,-55.1061,-55.1061,0
1897.25,-55.0607,-55.0607,0
1897.5,-55.0149,-55.0149,0
1897.75,-54.9686,-54.9686,0
1898,-54.9217,-54.9217,0
1898.25,-54.8744,-54.8744,0
1898.5,-54.8264,-54.8264,0
1898.75,-54.7779,-54.7779,0
1899,-54.7288,-54.7288,0
1899.25,-54.679,-54.679,0
1899.5,-54.6285,-54.6285,0
1899.75,-54.5773,-54.5773,0
1900,-54.5253,-54.5253,0
1900.25,-54.4725,-54.4725,0
1900.5,-54.4189,-54.4189,0
1900.75,-54.3643,-54.3643,0
1901,-54.3088,-54.3088,0
1901.25,-54.2522,-54.2522,0
1901.5,-54.1946,-54.1946,0
1901.75,-54.1358,-54.1358,0
1902,-54.0757,-54.0757,0
1902.25,-54.0142,-54.0142,0
1902.5,-53.9513,-53.9513,0
1902.75,-53.8869,-53.8869,0
1903,-53.8207,-53.8207,0
1903.25,-53.7527,-53.7527,0
1903.5,-53.6826,-53.6826,0
1903.75,-53.6104,-53.6104,0
1904,-53.5357,-53.5357,0
1904.25,-53.4584,-53.4584,0
1904.5,-53.3781,-53.3781,0
1904.75,-53.2945,-53.2945,0
1905,-53.2072,-53.2072,0
1905.25,-53.1157,-53.1157,0
1905.5,-53.0194,-53.0194,0
1905.75,-52.9177,-52.9177,0
1906,-52.8096,-52.8096,0
1906.25,-52.6941,-52.6941,0
1906.5,-52.5697,-52.5697,0
1906.75,-52.4347,-52.4347,0
1907,-52.2865,-52.2865,0
1907.25,-52.1217,-52.1217,0
1907.5,-51.9354,-51.9354,0
1907.75,-51.7203,-51.7203,0
1908,-51.4644,-51.4644,0
1908.25,-51.1471,-51.1471,0
1908.5,-50.7271,-50.7271,0
1908.75,-50.1031,-50.1031,0
1909,-48.8864,-48.8864,0
1909.25,-39.6533,-39.6533,0
1909.5,21.7991,21.7991,0
1909.75,2.75258,2.75258,0
1910,-11.1102,-11.1102,0
1910.25,-21.4413,-21.4413,0
1910.5,-31.5099,-31.5099,0
1910.75,-42.2486,-42.2486,0
1911,-48.7217,-48.7217,0
1911.25,-51.5028,-51.5028,0
1911.5,-52.8502,-52.8502,0
1911.75,-53.5734,-53.5734,0
1912,-53.9942,-53.9942,0
1912.25,-54.2643,-54.2643,0
1912.5,-54.461,-54.461,0
1912.75,-54.6249,-54.6249,0
1913,-54.7771,-54.7771,0
1913.25,-54.9284,-54.9284,0
1913.5,-55.0836,-55.0836,0
1913.75,-55.2445,-55.2445,0
1914,-55.4109,-55.4109,0
1914.25,-55.5821,-55.5821,0
1914.5,-55.7568,-55.7568,0
1914.75,-55.9335,-55.9335,0
1915,-56.1112,-56.1112,0
1915.25,-56.2885,-56.2885,0
1915.5,-56.4645,-56.4645,0
1915.75,-56.6382,-56.6382,0
1916,-56.8091,-56.8091,0
1916.25,-56.9764,-56.9764,0
1916.5,-57.1398,-57.1398,0
1916.75,-57.2989,-57.2989,0
1917,-57.4534,-57.4534,0
1917.25,-57.6032,-57.6032,0
1917.5,-57.7482,-57.7482,0
1917.75,-57.8883,-57.8883,0
1918,-58.0234,-58.0234,0
1918.25,-58.1535,-58.1535,0
1918.5,-58.2788,-58.2788,0
1918.75,-58.3993,-58.3993,0
1919,-58.515,-58.515,0
1919.25,-58.626,-58.626,0
1919.5,-58.7325,-58.7325,0
1919.75,-58.8345,-58.8345,0
1920,-58.9322,-58.9322,0
1920.25,-59.0257,-59.0257,0
1920.5,-59.115,-59.115,0
1920.75,-59.2004,-59.2004,0
1921,-59.282,-59.282,0
1921.25,-59.3598,-59.3598,0
1921.5,-59.434,-59.434,0
1921.75,-59.5047,-59.5047,0
1922,-59.572,-59.572,0
1922.25,-59.6361,-59.6361,0
1922.5,-59.697,-59.697,0
1922.75,-59.7548,-59.7548,0
1923,-59.8097,-59.8097,0
1923.25,-59.8618,-59.8618,0
1923.5,-59.9111,-59.9111,0
1923.75,-59.9578,-59.9578,0
1924,-60.0019,-60.0019,0
1924.25,-60.0435,-60.0435,0
1924.5,-60.0827,-60.0827,0
1924.75,-60.1196,-60.1196,0
1925,-60.1543,-60.1543,0
1925.25,-60.1869,-60.1869,0
1925.5,-60.2174,-60.2174,0
1925.75,-60.2459,-60.2459,0
1926,-60.2724,-60.2724,0
1926.25,-60.2971,-60.2971,0
1926.5,-60.32,-60.32,0
1926.75,-60.3411,-60.3411,0
1927,-60.3606,-60.3606,0
1927.25,-60.3784,-60.3784,0
1927.5,-60.3947,-60.3947,0
1927.75,-60.4094,-60.4094,0
1928,-60.4227,-60.4227,0
1928.25,-60.4345,-60.4345,0
1928.5,-60.445,-60.445,0
1928.75,-60.4541,-60.4541,0
1929,-60.462,-60.462,0
1929.25,-60.4686,-60.4686,0
1929.5,-60.4741,-60.4741,0
1929.75,-60.4783,-60.4783,0
1930,-60.4815,-60.4815,0
1930.25,-60.4836,-60.4836,0
1930.5,-60.4846,-60.4846,0
1930.75,-60.4846,-60.4846,0
1931,-60.4836,-60.4836,0
1931.25,-60.4816,-60.4816,0
1931.5,-60.4787,-60.4787,0
1931.75,-60.475,-60.475,0
1932,-60.4703,-60.4703,0
1932.25,-60.4649,-60.4649,0
1932.5,-60.4586,-60.4586,0
1932.75,-60.4515,-60.4515,0
1933,-60.4436,-60.4436,0
1933.25,-60.435,-60.435,0
1933.5,-60.4257,-60.4257,0
1933.75,-60.4157,-60.4157,0
1934,-60.4051,-60.4051,0
1934.25,-60.3937,-60.3937,0
1934.5,-60.3818,-60.3818,0
1934.75,-60.3692,-60.3692,0
1935,-60.356,-60.356,0
1935.25,-60.3422,-60.3422,0
1935.5,-60.3279,-60.3279,0
1935.75,-60.313,-60.313,0
1936,-60.2976,-60.2976,0
1936.25,-60.2816,-60.2816,0
1936.5,-60.2652,-60.2652,0
1936.75,-60.2483,-60.2483,0
1937,-60.2309,-60.2309,0
1937.25,-60.2131,-60.2131,0
1937.5,-60.1948,-60.1948,0
1937.75,-60.176,-60.176,0
1938,-60.1569,-60.1569,0
1938.25,-60.1373,-60.1373,0
1938.5,-60.1173,-60.1173,0
1938.75,-60.097,-60.097,0
1939,-60.0763,-60.0763,0
1939.25,-60.0552,-60.0552,0
1939.5,-60.0337,-60.0337,0
1939.75,-60.0119,-60.0119,0
1940,-59.9898,-59.9898,0
1940.25,-59.9673,-59.9673,0
1940.5,-59.9445,-59.9445,0
1940.75,-59.9214,-59.9214,0
1941,-59.898,-59.898,0
1941.25,-59.8743,-59.8743,0
1941.5,-59.8503,-59.8503,0
1941.75,-59.826,-59.826,0
1942,-59.8015,-59.8015,0
1942.25,-59.7767,-59.7767,0
1942.5,-59.7516,-59.7516,0
1942.75,-59.7263,-59.7263,0
1943,-59.7007,-59.7007,0
1943.25,-59.6749,-59.6749,0
1943.5,-59.6489,-59.6489,0
1943.75,-59.6226,-59.6226,0
1944,-59.5961,-59.5961,0
1944.25,-59.5694,-59.5694,0
1944.5,-59.5425,-59.5425,0
1944.75,-59.5153,-59.5153,0
1945,-59.488,-59.488,0
1945.25,-59.4605,-59.4605,0
1945.5,-59.4327,-59.4327,0
1945.75,-59.4048,-59.4048,0
1946,-59.3767,-59.3767,0
1946.25,-59.3484,-59.3484,0
1946.5,-59.32,-59.32,0
1946.75,-59.2913,-59.2913,0
1947,-59.2625,-59.2625,0
1947.25,-59.2336,-59.2336,0
1947.5,-59.2045,-59.2045,0
1947.75,-59.1752,-59.1752,0
1948,-59.1457,-59.1457,0
1948.25,-59.1161,-59.1161,0
1948.5,-59.0864,-59.0864,0
1948.75,-59.0565,-59.0565,0
1949,-59.0265,-59.0265,0
1949.25,-58.9963,-58.9963,0
1949.5,-58.966,-58.966,0
1949.75,-58.9356,-58.9356,0
1950,-58.905,-58.905,0
1950.25,-58.8743,-58.8743,0
1950.5,-58.8435,-58.8435,0
1950.75,-58.8125,-58.8125,0
1951,-58.7814,-58.7814,0
1951.25,-58.7502,-58.7502,0
1951.5,-58.7189,-58.7189,0
1951.75,-58.6875,-58.6875,0
1952,-58.6559,-58.6559,0
1952.25,-58.6242,-58.6242,0
1952.5,-58.5925,-58.5925,0
1952.75,-58.5606,-58.5606,0
1953,-58.5286,-58.5286,0
1953.25,-58.4964,-58.4964,0
1953.5,-58.4642,-58.4642,0
1953.75,-58.4319,-58.4319,0
1954,-58.3995,-58.3995,0
1954.25,-58.3669,-58.3669,0
1954.5,-58.3343,-58.3343,0
1954.75,-58.3015,-58.3015,0
1955,-58.2687,-58.2687,0
1955.25,-58.2357,-58.2357,0
1955.5,-58.2027,-58.2027,0
1955.75,-58.1695,-58.1695,0
1956,-58.1363,-58.1363,0
1956.25,-58.1029,-58.1029,0
1956.5,-58.0695,-58.0695,0
1956.75,-58.0359,-58.0359,0
1957,-58.0023,-58.0023,0
1957.25,-57.9685,-57.9685,0
1957.5,-57.9347,-57.9347,0
1957.75,-57.9008,-57.9008,0
1958,-57.8667,-57.8667,0
1958.25,-57.8326,-57.8326,0
1958.5,-57.7984,-57.7984,0
1958.75,-57.764,-57.764,0
1959,-57.7296,-57.7296,0
1959.25,-57.6951,-57.6951,0
1959.5,-57.6604,-57.6604,0
1959.75,-57.6257,-57.6257,0
1960,-57.5909,-57.5909,0
1960.25,-57.556,-57.556,0
1960.5,-57.5209,-57.5209,0
1960.75,-57.4858,-57.4858,0
1961,-57.4505,-57.4505,0
1961.25,-57.4152,-57.4152,0
1961.5,-57.3797,-57.3797,0
1961.75,-57.3442,-57.3442,0
1962,-57.3085,-57.3085,0
1962.25,-57.2727,-57.2727,0
1962.5,-57.2368,-57.2368,0
1962.75,-57.2008,-57.2008,0
1963,-57.1647,-57.1647,0
1963.25,-57.1285,-57.1285,0
1963.5,-57.0921,-57.0921,0
1963.75,-57.0556,-57.0556,0
1964,-57.019,-57.019,0
1964.25,-56.9823,-56.9823,0
1964.5,-56.9454,-56.9454,0
1964.75,-56.9084,-56.9084,0
1965,-56.8713,-56.8713,0
1965.25,-56.8341,-56.8341,0
1965.5,-56.7967,-56.7967,0
1965.75,-56.7592,-56.7592,0
1966,-56.7215,-56.7215,0
1966.25,-56.6837,-56.6837,0
1966.5,-56.6457,-56.6457,0
1966.75,-56.6076,-56.6076,0
1967,-56.5693,-56.5693,0
1967.25,-56.5308,-56.5308,0
1967.5,-56.4922,-56.4922,0
1967.75,-56.4534,-56.4534,0
1968,-56.4145,-56.4145,0
1968.25,-56.3754,-56.3754,0
1968.5,-56.336,-56.336,0
1968.75,-56.2965,-56.2965,0
1969,-56.2568,-56.2568,0
1969.25,-56.2169,-56.2169,0
1969.5,-56.1768,-56.1768,0
1969.75,-56.1365,-56.1365,0
1970,-56.096,-56.096,0
1970.25,-56.0552,-56.0552,0
1970.5,-56.0142,-56.0142,0
1970.75,-55.973,-55.973,0
1971,-55.9316,-55.9316,0
1971.25,-55.8898,-55.8898,0
1971.5,-55.8478,-55.8478,0
1971.75,-55.8056,-55.8056,0
1972,-55.763,-55.763,0
1972.25,-55.7202,-55.7202,0
1972.5,-55.6771,-55.6771,0
1972.75,-55.6336,-55.6336,0
1973,-55.5899,-55.5899,0
1973.25,-55.5457,-55.5457,0
1973.5,-55.5013,-55.5013,0
1973.75,-55.4565,-55.4565,0
1974,-55.4113,-55.4113,0
1974.25,-55.3657,-55.3657,0
1974.5,-55.3197,-55.3197,0
1974.75,-55.2733,-55.2733,0
1975,-55.2265,-55.2265,0
1975.25,-55.1791,-55.1791,0
1975.5,-55.1313,-55.1313,0
1975.75,-55.083,-55.083,0
1976,-55.0342,-55.0342,0
1976.25,-54.9848,-54.9848,0
1976.5,-54.9349,-54.9349,0
1976.75,-54.8843,-54.8843,0
1977,-54.8331,-54.8331,0
1977.25,-54.7812,-54.7812,0
1977.5,-54.7286,-54.7286,0
1977.75,-54.6753,-54.6753,0
1978,-54.6212,-54.6212,0
1978.25,-54.5663,-54.5663,0
1978.5,-54.5104,-54.5104,0
1978.75,-54.4537,-54.4537,0
1979,-54.3959,-54.3959,0
1979.25,-54.3371,-54.3371,0
1979.5,-54.2772,-54.2772,0
1979.75,-54.216,-54.216,0
1980,-54.1536,-54.1536,0
1980.25,-54.0898,-54.0898,0
1980.5,-54.0245,-54.0245,0
1980.75,-53.9576,-53.9576,0
1981,-53.889,-53.889,0
1981.25,-53.8184,-53.8184,0
1981.5,-53.7458,-53.7458,0
1981.75,-53.671,-53.671,0
1982,-53.5937,-53.5937,0
1982.25,-53.5136,-53.5136,0
1982.5,-53.4306,-53.4306,0
1982.75,-53.3441,-53.3441,0
1983,-53.2539,-53.2539,0
1983.25,-53.1593,-53.1593,0
1983.5,-53.06,-53.06,0
1983.75,-52.955,-52.955,0
1984,-52.8435,-52.8435,0
1984.25,-52.7243,-52.7243,0
1984.5,-52.5961,-52.5961,0
1984.75,-52.4569,-52.4569,0
1985,-52.3042,-52.3042,0
1985.25,-52.1343,-52.1343,0
1985.5,-51.9421,-51.9421,0
1985.75,-51.7199,-51.7199,0
1986,-51.455,-51.455,0
1986.25,-51.125,-51.125,0
1986.5,-50.6843,-50.6843,0
1986.75,-50.0167,-50.0167,0
1987,-48.6271,-48.6271,0
1987.25,-34.8259,-34.8259,0
1987.5,19.4216,19.4216,0
1987.75,0.607074,0.607074,0
1988,-12.5949,-12.5949,0
1988.25,-22.6909,-22.6909,0
1988.5,-32.9099,-32.9099,0
1988.75,-43.3878,-43.3878,0
1989,-49.2003,-49.2003,0
1989.25,-51.7046,-51.7046,0
1989.5,-52.9334,-52.9334,0
1989.75,-53.5962,-53.5962,0
1990,-53.9828,-53.9828,0
1990.25,-54.232,-54.232,0
1990.5,-54.4147,-54.4147,0
1990.75,-54.5683,-54.5683,0
1991,-54.7122,-54.7122,0
1991.25,-54.8562,-54.8562,0
1991.5,-55.0045,-55.0045,0
1991.75,-55.1587,-55.1587,0
1992,-55.3186,-55.3186,0
1992.25,-55.4833,-55.4833,0
1992.5,-55.6514,-55.6514,0
1992.75,-55.8218,-55.8218,0
1993,-55.993,-55.993,0
1993.25,-56.164,-56.164,0
1993.5,-56.3337,-56.3337,0
1993.75,-56.5014,-56.5014,0
1994,-56.6662,-56.6662,0
1994.25,-56.8277,-56.8277,0
1994.5,-56.9855,-56.9855,0
1994.75,-57.139,-57.139,0
1995,-57.2882,-57.2882,0
1995.25,-57.4328,-57.4328,0
1995.5,-57.5728,-57.5728,0
1995.75,-57.7079,-57.7079,0
1996,-57.8383,-57.8383,0
1996.25,-57.9639,-57.9639,0
1996.5,-58.0848,-58.0848,0
1996.75,-58.201,-58.201,0
1997,-58.3126,-58.3126,0
1997.25,-58.4196,-58.4196,0
1997.5,-58.5222,-58.5222,0
1997.75,-58.6205,-58.6205,0
1998,-58.7146,-58.7146,0
1998.25,-58.8046,-58.8046,0
1998.5,-58.8906,-58.8906,0
1998.75,-58.9728,-58.9728,0
1999,-59.0511,-59.0511,0
1999.25,-59.1259,-59.1259,0
1999.5,-59.1971,-59.1971,0
1999.75,-59.2649,-59.2649,0
2000,-59.3295,-59.3295,0
2000.25,-59.3908,-59.3908,0
2000.5,-59.4491,-59.4491,0
2000.75,-59.5044,-59.5044,0
2001,-59.5568,-59.5568,0
2001.25,-59.6064,-59.6064,0
2001.5,-59.6533,-59.6533,0
2001.75,-59.6977,-59.6977,0
2002,-59.7396,-59.7396,0
2002.25,-59.779,-59.779,0
2002.5,-59.8161,-59.8161,0
2002.75,-59.851,-59.851,0
2003,-59.8836,-59.8836,0
2003.25,-59.9142,-59.9142,0
2003.5,-59.9428,-59.9428,0
2003.75,-59.9694,-59.9694,0
2004,-59.994,-59.994,0
2004.25,-60.0169,-60.0169,0
2004.5,-60.038,-60.038,0
2004.75,-60.0574,-60.0574,0
2005,-60.0751,-60.0751,0
2005.25,-60.0912,-60.0912,0
2005.5,-60.1058,-60.1058,0
2005.75,-60.1189,-60.1189,0
2006,-60.1306,-60.1306,0
2006.25,-60.1409,-60.1409,0
2006.5,-60.1498,-60.1498,0
2006.75,-60.1574,-60.1574,0
2007,-60.1638,-60.1638,0
2007.25,-60.1689,-60.1689,0
2007.5,-60.1729,-60.1729,0
2007.75,-60.1757,-60.1757,0
2008,-60.1774,-60.1774,0
2008.25,-60.178,-60.178,0
2008.5,-60.1776,-60.1776,0
2008.75,-60.1762,-60.1762,0
2009,-60.1738,-60.1738,0
2009.25,-60.1705,-60.1705,0
2009.5,-60.1662,-60.1662,0
2009.75,-60.1611,-60.1611,0
2010,-60.1551,-60.1551,0
2010.25,-60.1483,-60.1483,0
2010.5,-60.1407,-60.1407,0
2010.75,-60.1323,-60.1323,0
2011,-60.1231,-60.1231,0
2011.25,-60.1133,-60.1133,0
2011.5,-60.1026,-60.1026,0
2011.75,-60.0913,-60.0913,0
2012,-60.0794,-60.0794,0
2012.25,-60.0667,-60.0667,0
2012.5,-60.0535,-60.0535,0
2012.75,-60.0396,-60.0396,0
2013,-60.0251,-60.0251,0
2013.25,-60.0101,-60.0101,0
2013.5,-59.9945,-59.9945,0
2013.75,-59.9783,-59.9783,0
2014,-59.9616,-59.9616,0
2014.25,-59.9444,-59.9444,0
2014.5,-59.9267,-59.9267,0
2014.75,-59.9085,-59.9085,0
2015,-59.8899,-59.8899,0
2015.25,-59.8707,-59.8707,0
2015.5,-59.8511,-59.8511,0
2015.75,-59.8311,-59.8311,0
2016,-59.8107,-59.8107,0
2016.25,-59.7898,-59.7898,0
2016.5,-59.7686,-59.7686,0
2016.75,-59.7469,-59.7469,0
2017,-59.7249,-59.7249,0
2017.25,-59.7025,-59.7025,0
2017.5,-59.6797,-59.6797,0
2017.75,-59.6566,-59.6566,0
2018,-59.6331,-59.6331,0
2018.25,-59.6093,-59.6093,0
2018.5,-59.5852,-59.5852,0
2018.75,-59.5607,-59.5607,0
2019,-59.536,-59.536,0
2019.25,-59.5109,-59.5109,0
2019.5,-59.4856,-59.4856,0
2019.75,-59.4599,-59.4599,0
2020,-59.434,-59.434,0
2020.25,-59.4078,-59.4078,0
2020.5,-59.3813,-59.3813,0
2020.75,-59.3546,-59.3546,0
2021,-59.3276,-59.3276,0
2021.25,-59.3004,-59.3004,0
2021.5,-59.2729,-59.2729,0
2021.75,-59.2452,-59.2452,0
2022,-59.2172,-59.2172,0
2022.25,-59.1891,-59.1891,0
2022.5,-59.1607,-59.1607,0
2022.75,-59.132,-59.132,0
2023,-59.1032,-59.1032,0
2023.25,-59.0742,-59.0742,0
2023.5,-59.0449,-59.0449,0
2023.75,-59.0155,-59.0155,0
2024,-58.9858,-58.9858,0
2024.25,-58.956,-58.956,0
2024.5,-58.9259,-58.9259,0
2024.75,-58.8957,-58.8957,0
2025,-58.8653,-58.8653,0
2025.25,-58.8347,-58.8347,0
2025.5,-58.804,-58.804,0
2025.75,-58.773,-58.773,0
2026,-58.7419,-58.7419,0
2026.25,-58.7107,-58.7107,0
2026.5,-58.6792,-58.6792,0
2026.75,-58.6476,-58.6476,0
2027,-58.6159,-58.6159,0
2027.25,-58.584,-58.584,0
2027.5,-58.5519,-58.5519,0
2027.75,-58.5197,-58.5197,0
2028,-58.4873,-58.4873,0
2028.25,-58.4548,-58.4548,0
2028.5,-58.4221,-58.4221,0
2028.75,-58.3893,-58.3893,0
2029,-58.3563,-58.3563,0
2029.25,-58.3232,-58.3232,0
2029.5,-58.2899,-58.2899,0
2029.75,-58.2566,-58.2566,0
2030,-58.223,-58.223,0
2030.25,-58.1894,-58.1894,0
2030.5,-58.1556,-58.1556,0
2030.75,-58.1216,-58.1216,0
2031,-58.0876,-58.0876,0
2031.25,-58.0534,-58.0534,0
2031.5,-58.019,-58.019,0
2031.75,-57.9846,-57.9846,0
2032,-57.95,-57.95,0
2032.25,-57.9152,-57.9152,0
2032.5,-57.8803,-57.8803,0
2032.75,-57.8454,-57.8454,0
2033,-57.8102,-57.8102,0
2033.25,-57.775,-57.775,0
2033.5,-57.7396,-57.7396,0
2033.75,-57.704,-57.704,0
2034,-57.6684,-57.6684,0
2034.25,-57.6326,-57.6326,0
2034.5,-57.5967,-57.5967,0
2034.75,-57.5606,-57.5606,0
2035,-57.5244,-57.5244,0
2035.25,-57.4881,-57.4881,0
2035.5,-57.4517,-57.4517,0
2035.75,-57.4151,-57.4151,0
2036,-57.3783,-57.3783,0
2036.25,-57.3414,-57.3414,0
2036.5,-57.3044,-57.3044,0
2036.75,-57.2673,-57.2673,0
2037,-57.23,-57.23,0
2037.25,-57.1925,-57.1925,0
2037.5,-57.155,-57.155,0
2037.75,-57.1172,-57.1172,0
2038,-57.0793,-57.0793,0
2038.25,-57.0413,-57.0413,0
2038.5,-57.0031,-57.0031,0
2038.75,-56.9647,-56.9647,0
2039,-56.9262,-56.9262,0
2039.25,-56.8876,-56.8876,0
2039.5,-56.8487,-56.8487,0
2039.75,-56.8097,-56.8097,0
2040,-56.7705,-56.7705,0
2040.25,-56.7312,-56.7312,0
2040.5,-56.6916,-56.6916,0
2040.75,-56.6519,-56.6519,0
2041,-56.612,-56.612,0
2041.25,-56.5719,-56.5719,0
2041.5,-56.5317,-56.5317,0
2041.75,-56.4912,-56.4912,0
2042,-56.4505,-56.4505,0
2042.25,-56.4096,-56.4096,0
2042.5,-56.3685,-56.3685,0
2042.75,-56.3271,-56.3271,0
2043,-56.2856,-56.2856,0
2043.25,-56.2438,-56.2438,0
2043.5,-56.2018,-56.2018,0
2043.75,-56.1595,-56.1595,0
2044,-56.117,-56.117,0
2044.25,-56.0742,-56.0742,0
2044.5,-56.0311,-56.0311,0
2044.75,-55.9878,-55.9878,0
2045,-55.9442,-55.9442,0
2045.25,-55.9003,-55.9003,0
2045.5,-55.8561,-55.8561,0
2045.75,-55.8116,-55.8116,0
2046,-55.7667,-55.7667,0
2046.25,-55.7216,-55.7216,0
2046.5,-55.676,-55.676,0
2046.75,-55.6302,-55.6302,0
2047,-55.5839,-55.5839,0
2047.25,-55.5373,-55.5373,0
2047.5,-55.4902,-55.4902,0
2047.75,-55.4428,-55.4428,0
2048,-55.3949,-55.3949,0
2048.25,-55.3465,-55.3465,0
2048.5,-55.2977,-55.2977,0
2048.75,-55.2484,-55.2484,0
2049,-55.1986,-55.1986,0
2049.25,-55.1483,-55.1483,0
2049.5,-55.0974,-55.0974,0
2049.75,-55.0459,-55.0459,0
2050,-54.9938,-54.9938,0
2050.25,-54.941,-54.941,0
2050.5,-54.8876,-54.8876,0
2050.75,-54.8335,-54.8335,0
2051,-54.7786,-54.7786,0
2051.25,-54.7229,-54.7229,0
2051.5,-54.6664,-54.6664,0
2051.75,-54.609,-54.609,0
2052,-54.5507,-54.5507,0
2052.25,-54.4914,-54.4914,0
2052.5,-54.431,-54.431,0
2052.75,-54.3695,-54.3695,0
2053,-54.3068,-54.3068,0
2053.25,-54.2429,-54.2429,0
2053.5,-54.1775,-54.1775,0
2053.75,-54.1107,-54.1107,0
2054,-54.0423,-54.0423,0
2054.25,-53.9722,-53.9722,0
2054.5,-53.9002,-53.9002,0
2054.75,-53.8262,-53.8262,0
2055,-53.75,-53.75,0
2055.25,-53.6713,-53.6713,0
2055.5,-53.59,-53.59,0
2055.75,-53.5057,-53.5057,0
2056,-53.4182,-53.4182,0
2056.25,-53.3269,-53.3269,0
2056.5,-53.2315,-53.2315,0
2056.75,-53.1314,-53.1314,0
2057,-53.026,-53.026,0
2057.25,-52.9142,-52.9142,0
2057.5,-52.7952,-52.7952,0
2057.75,-52.6676,-52.6676,0
2058,-52.5296,-52.5296,0
2058.25,-52.3789,-52.3789,0
2058.5,-52.2122,-52.2122,0
2058.75,-52.0251,-52.0251,0
2059,-51.8106,-51.8106,0
2059.25,-51.5581,-51.5581,0
2059.5,-51.2488,-51.2488,0
2059.75,-50.8469,-50.8469,0
2060,-50.2679,-50.2679,0
2060.25,-49.2214,-49.2214,0
2060.5,-43.711,-43.711,0
2060.75,23.0843,23.0843,0
2061,5.62616,5.62616,0
2061.25,-9.09208,-9.09208,0
2061.5,-19.7579,-19.7579,0
2061.75,-29.6289,-29.6289,0
2062,-40.5127,-40.5127,0
2062.25,-47.9188,-47.9188,0
2062.5,-51.1083,-51.1083,0
2062.75,-52.6067,-52.6067,0
2063,-53.3912,-53.3912,0
2063.25,-53.8341,-53.8341,0
2063.5,-54.1073,-54.1073,0
2063.75,-54.2971,-54.2971,0
2064,-54.449,-54.449,0
2064.25,-54.5867,-54.5867,0
2064.5,-54.7223,-54.7223,0
2064.75,-54.8614,-54.8614,0
2065,-55.0064,-55.0064,0
2065.25,-55.1573,-55.1573,0
2065.5,-55.3134,-55.3134,0
2065.75,-55.4737,-55.4737,0
2066,-55.6368,-55.6368,0
2066.25,-55.8013,-55.8013,0
2066.5,-55.9661,-55.9661,0
2066.75,-56.1302,-56.1302,0
2067,-56.2927,-56.2927,0
2067.25,-56.4527,-56.4527,0
2067.5,-56.6098,-56.6098,0
2067.75,-56.7634,-56.7634,0
2068,-56.9131,-56.9131,0
2068.25,-57.0588,-57.0588,0
2068.5,-57.2,-57.2,0
2068.75,-57.3368,-57.3368,0
2069,-57.4691,-57.4691,0
2069.25,-57.5967,-57.5967,0
2069.5,-57.7197,-57.7197,0
2069.75,-57.8381,-57.8381,0
2070,-57.9519,-57.9519,0
2070.25,-58.0612,-58.0612,0
2070.5,-58.1661,-58.1661,0
2070.75,-58.2666,-58.2666,0
2071,-58.3629,-58.3629,0
2071.25,-58.4551,-58.4551,0
2071.5,-58.5432,-58.5432,0
2071.75,-58.6275,-58.6275,0
2072,-58.7079,-58.7079,0
2072.25,-58.7846,-58.7846,0
2072.5,-58.8577,-58.8577,0
2072.75,-58.9274,-58.9274,0
2073,-58.9937,-58.9937,0
2073.25,-59.0567,-59.0567,0
2073.5,-59.1166,-59.1166,0
2073.75,-59.1734,-59.1734,0
2074,-59.2273,-59.2273,0
2074.25,-59.2784,-59.2784,0
2074.5,-59.3267,-59.3267,0
2074.75,-59.3723,-59.3723,0
2075,-59.4154,-59.4154,0
2075.25,-59.456,-59.456,0
2075.5,-59.4942,-59.4942,0
2075.75,-59.5301,-59.5301,0
2076,-59.5637,-59.5637,0
2076.25,-59.5952,-59.5952,0
2076.5,-59.6246,-59.6246,0
2076.75,-59.652,-59.652,0
2077,-59.6774,-59.6774,0
2077.25,-59.7009,-59.7009,0
2077.5,-59.7227,-59.7227,0
2077.75,-59.7427,-59.7427,0
2078,-59.7609,-59.7609,0
2078.25,-59.7776,-59.7776,0
2078.5,-59.7926,-59.7926,0
2078.75,-59.8061,-59.8061,0
2079,-59.8181,-59.8181,0
2079.25,-59.8287,-59.8287,0
2079.5,-59.8379,-59.8379,0
2079.75,-59.8458,-59.8458,0
2080,-59.8523,-59.8523,0
2080.25,-59.8576,-59.8576,0
2080.5,-59.8617,-59.8617,0
2080.75,-59.8646,-59.8646,0
2081,-59.8664,-59.8664,0
2081.25,-59.867,-59.867,0
2081.5,-59.8666,-59.8666,0
2081.75,-59.8651,-59.8651,0
2082,-59.8627,-59.8627,0
2082.25,-59.8592,-59.8592,0
2082.5,-59.8548,-59.8548,0
2082.75,-59.8495,-59.8495,0
2083,-59.8434,-59.8434,0
2083.25,-59.8363,-59.8363,0
2083.5,-59.8284,-59.8284,0
2083.75,-59.8197,-59.8197,0
2084,-59.8103,-59.8103,0
2084.25,-59.8,-59.8,0
2084.5,-59.789,-59.789,0
2084.75,-59.7774,-59.7774,0
2085,-59.765,-59.765,0
2085.25,-59.7519,-59.7519,0
2085.5,-59.7382,-59.7382,0
2085.75,-59.7238,-59.7238,0
2086,-59.7088,-59.7088,0
2086.25,-59.6932,-59.6932,0
2086.5,-59.677,-59.677,0
2086.75,-59.6603,-59.6603,0
2087,-59.643,-59.643,0
2087.25,-59.6252,-59.6252,0
2087.5,-59.6068,-59.6068,0
2087.75,-59.5879,-59.5879,0
2088,-59.5686,-59.5686,0
2088.25,-59.5487,-59.5487,0
2088.5,-59.5284,-59.5284,0
2088.75,-59.5076,-59.5076,0
2089,-59.4864,-59.4864,0
2089.25,-59.4647,-59.4647,0
2089.5,-59.4426,-59.4426,0
2089.75,-59.4201,-59.4201,0
2090,-59.3972,-59.3972,0
2090.25,-59.3739,-59.3739,0
2090.5,-59.3503,-59.3503,0
2090.75,-59.3262,-59.3262,0
2091,-59.3018,-59.3018,0
2091.25,-59.277,-59.277,0
2091.5,-59.2519,-59.2519,0
2091.75,-59.2265,-59.2265,0
2092,-59.2007,-59.2007,0
2092.25,-59.1746,-59.1746,0
2092.5,-59.1482,-59.1482,0
2092.75,-59.1214,-59.1214,0
2093,-59.0944,-59.0944,0
2093.25,-59.0671,-59.0671,0
2093.5,-59.0395,-59.0395,0
2093.75,-59.0116,-59.0116,0
2094,-58.9834,-58.9834,0
2094.25,-58.9549,-58.9549,0
2094.5,-58.9262,-58.9262,0
2094.75,-58.8973,-58.8973,0
2095,-58.868,-58.868,0
2095.25,-58.8386,-58.8386,0
2095.5,-58.8089,-58.8089,0
2095.75,-58.7789,-58.7789,0
2096,-58.7487,-58.7487,0
2096.25,-58.7183,-58.7183,0
2096.5,-58.6876,-58.6876,0
2096.75,-58.6568,-58.6568,0
2097,-58.6257,-58.6257,0
2097.25,-58.5944,-58.5944,0
2097.5,-58.5628,-58.5628,0
2097.75,-58.5311,-58.5311,0
2098,-58.4992,-58.4992,0
2098.25,-58.467,-58.467,0
2098.5,-58.4347,-58.4347,0
2098.75,-58.4021,-58.4021,0
2099,-58.3694,-58.3694,0
2099.25,-58.3365,-58.3365,0
2099.5,-58.3034,-58.3034,0
2099.75,-58.2701,-58.2701,0
2100,-58.2366,-58.2366,0
2100.25,-58.2029,-58.2029,0
2100.5,-58.169,-58.169,0
2100.75,-58.135,-58.135,0
2101,-58.1008,-58.1008,0
2101.25,-58.0664,-58.0664,0
2101.5,-58.0318,-58.0318,0
2101.75,-57.9971,-57.9971,0
2102,-57.9622,-57.9622,0
2102.25,-57.9271,-57.9271,0
2102.5,-57.8918,-57.8918,0
2102.75,-57.8564,-57.8564,0
2103,-57.8208,-57.8208,0
2103.25,-57.785,-57.785,0
2103.5,-57.7491,-57.7491,0
2103.75,-57.713,-57.713,0
2104,-57.6767,-57.6767,0
2104.25,-57.6402,-57.6402,0
2104.5,-57.6036,-57.6036,0
2104.75,-57.5668,-57.5668,0
2105,-57.5299,-57.5299,0
2105.25,-57.4927,-57.4927,0
2105.5,-57.4554,-57.4554,0
2105.75,-57.418,-57.418,0
2106,-57.3803,-57.3803,0
2106.25,-57.3425,-57.3425,0
2106.5,-57.3045,-57.3045,0
2106.75,-57.2663,-57.2663,0
2107,-57.228,-57.228,0
2107.25,-57.1895,-57.1895,0
2107.5,-57.1508,-57.1508,0
2107.75,-57.1119,-57.1119,0
2108,-57.0728,-57.0728,0
2108.25,-57.0335,-57.0335,0
2108.5,-56.9941,-56.9941,0
2108.75,-56.9545,-56.9545,0
2109,-56.9146,-56.9146,0
2109.25,-56.8746,-56.8746,0
2109.5,-56.8344,-56.8344,0
2109.75,-56.7939,-56.7939,0
2110,-56.7533,-56.7533,0
2110.25,-56.7124,-56.7124,0
2110.5,-56.6714,-56.6714,0
2110.75,-56.6301,-56.6301,0
2111,-56.5886,-56.5886,0
2111.25,-56.5469,-56.5469,0
2111.5,-56.5049,-56.5049,0
2111.75,-56.4627,-56.4627,0
2112,-56.4202,-56.4202,0
2112.25,-56.3776,-56.3776,0
2112.5,-56.3346,-56.3346,0
2112.75,-56.2914,-56.2914,0
2113,-56.2479,-56.2479,0
2113.25,-56.2042,-56.2042,0
2113.5,-56.1601,-56.1601,0
2113.75,-56.1158,-56.1158,0
2114,-56.0712,-56.0712,0
2114.25,-56.0263,-56.0263,0
2114.5,-55.981,-55.981,0
2114.75,-55.9355,-55.9355,0
2115,-55.8896,-55.8896,0
2115.25,-55.8433,-55.8433,0
2115.5,-55.7967,-55.7967,0
2115.75,-55.7497,-55.7497,0
2116,-55.7024,-55.7024,0
2116.25,-55.6546,-55.6546,0
2116.5,-55.6065,-55.6065,0
2116.75,-55.5579,-55.5579,0
2117,-55.5088,-55.5088,0
2117.25,-55.4594,-55.4594,0
2117.5,-55.4094,-55.4094,0
2117.75,-55.3589,-55.3589,0
2118,-55.308,-55.308,0
2118.25,-55.2564,-55.2564,0
2118.5,-55.2044,-55.2044,0
2118.75,-55.1517,-55.1517,0
2119,-55.0984,-55.0984,0
2119.25,-55.0445,-55.0445,0
2119.5,-54.9899,-54.9899,0
2119.75,-54.9345,-54.9345,0
2120,-54.8785,-54.8785,0
2120.25,-54.8216,-54.8216,0
2120.5,-54.764,-54.764,0
2120.75,-54.7054,-54.7054,0
2121,-54.6459,-54.6459,0
2121.25,-54.5855,-54.5855,0
2121.5,-54.524,-54.524,0
2121.75,-54.4614,-54.4614,0
2122,-54.3976,-54.3976,0
2122.25,-54.3326,-54.3326,0
2122.5,-54.2663,-54.2663,0
2122.75,-54.1985,-54.1985,0
2123,-54.1291,-54.1291,0
2123.25,-54.0581,-54.0581,0
2123.5,-53.9853,-53.9853,0
2123.75,-53.9105,-53.9105,0
2124,-53.8336,-53.8336,0
2124.25,-53.7543,-53.7543,0
2124.5,-53.6725,-53.6725,0
2124.75,-53.5879,-53.5879,0
2125,-53.5001,-53.5001,0
2125.25,-53.4088,-53.4088,0
2125.5,-53.3137,-53.3137,0
2125.75,-53.2141,-53.2141,0
2126,-53.1094,-53.1094,0
2126.25,-52.999,-52.999,0
2126.5,-52.8818,-52.8818,0
2126.75,-52.7568,-52.7568,0
2127,-52.6223,-52.6223,0
2127.25,-52.4764,-52.4764,0
2127.5,-52.3164,-52.3164,0
2127.75,-52.1385,-52.1385,0
2128,-51.9372,-51.9372,0
2128.25,-51.7041,-51.7041,0
2128.5,-51.4255,-51.4255,0
2128.75,-51.0764,-51.0764,0
2129,-50.6046,-50.6046,0
2129.25,-49.8687,-49.8687,0
2129.5,-48.1482,-48.1482,0
2129.75,-22.7396,-22.7396,0
2130,15.7397,15.7397,0
2130.25,-2.09569,-2.09569,0
2130.5,-14.4744,-14.4744,0
2130.75,-24.3346,-24.3346,0
2131,-34.7693,-34.7693,0
2131.25,-44.7223,-44.7223,0
2131.5,-49.7349,-49.7349,0
2131.75,-51.9169,-51.9169,0
2132,-52.9997,-52.9997,0
2132.25,-53.5839,-53.5839,0
2132.5,-53.9235,-53.9235,0
2132.75,-54.1415,-54.1415,0
2133,-54.3013,-54.3013,0
2133.25,-54.4365,-54.4365,0
2133.5,-54.5644,-54.5644,0
2133.75,-54.6935,-54.6935,0
2134,-54.8277,-54.8277,0
2134.25,-54.968,-54.968,0
2134.5,-55.1142,-55.1142,0
2134.75,-55.2654,-55.2654,0
2135,-55.4201,-55.4201,0
2135.25,-55.5773,-55.5773,0
2135.5,-55.7355,-55.7355,0
2135.75,-55.8938,-55.8938,0
2136,-56.051,-56.051,0
2136.25,-56.2065,-56.2065,0
2136.5,-56.3594,-56.3594,0
2136.75,-56.5094,-56.5094,0
2137,-56.6559,-56.6559,0
2137.25,-56.7986,-56.7986,0
2137.5,-56.9372,-56.9372,0
2137.75,-57.0716,-57.0716,0
2138,-57.2017,-57.2017,0
2138.25,-57.3273,-57.3273,0
2138.5,-57.4484,-57.4484,0
2138.75,-57.5651,-57.5651,0
2139,-57.6773,-57.6773,0
2139.25,-57.7852,-57.7852,0
2139.5,-57.8887,-57.8887,0
2139.75,-57.9879,-57.9879,0
2140,-58.083,-58.083,0
2140.25,-58.1739,-58.1739,0
2140.5,-58.2609,-58.2609,0
2140.75,-58.3441,-58.3441,0
2141,-58.4234,-58.4234,0
2141.25,-58.4991,-58.4991,0
2141.5,-58.5713,-58.5713,0
2141.75,-58.64,-58.64,0
2142,-58.7053,-58.7053,0
2142.25,-58.7674,-58.7674,0
2142.5,-58.8264,-58.8264,0
2142.75,-58.8824,-58.8824,0
2143,-58.9354,-58.9354,0
2143.25,-58.9856,-58.9856,0
2143.5,-59.033,-59.033,0
2143.75,-59.0778,-59.0778,0
2144,-59.1201,-59.1201,0
2144.25,-59.1598,-59.1598,0
2144.5,-59.1972,-59.1972,0
2144.75,-59.2322,-59.2322,0
2145,-59.2651,-59.2651,0
2145.25,-59.2957,-59.2957,0
2145.5,-59.3243,-59.3243,0
2145.75,-59.3509,-59.3509,0
2146,-59.3755,-59.3755,0
2146.25,-59.3982,-59.3982,0
2146.5,-59.4191,-59.4191,0
2146.75,-59.4382,-59.4382,0
2147,-59.4557,-59.4557,0
2147.25,-59.4715,-59.4715,0
2147.5,-59.4857,-59.4857,0
2147.75,-59.4984,-59.4984,0
2148,-59.5095,-59.5095,0
2148.25,-59.5193,-59.5193,0
2148.5,-59.5276,-59.5276,0
2148.75,-59.5346,-59.5346,0
2149,-59.5403,-59.5403,0
2149.25,-59.5447,-59.5447,0
2149.5,-59.5479,-59.5479,0
2149.75,-59.5499,-59.5499,0
2150,-59.5508,-59.5508,0
2150.25,-59.5505,-59.5505,0
2150.5,-59.5492,-59.5492,0
2150.75,-59.5469,-59.5469,0
2151,-59.5435,-59.5435,0
2151.25,-59.5391,-59.5391,0
2151.5,-59.5338,-59.5338,0
2151.75,-59.5275,-59.5275,0
2152,-59.5204,-59.5204,0
2152.25,-59.5124,-59.5124,0
2152.5,-59.5035,-59.5035,0
2152.75,-59.4939,-59.4939,0
2153,-59.4834,-59.4834,0
2153.25,-59.4722,-59.4722,0
2153.5,-59.4602,-59.4602,0
2153.75,-59.4475,-59.4475,0
2154,-59.4341,-59.4341,0
2154.25,-59.42,-59.42,0
2154.5,-59.4052,-59.4052,0
2154.75,-59.3898,-59.3898,0
2155,-59.3737,-59.3737,0
2155.25,-59.357,-59.357,0
2155.5,-59.3398,-59.3398,0
2155.75,-59.3219,-59.3219,0
2156,-59.3035,-59.3035,0
2156.25,-59.2845,-59.2845,0
2156.5,-59.265,-59.265,0
2156.75,-59.245,-59.245,0
2157,-59.2245,-59.2245,0
2157.25,-59.2034,-59.2034,0
2157.5,-59.1819,-59.1819,0
2157.75,-59.1599,-59.1599,0
2158,-59.1375,-59.1375,0
2158.25,-59.1146,-59.1146,0
2158.5,-59.0913,-59.0913,0
2158.75,-59.0675,-59.0675,0
2159,-59.0434,-59.0434,0
2159.25,-59.0188,-59.0188,0
2159.5,-58.9938,-58.9938,0
2159.75,-58.9684,-58.9684,0
2160,-58.9427,-58.9427,0
2160.25,-58.9166,-58.9166,0
2160.5,-58.8901,-58.8901,0
2160.75,-58.8633,-58.8633,0
2161,-58.8361,-58.8361,0
2161.25,-58.8086,-58.8086,0
2161.5,-58.7807,-58.7807,0
2161.75,-58.7526,-58.7526,0
2162,-58.7241,-58.7241,0
2162.25,-58.6953,-58.6953,0
2162.5,-58.6661,-58.6661,0
2162.75,-58.6367,-58.6367,0
2163,-58.607,-58.607,0
2163.25,-58.577,-58.577,0
2163.5,-58.5467,-58.5467,0
2163.75,-58.5162,-58.5162,0
2164,-58.4853,-58.4853,0
2164.25,-58.4542,-58.4542,0
2164.5,-58.4229,-58.4229,0
2164.75,-58.3912,-58.3912,0
2165,-58.3593,-58.3593,0
2165.25,-58.3272,-58.3272,0
2165.5,-58.2948,-58.2948,0
2165.75,-58.2622,-58.2622,0
2166,-58.2293,-58.2293,0
2166.25,-58.1961,-58.1961,0
2166.5,-58.1628,-58.1628,0
2166.75,-58.1292,-58.1292,0
2167,-58.0953,-58.0953,0
2167.25,-58.0613,-58.0613,0
2167.5,-58.027,-58.027,0
2167.75,-57.9925,-57.9925,0
2168,-57.9578,-57.9578,0
2168.25,-57.9228,-57.9228,0
2168.5,-57.8876,-57.8876,0
2168.75,-57.8522,-57.8522,0
2169,-57.8166,-57.8166,0
2169.25,-57.7808,-57.7808,0
2169.5,-57.7448,-57.7448,0
2169.75,-57.7085,-57.7085,0
2170,-57.6721,-57.6721,0
2170.25,-57.6354,-57.6354,0
2170.5,-57.5985,-57.5985,0
2170.75,-57.5614,-57.5614,0
2171,-57.5241,-57.5241,0
2171.25,-57.4866,-57.4866,0
2171.5,-57.4488,-57.4488,0
2171.75,-57.4109,-57.4109,0
2172,-57.3728,-57.3728,0
2172.25,-57.3344,-57.3344,0
2172.5,-57.2958,-57.2958,0
2172.75,-57.257,-57.257,0
2173,-57.218,-57.218,0
2173.25,-57.1788,-57.1788,0
2173.5,-57.1393,-57.1393,0
2173.75,-57.0997,-57.0997,0
2174,-57.0598,-57.0598,0
2174.25,-57.0197,-57.0197,0
2174.5,-56.9794,-56.9794,0
2174.75,-56.9388,-56.9388,0
2175,-56.898,-56.898,0
2175.25,-56.857,-56.857,0
2175.5,-56.8157,-56.8157,0
2175.75,-56.7742,-56.7742,0
2176,-56.7325,-56.7325,0
2176.25,-56.6905,-56.6905,0
2176.5,-56.6482,-56.6482,0
2176.75,-56.6057,-56.6057,0
2177,-56.563,-56.563,0
2177.25,-56.52,-56.52,0
2177.5,-56.4767,-56.4767,0
2177.75,-56.4331,-56.4331,0
2178,-56.3892,-56.3892,0
2178.25,-56.3451,-56.3451,0
2178.5,-56.3007,-56.3007,0
2178.75,-56.2559,-56.2559,0
2179,-56.2109,-56.2109,0
2179.25,-56.1655,-56.1655,0
2179.5,-56.1198,-56.1198,0
2179.75,-56.0738,-56.0738,0
2180,-56.0274,-56.0274,0
2180.25,-55.9807,-55.9807,0
2180.5,-55.9336,-55.9336,0
2180.75,-55.8862,-55.8862,0
2181,-55.8384,-55.8384,0
2181.25,-55.7901,-55.7901,0
2181.5,-55.7415,-55.7415,0
2181.75,-55.6924,-55.6924,0
2182,-55.6429,-55.6429,0
2182.25,-55.5929,-55.5929,0
2182.5,-55.5425,-55.5425,0
2182.75,-55.4916,-55.4916,0
2183,-55.4401,-55.4401,0
2183.25,-55.3882,-55.3882,0
2183.5,-55.3356,-55.3356,0
2183.75,-55.2826,-55.2826,0
2184,-55.2289,-55.2289,0
2184.25,-55.1746,-55.1746,0
2184.5,-55.1196,-55.1196,0
2184.75,-55.064,-55.064,0
2185,-55.0076,-55.0076,0
2185.25,-54.9505,-54.9505,0
2185.5,-54.8926,-54.8926,0
2185.75,-54.8338,-54.8338,0
2186,-54.7742,-54.7742,0
2186.25,-54.7137,-54.7137,0
2186.5,-54.6522,-54.6522,0
2186.75,-54.5897,-54.5897,0
2187,-54.526,-54.526,0
2187.25,-54.4612,-54.4612,0
2187.5,-54.3951,-54.3951,0
2187.75,-54.3278,-54.3278,0
2188,-54.2589,-54.2589,0
2188.25,-54.1886,-54.1886,0
2188.5,-54.1166,-54.1166,0
2188.75,-54.0429,-54.0429,0
2189,-53.9672,-53.9672,0
2189.25,-53.8894,-53.8894,0
2189.5,-53.8093,-53.8093,0
2189.75,-53.7268,-53.7268,0
2190,-53.6415,-53.6415,0
2190.25,-53.5532,-53.5532,0
2190.5,-53.4614,-53.4614,0
2190.75,-53.3659,-53.3659,0
2191,-53.2662,-53.2662,0
2191.25,-53.1616,-53.1616,0
2191.5,-53.0515,-53.0515,0
2191.75,-52.935,-52.935,0
2192,-52.811,-52.811,0
2192.25,-52.6782,-52.6782,0
2192.5,-52.5347,-52.5347,0
2192.75,-52.3781,-52.3781,0
2193,-52.2051,-52.2051,0
2193.25,-52.0109,-52.0109,0
2193.5,-51.7884,-51.7884,0
2193.75,-51.5262,-51.5262,0
2194,-51.2043,-51.2043,0
2194.25,-50.7835,-50.7835,0
2194.5,-50.1686,-50.1686,0
2194.75,-49.0044,-49.0044,0
2195,-40.897,-40.897,0
2195.25,22.3425,22.3425,0
2195.5,3.44686,3.44686,0
2195.75,-10.5524,-10.5524,0
2196,-20.9017,-20.9017,0
2196.25,-30.8488,-30.8488,0
2196.5,-41.6414,-41.6414,0
2196.75,-48.4098,-48.4098,0
2197,-51.2909,-51.2909,0
2197.25,-52.6561,-52.6561,0
2197.5,-53.3697,-53.3697,0
2197.75,-53.7696,-53.7696,0
2198,-54.0133,-54.0133,0
2198.25,-54.181,-54.181,0
2198.5,-54.3146,-54.3146,0
2198.75,-54.436,-54.436,0
2199,-54.5563,-54.5563,0
2199.25,-54.6809,-54.6809,0
2199.5,-54.8116,-54.8116,0
2199.75,-54.9484,-54.9484,0
2200,-55.0908,-55.0908,0
2200.25,-55.2374,-55.2374,0
2200.5,-55.387,-55.387,0
2200.75,-55.5383,-55.5383,0
2201,-55.6903,-55.6903,0
2201.25,-55.8417,-55.8417,0
2201.5,-55.9919,-55.9919,0
2201.75,-56.14,-56.14,0
2202,-56.2854,-56.2854,0
2202.25,-56.4278,-56.4278,0
2202.5,-56.5666,-56.5666,0
2202.75,-56.7017,-56.7017,0
2203,-56.8328,-56.8328,0
2203.25,-56.9597,-56.9597,0
2203.5,-57.0823,-57.0823,0
2203.75,-57.2007,-57.2007,0
2204,-57.3148,-57.3148,0
2204.25,-57.4245,-57.4245,0
2204.5,-57.53,-57.53,0
2204.75,-57.6313,-57.6313,0
2205,-57.7283,-57.7283,0
2205.25,-57.8213,-57.8213,0
2205.5,-57.9103,-57.9103,0
2205.75,-57.9955,-57.9955,0
2206,-58.0767,-58.0767,0
2206.25,-58.1543,-58.1543,0
2206.5,-58.2283,-58.2283,0
2206.75,-58.2988,-58.2988,0
2207,-58.3659,-58.3659,0
2207.25,-58.4296,-58.4296,0
2207.5,-58.4902,-58.4902,0
2207.75,-58.5477,-58.5477,0
2208,-58.6022,-58.6022,0
2208.25,-58.6538,-58.6538,0
2208.5,-58.7026,-58.7026,0
2208.75,-58.7487,-58.7487,0
2209,-58.7921,-58.7921,0
2209.25,-58.833,-58.833,0
2209.5,-58.8715,-58.8715,0
2209.75,-58.9076,-58.9076,0
2210,-58.9414,-58.9414,0
2210.25,-58.973,-58.973,0
2210.5,-59.0024,-59.0024,0
2210.75,-59.0298,-59.0298,0
2211,-59.0551,-59.0551,0
2211.25,-59.0786,-59.0786,0
2211.5,-59.1001,-59.1001,0
2211.75,-59.1199,-59.1199,0
2212,-59.1378,-59.1378,0
2212.25,-59.1541,-59.1541,0
2212.5,-59.1688,-59.1688,0
2212.75,-59.1819,-59.1819,0
2213,-59.1934,-59.1934,0
2213.25,-59.2035,-59.2035,0
2213.5,-59.2121,-59.2121,0
2213.75,-59.2193,-59.2193,0
2214,-59.2252,-59.2252,0
2214.25,-59.2298,-59.2298,0
2214.5,-59.2331,-59.2331,0
2214.75,-59.2352,-59.2352,0
2215,-59.2361,-59.2361,0
2215.25,-59.2359,-59.2359,0
2215.5,-59.2345,-59.2345,0
2215.75,-59.2321,-59.2321,0
2216,-59.2286,-59.2286,0
2216.25,-59.2241,-59.2241,0
2216.5,-59.2187,-59.2187,0
2216.75,-59.2122,-59.2122,0
2217,-59.2049,-59.2049,0
2217.25,-59.1966,-59.1966,0
2217.5,-59.1875,-59.1875,0
2217.75,-59.1775,-59.1775,0
2218,-59.1667,-59.1667,0
2218.25,-59.1551,-59.1551,0
2218.5,-59.1427,-59.1427,0
2218.75,-59.1296,-59.1296,0
2219,-59.1157,-59.1157,0
2219.25,-59.1011,-59.1011,0
2219.5,-59.0858,-59.0858,0
2219.75,-59.0699,-59.0699,0
2220,-59.0533,-59.0533,0
2220.25,-59.036,-59.036,0
2220.5,-59.0181,-59.0181,0
2220.75,-58.9997,-58.9997,0
2221,-58.9806,-58.9806,0
2221.25,-58.9609,-58.9609,0
2221.5,-58.9407,-58.9407,0
2221.75,-58.92,-58.92,0
2222,-58.8987,-58.8987,0
2222.25,-58.8769,-58.8769,0
2222.5,-58.8545,-58.8545,0
2222.75,-58.8317,-58.8317,0
2223,-58.8084,-58.8084,0
2223.25,-58.7847,-58.7847,0
2223.5,-58.7604,-58.7604,0
2223.75,-58.7358,-58.7358,0
2224,-58.7106,-58.7106,0
2224.25,-58.6851,-58.6851,0
2224.5,-58.6591,-58.6591,0
2224.75,-58.6327,-58.6327,0
2225,-58.6059,-58.6059,0
2225.25,-58.5788,-58.5788,0
2225.5,-58.5512,-58.5512,0
2225.75,-58.5232,-58.5232,0
2226,-58.4949,-58.4949,0
2226.25,-58.4662,-58.4662,0
2226.5,-58.4372,-58.4372,0
2226.75,-58.4078,-58.4078,0
2227,-58.3781,-58.3781,0
2227.25,-58.348,-58.348,0
2227.5,-58.3176,-58.3176,0
2227.75,-58.2869,-58.2869,0
2228,-58.2558,-58.2558,0
2228.25,-58.2245,-58.2245,0
2228.5,-58.1928,-58.1928,0
2228.75,-58.1608,-58.1608,0
2229,-58.1285,-58.1285,0
2229.25,-58.0959,-58.0959,0
2229.5,-58.063,-58.063,0
2229.75,-58.0299,-58.0299,0
2230,-57.9964,-57.9964,0
2230.25,-57.9627,-57.9627,0
2230.5,-57.9287,-57.9287,0
2230.75,-57.8944,-57.8944,0
2231,-57.8598,-57.8598,0
2231.25,-57.825,-57.825,0
2231.5,-57.7899,-57.7899,0
2231.75,-57.7545,-57.7545,0
2232,-57.7188,-57.7188,0
2232.25,-57.6829,-57.6829,0
2232.5,-57.6468,-57.6468,0
2232.75,-57.6104,-57.6104,0
2233,-57.5737,-57.5737,0
2233.25,-57.5368,-57.5368,0
2233.5,-57.4996,-57.4996,0
2233.75,-57.4621,-57.4621,0
2234,-57.4244,-57.4244,0
2234.25,-57.3865,-57.3865,0
2234.5,-57.3482,-57.3482,0
2234.75,-57.3098,-57.3098,0
2235,-57.2711,-57.2711,0
2235.25,-57.2321,-57.2321,0
2235.5,-57.1928,-57.1928,0
2235.75,-57.1534,-57.1534,0
2236,-57.1136,-57.1136,0
2236.25,-57.0736,-57.0736,0
2236.5,-57.0333,-57.0333,0
2236.75,-56.9928,-56.9928,0
2237,-56.952,-56.952,0
2237.25,-56.9109,-56.9109,0
2237.5,-56.8696,-56.8696,0
2237.75,-56.828,-56.828,0
2238,-56.7861,-56.7861,0
2238.25,-56.744,-56.744,0
2238.5,-56.7015,-56.7015,0
2238.75,-56.6588,-56.6588,0
2239,-56.6158,-56.6158,0
2239.25,-56.5725,-56.5725,0
2239.5,-56.5289,-56.5289,0
2239.75,-56.485,-56.485,0
2240,-56.4408,-56.4408,0
2240.25,-56.3963,-56.3963,0
2240.5,-56.3514,-56.3514,0
2240.75,-56.3063,-56.3063,0
2241,-56.2607,-56.2607,0
2241.25,-56.2149,-56.2149,0
2241.5,-56.1687,-56.1687,0
2241.75,-56.1221,-56.1221,0
2242,-56.0752,-56.0752,0
2242.25,-56.0279,-56.0279,0
2242.5,-55.9802,-55.9802,0
2242.75,-55.9322,-55.9322,0
2243,-55.8837,-55.8837,0
2243.25,-55.8348,-55.8348,0
2243.5,-55.7854,-55.7854,0
2243.75,-55.7357,-55.7357,0
2244,-55.6854,-55.6854,0
2244.25,-55.6347,-55.6347,0
2244.5,-55.5835,-55.5835,0
2244.75,-55.5318,-55.5318,0
2245,-55.4795,-55.4795,0
2245.25,-55.4267,-55.4267,0
2245.5,-55.3733,-55.3733,0
2245.75,-55.3194,-55.3194,0
2246,-55.2648,-55.2648,0
2246.25,-55.2096,-55.2096,0
2246.5,-55.1537,-55.1537,0
2246.75,-55.0971,-55.0971,0
2247,-55.0397,-55.0397,0
2247.25,-54.9816,-54.9816,0
2247.5,-54.9227,-54.9227,0
2247.75,-54.863,-54.863,0
2248,-54.8023,-54.8023,0
2248.25,-54.7407,-54.7407,0
2248.5,-54.6781,-54.6781,0
2248.75,-54.6145,-54.6145,0
2249,-54.5497,-54.5497,0
2249.25,-54.4837,-54.4837,0
2249.5,-54.4165,-54.4165,0
2249.75,-54.348,-54.348,0
2250,-54.278,-54.278,0
2250.25,-54.2064,-54.2064,0
2250.5,-54.1332,-54.1332,0
2250.75,-54.0582,-54.0582,0
2251,-53.9812,-53.9812,0
2251.25,-53.9022,-53.9022,0
2251.5,-53.8208,-53.8208,0
2251.75,-53.7369,-53.7369,0
2252,-53.6503,-53.6503,0
2252.25,-53.5606,-53.5606,0
2252.5,-53.4675,-53.4675,0
2252.75,-53.3706,-53.3706,0
2253,-53.2694,-53.2694,0
2253.25,-53.1634,-53.1634,0
2253.5,-53.0519,-53.0519,0
2253.75,-52.934,-52.934,0
2254,-52.8085,-52.8085,0
2254.25,-52.6743,-52.6743,0
2254.5,-52.5293,-52.5293,0
2254.75,-52.3714,-52.3714,0
2255,-52.197,-52.197,0
2255.25,-52.0016,-52.0016,0
2255.5,-51.7779,-51.7779,0
2255.75,-51.5148,-51.5148,0
2256,-51.1924,-51.1924,0
2256.25,-50.7719,-50.7719,0
2256.5,-50.1595,-50.1595,0
2256.75,-49.0067,-49.0067,0
2257,-41.1451,-41.1451,0
2257.25,22.3891,22.3891,0
2257.5,3.61818,3.61818,0
2257.75,-10.4076,-10.4076,0
2258,-20.7603,-20.7603,0
2258.25,-30.6756,-30.6756,0
2258.5,-41.4783,-41.4783,0
2258.75,-48.3272,-48.3272,0
2259,-51.237,-51.237,0
2259.25,-52.608,-52.608,0
2259.5,-53.32,-53.32,0
2259.75,-53.7152,-53.7152,0
2260,-53.9529,-53.9529,0
2260.25,-54.1137,-54.1137,0
2260.5,-54.2401,-54.2401,0
2260.75,-54.3541,-54.3541,0
2261,-54.4671,-54.4671,0
2261.25,-54.5842,-54.5842,0
2261.5,-54.7076,-54.7076,0
2261.75,-54.8373,-54.8373,0
2262,-54.9726,-54.9726,0
2262.25,-55.1124,-55.1124,0
2262.5,-55.2553,-55.2553,0
2262.75,-55.4002,-55.4002,0
2263,-55.5459,-55.5459,0
2263.25,-55.6913,-55.6913,0
2263.5,-55.8357,-55.8357,0
2263.75,-55.9781,-55.9781,0
2264,-56.1182,-56.1182,0
2264.25,-56.2553,-56.2553,0
2264.5,-56.3891,-56.3891,0
2264.75,-56.5193,-56.5193,0
2265,-56.6457,-56.6457,0
2265.25,-56.7681,-56.7681,0
2265.5,-56.8864,-56.8864,0
2265.75,-57.0006,-57.0006,0
2266,-57.1106,-57.1106,0
2266.25,-57.2165,-57.2165,0
2266.5,-57.3182,-57.3182,0
2266.75,-57.4158,-57.4158,0
2267,-57.5094,-57.5094,0
2267.25,-57.599,-57.599,0
2267.5,-57.6847,-57.6847,0
2267.75,-57.7667,-57.7667,0
2268,-57.8449,-57.8449,0
2268.25,-57.9195,-57.9195,0
2268.5,-57.9906,-57.9906,0
2268.75,-58.0583,-58.0583,0
2269,-58.1226,-58.1226,0
2269.25,-58.1838,-58.1838,0
2269.5,-58.2418,-58.2418,0
2269.75,-58.2968,-58.2968,0
2270,-58.3489,-58.3489,0
2270.25,-58.3981,-58.3981,0
2270.5,-58.4446,-58.4446,0
2270.75,-58.4885,-58.4885,0
2271,-58.5298,-58.5298,0
2271.25,-58.5686,-58.5686,0
2271.5,-58.6049,-58.6049,0
2271.75,-58.639,-58.639,0
2272,-58.6708,-58.6708,0
2272.25,-58.7005,-58.7005,0
2272.5,-58.728,-58.728,0
2272.75,-58.7535,-58.7535,0
2273,-58.777,-58.777,0
2273.25,-58.7987,-58.7987,0
2273.5,-58.8185,-58.8185,0
2273.75,-58.8365,-58.8365,0
2274,-58.8528,-58.8528,0
2274.25,-58.8674,-58.8674,0
2274.5,-58.8805,-58.8805,0
2274.75,-58.8919,-58.8919,0
2275,-58.9019,-58.9019,0
2275.25,-58.9103,-58.9103,0
2275.5,-58.9174,-58.9174,0
2275.75,-58.9231,-58.9231,0
2276,-58.9275,-58.9275,0
2276.25,-58.9306,-58.9306,0
2276.5,-58.9324,-58.9324,0
2276.75,-58.933,-58.933,0
2277,-58.9325,-58.9325,0
2277.25,-58.9308,-58.9308,0
2277.5,-58.928,-58.928,0
2277.75,-58.9242,-58.9242,0
2278,-58.9193,-58.9193,0
2278.25,-58.9134,-58.9134,0
2278.5,-58.9065,-58.9065,0
2278.75,-58.8987,-58.8987,0
2279,-58.8899,-58.8899,0
2279.25,-58.8803,-58.8803,0
2279.5,-58.8698,-58.8698,0
2279.75,-58.8584,-58.8584,0
2280,-58.8463,-58.8463,0
2280.25,-58.8333,-58.8333,0
2280.5,-58.8196,-58.8196,0
2280.75,-58.8051,-58.8051,0
2281,-58.7898,-58.7898,0
2281.25,-58.7739,-58.7739,0
2281.5,-58.7572,-58.7572,0
2281.75,-58.7399,-58.7399,0
2282,-58.7219,-58.7219,0
2282.25,-58.7033,-58.7033,0
2282.5,-58.684,-58.684,0
2282.75,-58.6642,-58.6642,0
2283,-58.6437,-58.6437,0
2283.25,-58.6227,-58.6227,0
2283.5,-58.601,-58.601,0
2283.75,-58.5789,-58.5789,0
2284,-58.5562,-58.5562,0
2284.25,-58.5329,-58.5329,0
2284.5,-58.5092,-58.5092,0
2284.75,-58.4849,-58.4849,0
2285,-58.4602,-58.4602,0
2285.25,-58.435,-58.435,0
2285.5,-58.4093,-58.4093,0
2285.75,-58.3831,-58.3831,0
2286,-58.3565,-58.3565,0
2286.25,-58.3294,-58.3294,0
2286.5,-58.3019,-58.3019,0
2286.75,-58.274,-58.274,0
2287,-58.2457,-58.2457,0
2287.25,-58.2169,-58.2169,0
2287.5,-58.1878,-58.1878,0
2287.75,-58.1582,-58.1582,0
2288,-58.1283,-58.1283,0
2288.25,-58.098,-58.098,0
2288.5,-58.0673,-58.0673,0
2288.75,-58.0363,-58.0363,0
2289,-58.0049,-58.0049,0
2289.25,-57.9731,-57.9731,0
2289.5,-57.9409,-57.9409,0
2289.75,-57.9085,-57.9085,0
2290,-57.8757,-57.8757,0
2290.25,-57.8425,-57.8425,0
2290.5,-57.809,-57.809,0
2290.75,-57.7752,-57.7752,0
2291,-57.741,-57.741,0
2291.25,-57.7066,-57.7066,0
2291.5,-57.6718,-57.6718,0
2291.75,-57.6367,-57.6367,0
2292,-57.6013,-57.6013,0
2292.25,-57.5655,-57.5655,0
2292.5,-57.5295,-57.5295,0
2292.75,-57.4931,-57.4931,0
2293,-57.4565,-57.4565,0
2293.25,-57.4195,-57.4195,0
2293.5,-57.3822,-57.3822,0
2293.75,-57.3447,-57.3447,0
2294,-57.3068,-57.3068,0
2294.25,-57.2687,-57.2687,0
2294.5,-57.2302,-57.2302,0
2294.75,-57.1914,-57.1914,0
2295,-57.1524,-57.1524,0
2295.25,-57.113,-57.113,0
2295.5,-57.0734,-57.0734,0
2295.75,-57.0334,-57.0334,0
2296,-56.9931,-56.9931,0
2296.25,-56.9526,-56.9526,0
2296.5,-56.9117,-56.9117,0
2296.75,-56.8705,-56.8705,0
2297,-56.829,-56.829,0
2297.25,-56.7872,-56.7872,0
2297.5,-56.7451,-56.7451,0
2297.75,-56.7027,-56.7027,0
2298,-56.66,-56.66,0
2298.25,-56.6169,-56.6169,0
2298.5,-56.5735,-56.5735,0
2298.75,-56.5298,-56.5298,0
2299,-56.4857,-56.4857,0
2299.25,-56.4413,-56.4413,0
2299.5,-56.3966,-56.3966,0
2299.75,-56.3515,-56.3515,0
2300,-56.306,-56.306,0
2300.25,-56.2602,-56.2602,0
2300.5,-56.214,-56.214,0
2300.75,-56.1674,-56.1674,0
2301,-56.1204,-56.1204,0
2301.25,-56.0731,-56.0731,0
2301.5,-56.0253,-56.0253,0
2301.75,-55.9771,-55.9771,0
2302,-55.9285,-55.9285,0
2302.25,-55.8795,-55.8795,0
2302.5,-55.83,-55.83,0
2302.75,-55.78,-55.78,0
2303,-55.7295,-55.7295,0
2303.25,-55.6786,-55.6786,0
2303.5,-55.6272,-55.6272,0
2303.75,-55.5752,-55.5752,0
2304,-55.5227,-55.5227,0
2304.25,-55.4696,-55.4696,0
2304.5,-55.416,-55.416,0
2304.75,-55.3618,-55.3618,0
2305,-55.3069,-55.3069,0
2305.25,-55.2513,-55.2513,0
2305.5,-55.1951,-55.1951,0
2305.75,-55.1382,-55.1382,0
2306,-55.0806,-55.0806,0
2306.25,-55.0221,-55.0221,0
2306.5,-54.9629,-54.9629,0
2306.75,-54.9028,-54.9028,0
2307,-54.8418,-54.8418,0
2307.25,-54.7799,-54.7799,0
2307.5,-54.717,-54.717,0
2307.75,-54.653,-54.653,0
2308,-54.588,-54.588,0
2308.25,-54.5217,-54.5217,0
2308.5,-54.4543,-54.4543,0
2308.75,-54.3855,-54.3855,0
2309,-54.3152,-54.3152,0
2309.25,-54.2435,-54.2435,0
2309.5,-54.1701,-54.1701,0
2309.75,-54.095,-54.095,0
2310,-54.018,-54.018,0
2310.25,-53.9389,-53.9389,0
2310.5,-53.8577,-53.8577,0
2310.75,-53.774,-53.774,0
2311,-53.6876,-53.6876,0
2311.25,-53.5983,-53.5983,0
2311.5,-53.5057,-53.5057,0
2311.75,-53.4096,-53.4096,0
2312,-53.3093,-53.3093,0
2312.25,-53.2045,-53.2045,0
2312.5,-53.0945,-53.0945,0
2312.75,-52.9785,-52.9785,0
2313,-52.8556,-52.8556,0
2313.25,-52.7244,-52.7244,0
2313.5,-52.5835,-52.5835,0
2313.75,-52.4308,-52.4308,0
2314,-52.2634,-52.2634,0
2314.25,-52.0774,-52.0774,0
2314.5,-51.867,-51.867,0
2314.75,-51.6231,-51.6231,0
2315,-51.3309,-51.3309,0
2315.25,-50.9627,-50.9627,0
2315.5,-50.4588,-50.4588,0
2315.75,-49.6467,-49.6467,0
2316,-47.4143,-47.4143,0
2316.25,-2.89339,-2.89339,0
2316.5,12.2759,12.2759,0
2316.75,-4.42319,-4.42319,0
2317,-16.0956,-16.0956,0
2317.25,-25.8046,-25.8046,0
2317.5,-36.4145,-36.4145,0
2317.75,-45.7456,-45.7456,0
2318,-50.1194,-50.1194,0
2318.25,-52.0422,-52.0422,0
2318.5,-52.9987,-52.9987,0
2318.75,-53.5099,-53.5099,0
2319,-53.8017,-53.8017,0
2319.25,-53.9848,-53.9848,0
2319.5,-54.1168,-54.1168,0
2319.75,-54.2277,-54.2277,0
2320,-54.3332,-54.3332,0
2320.25,-54.4411,-54.4411,0
2320.5,-54.5545,-54.5545,0
2320.75,-54.6745,-54.6745,0
2321,-54.8006,-54.8006,0
2321.25,-54.9319,-54.9319,0
2321.5,-55.0672,-55.0672,0
2321.75,-55.2051,-55.2051,0
2322,-55.3446,-55.3446,0
2322.25,-55.4844,-55.4844,0
2322.5,-55.6237,-55.6237,0
2322.75,-55.7616,-55.7616,0
2323,-55.8976,-55.8976,0
2323.25,-56.031,-56.031,0
2323.5,-56.1615,-56.1615,0
2323.75,-56.2887,-56.2887,0
2324,-56.4123,-56.4123,0
2324.25,-56.5322,-56.5322,0
2324.5,-56.6482,-56.6482,0
2324.75,-56.7603,-56.7603,0
2325,-56.8683,-56.8683,0
2325.25,-56.9722,-56.9722,0
2325.5,-57.0722,-57.0722,0
2325.75,-57.1682,-57.1682,0
2326,-57.2602,-57.2602,0
2326.25,-57.3483,-57.3483,0
2326.5,-57.4326,-57.4326,0
2326.75,-57.5132,-57.5132,0
2327,-57.5902,-57.5902,0
2327.25,-57.6635,-57.6635,0
2327.5,-57.7334,-57.7334,0
2327.75,-57.8,-57.8,0
2328,-57.8632,-57.8632,0
2328.25,-57.9233,-57.9233,0
2328.5,-57.9802,-57.9802,0
2328.75,-58.0342,-58.0342,0
2329,-58.0853,-58.0853,0
2329.25,-58.1335,-58.1335,0
2329.5,-58.1791,-58.1791,0
2329.75,-58.2219,-58.2219,0
2330,-58.2623,-58.2623,0
2330.25,-58.3001,-58.3001,0
2330.5,-58.3356,-58.3356,0
2330.75,-58.3688,-58.3688,0
2331,-58.3997,-58.3997,0
2331.25,-58.4284,-58.4284,0
2331.5,-58.4551,-58.4551,0
2331.75,-58.4797,-58.4797,0
2332,-58.5024,-58.5024,0
2332.25,-58.5232,-58.5232,0
2332.5,-58.5421,-58.5421,0
2332.75,-58.5593,-58.5593,0
2333,-58.5747,-58.5747,0
2333.25,-58.5885,-58.5885,0
2333.5,-58.6006,-58.6006,0
2333.75,-58.6112,-58.6112,0
2334,-58.6203,-58.6203,0
2334.25,-58.628,-58.628,0
2334.5,-58.6342,-58.6342,0
2334.75,-58.639,-58.639,0
2335,-58.6425,-58.6425,0
2335.25,-58.6447,-58.6447,0
2335.5,-58.6457,-58.6457,0
2335.75,-58.6455,-58.6455,0
2336,-58.644,-58.644,0
2336.25,-58.6415,-58.6415,0
2336.5,-58.6378,-58.6378,0
2336.75,-58.633,-58.633,0
2337,-58.6273,-58.6273,0
2337.25,-58.6205,-58.6205,0
2337.5,-58.6127,-58.6127,0
2337.75,-58.6039,-58.6039,0
2338,-58.5943,-58.5943,0
2338.25,-58.5837,-58.5837,0
2338.5,-58.5722,-58.5722,0
2338.75,-58.5599,-58.5599,0
2339,-58.5468,-58.5468,0
2339.25,-58.5329,-58.5329,0
2339.5,-58.5181,-58.5181,0
2339.75,-58.5026,-58.5026,0
2340,-58.4864,-58.4864,0
2340.25,-58.4694,-58.4694,0
2340.5,-58.4518,-58.4518,0
2340.75,-58.4334,-58.4334,0
2341,-58.4144,-58.4144,0
2341.25,-58.3947,-58.3947,0
2341.5,-58.3744,-58.3744,0
2341.75,-58.3534,-58.3534,0
2342,-58.3319,-58.3319,0
2342.25,-58.3097,-58.3097,0
2342.5,-58.287,-58.287,0
2342.75,-58.2637,-58.2637,0
2343,-58.2398,-58.2398,0
2343.25,-58.2154,-58.2154,0
2343.5,-58.1905,-58.1905,0
2343.75,-58.165,-58.165,0
2344,-58.139,-58.139,0
2344.25,-58.1126,-58.1126,0
2344.5,-58.0856,-58.0856,0
2344.75,-58.0582,-58.0582,0
2345,-58.0303,-58.0303,0
2345.25,-58.0019,-58.0019,0
2345.5,-57.9731,-57.9731,0
2345.75,-57.9438,-57.9438,0
2346,-57.9141,-57.9141,0
2346.25,-57.884,-57.884,0
2346.5,-57.8535,-57.8535,0
2346.75,-57.8225,-57.8225,0
2347,-57.7911,-57.7911,0
2347.25,-57.7593,-57.7593,0
2347.5,-57.7271,-57.7271,0
2347.75,-57.6945,-57.6945,0
2348,-57.6616,-57.6616,0
2348.25,-57.6282,-57.6282,0
2348.5,-57.5945,-57.5945,0
2348.75,-57.5604,-57.5604,0
2349,-57.5259,-57.5259,0
2349.25,-57.4911,-57.4911,0
2349.5,-57.4559,-57.4559,0
2349.75,-57.4203,-57.4203,0
2350,-57.3844,-57.3844,0
2350.25,-57.3481,-57.3481,0
2350.5,-57.3115,-57.3115,0
2350.75,-57.2745,-57.2745,0
2351,-57.2372,-57.2372,0
2351.25,-57.1995,-57.1995,0
2351.5,-57.1615,-57.1615,0
2351.75,-57.1231,-57.1231,0
2352,-57.0844,-57.0844,0
2352.25,-57.0453,-57.0453,0
2352.5,-57.0059,-57.0059,0
2352.75,-56.9662,-56.9662,0
2353,-56.9261,-56.9261,0
2353.25,-56.8856,-56.8856,0
2353.5,-56.8448,-56.8448,0
2353.75,-56.8037,-56.8037,0
2354,-56.7622,-56.7622,0
2354.25,-56.7204,-56.7204,0
2354.5,-56.6782,-56.6782,0
2354.75,-56.6356,-56.6356,0
2355,-56.5927,-56.5927,0
2355.25,-56.5494,-56.5494,0
2355.5,-56.5058,-56.5058,0
2355.75,-56.4618,-56.4618,0
2356,-56.4174,-56.4174,0
2356.25,-56.3726,-56.3726,0
2356.5,-56.3275,-56.3275,0
2356.75,-56.2819,-56.2819,0
2357,-56.236,-56.236,0
2357.25,-56.1896,-56.1896,0
2357.5,-56.1428,-56.1428,0
2357.75,-56.0956,-56.0956,0
2358,-56.048,-56.048,0
2358.25,-56,-56,0
2358.5,-55.9514,-55.9514,0
2358.75,-55.9025,-55.9025,0
2359,-55.853,-55.853,0
2359.25,-55.8031,-55.8031,0
2359.5,-55.7527,-55.7527,0
2359.75,-55.7017,-55.7017,0
2360,-55.6503,-55.6503,0
2360.25,-55.5983,-55.5983,0
2360.5,-55.5457,-55.5457,0
2360.75,-55.4926,-55.4926,0
2361,-55.4388,-55.4388,0
2361.25,-55.3845,-55.3845,0
2361.5,-55.3295,-55.3295,0
2361.75,-55.2738,-55.2738,0
2362,-55.2175,-55.2175,0
2362.25,-55.1604,-55.1604,0
2362.5,-55.1026,-55.1026,0
2362.75,-55.044,-55.044,0
2363,-54.9846,-54.9846,0
2363.25,-54.9243,-54.9243,0
2363.5,-54.8631,-54.8631,0
2363.75,-54.801,-54.801,0
2364,-54.7379,-54.7379,0
2364.25,-54.6737,-54.6737,0
2364.5,-54.6085,-54.6085,0
2364.75,-54.542,-54.542,0
2365,-54.4744,-54.4744,0
2365.25,-54.4054,-54.4054,0
2365.5,-54.335,-54.335,0
2365.75,-54.2631,-54.2631,0
2366,-54.1896,-54.1896,0
2366.25,-54.1144,-54.1144,0
2366.5,-54.0373,-54.0373,0
2366.75,-53.9582,-53.9582,0
2367,-53.877,-53.877,0
2367.25,-53.7934,-53.7934,0
2367.5,-53.7071,-53.7071,0
2367.75,-53.6181,-53.6181,0
2368,-53.5258,-53.5258,0
2368.25,-53.4301,-53.4301,0
2368.5,-53.3305,-53.3305,0
2368.75,-53.2265,-53.2265,0
2369,-53.1175,-53.1175,0
2369.25,-53.0028,-53.0028,0
2369.5,-52.8815,-52.8815,0
2369.75,-52.7525,-52.7525,0
2370,-52.6144,-52.6144,0
2370.25,-52.4652,-52.4652,0
2370.5,-52.3025,-52.3025,0
2370.75,-52.1228,-52.1228,0
2371,-51.9211,-51.9211,0
2371.25,-51.6897,-51.6897,0
2371.5,-51.4165,-51.4165,0
2371.75,-51.0797,-51.0797,0
2372,-50.6354,-50.6354,0
2372.25,-49.972,-49.972,0
2372.5,-48.6183,-48.6183,0
2372.75,-35.7704,-35.7704,0
2373,19.5876,19.5876,0
2373.25,0.937598,0.937598,0
2373.5,-12.2223,-12.2223,0
2373.75,-22.2462,-22.2462,0
2374,-32.317,-32.317,0
2374.25,-42.8823,-42.8823,0
2374.5,-48.915,-48.915,0
2374.75,-51.4669,-51.4669,0
2375,-52.6839,-52.6839,0
2375.25,-53.316,-53.316,0
2375.5,-53.6645,-53.6645,0
2375.75,-53.8721,-53.8721,0
2376,-54.0116,-54.0116,0
2376.25,-54.1212,-54.1212,0
2376.5,-54.2208,-54.2208,0
2376.75,-54.3207,-54.3207,0
2377,-54.4254,-54.4254,0
2377.25,-54.5365,-54.5365,0
2377.5,-54.6541,-54.6541,0
2377.75,-54.7775,-54.7775,0
2378,-54.9053,-54.9053,0
2378.25,-55.0365,-55.0365,0
2378.5,-55.1697,-55.1697,0
2378.75,-55.3039,-55.3039,0
2379,-55.438,-55.438,0
2379.25,-55.5713,-55.5713,0
2379.5,-55.7029,-55.7029,0
2379.75,-55.8324,-55.8324,0
2380,-55.9593,-55.9593,0
2380.25,-56.0831,-56.0831,0
2380.5,-56.2036,-56.2036,0
2380.75,-56.3205,-56.3205,0
2381,-56.4338,-56.4338,0
2381.25,-56.5433,-56.5433,0
2381.5,-56.6489,-56.6489,0
2381.75,-56.7506,-56.7506,0
2382,-56.8485,-56.8485,0
2382.25,-56.9424,-56.9424,0
2382.5,-57.0325,-57.0325,0
2382.75,-57.1187,-57.1187,0
2383,-57.2013,-57.2013,0
2383.25,-57.2802,-57.2802,0
2383.5,-57.3555,-57.3555,0
2383.75,-57.4273,-57.4273,0
2384,-57.4957,-57.4957,0
2384.25,-57.5607,-57.5607,0
2384.5,-57.6225,-57.6225,0
2384.75,-57.6812,-57.6812,0
2385,-57.7368,-57.7368,0
2385.25,-57.7895,-57.7895,0
2385.5,-57.8392,-57.8392,0
2385.75,-57.8862,-57.8862,0
2386,-57.9305,-57.9305,0
2386.25,-57.9722,-57.9722,0
2386.5,-58.0114,-58.0114,0
2386.75,-58.0481,-58.0481,0
2387,-58.0824,-58.0824,0
2387.25,-58.1144,-58.1144,0
2387.5,-58.1442,-58.1442,0
2387.75,-58.1719,-58.1719,0
2388,-58.1975,-58.1975,0
2388.25,-58.221,-58.221,0
2388.5,-58.2427,-58.2427,0
2388.75,-58.2624,-58.2624,0
2389,-58.2803,-58.2803,0
2389.25,-58.2964,-58.2964,0
2389.5,-58.3108,-58.3108,0
2389.75,-58.3236,-58.3236,0
2390,-58.3347,-58.3347,0
2390.25,-58.3443,-58.3443,0
2390.5,-58.3524,-58.3524,0
2390.75,-58.359,-58.359,0
2391,-58.3643,-58.3643,0
2391.25,-58.3681,-58.3681,0
2391.5,-58.3706,-58.3706,0
2391.75,-58.3718,-58.3718,0
2392,-58.3718,-58.3718,0
2392.25,-58.3706,-58.3706,0
2392.5,-58.3681,-58.3681,0
2392.75,-58.3646,-58.3646,0
2393,-58.3599,-58.3599,0
2393.25,-58.3542,-58.3542,0
2393.5,-58.3474,-58.3474,0
2393.75,-58.3395,-58.3395,0
2394,-58.3307,-58.3307,0
2394.25,-58.321,-58.321,0
2394.5,-58.3103,-58.3103,0
2394.75,-58.2987,-58.2987,0
2395,-58.2862,-58.2862,0
2395.25,-58.2728,-58.2728,0
2395.5,-58.2587,-58.2587,0
2395.75,-58.2437,-58.2437,0
2396,-58.2279,-58.2279,0
2396.25,-58.2113,-58.2113,0
2396.5,-58.194,-58.194,0
2396.75,-58.1759,-58.1759,0
2397,-58.1571,-58.1571,0
2397.25,-58.1376,-58.1376,0
2397.5,-58.1175,-58.1175,0
2397.75,-58.0966,-58.0966,0
2398,-58.0752,-58.0752,0
2398.25,-58.053,-58.053,0
2398.5,-58.0303,-58.0303,0
2398.75,-58.0069,-58.0069,0
2399,-57.983,-57.983,0
2399.25,-57.9585,-57.9585,0
2399.5,-57.9334,-57.9334,0
2399.75,-57.9077,-57.9077,0
2400,-57.8815,-57.8815,0
2400.25,-57.8547,-57.8547,0
2400.5,-57.8275,-57.8275,0
2400.75,-57.7997,-57.7997,0
2401,-57.7714,-57.7714,0
2401.25,-57.7426,-57.7426,0
2401.5,-57.7133,-57.7133,0
2401.75,-57.6835,-57.6835,0
2402,-57.6533,-57.6533,0
2402.25,-57.6226,-57.6226,0
2402.5,-57.5914,-57.5914,0
2402.75,-57.5598,-57.5598,0
2403,-57.5277,-57.5277,0
2403.25,-57.4952,-57.4952,0
2403.5,-57.4622,-57.4622,0
2403.75,-57.4288,-57.4288,0
2404,-57.395,-57.395,0
2404.25,-57.3608,-57.3608,0
2404.5,-57.3262,-57.3262,0
2404.75,-57.2911,-57.2911,0
2405,-57.2556,-57.2556,0
2405.25,-57.2198,-57.2198,0
2405.5,-57.1835,-57.1835,0
2405.75,-57.1468,-57.1468,0
2406,-57.1097,-57.1097,0
2406.25,-57.0723,-57.0723,0
2406.5,-57.0344,-57.0344,0
2406.75,-56.9962,-56.9962,0
2407,-56.9575,-56.9575,0
2407.25,-56.9185,-56.9185,0
2407.5,-56.879,-56.879,0
2407.75,-56.8392,-56.8392,0
2408,-56.799,-56.799,0
2408.25,-56.7584,-56.7584,0
2408.5,-56.7174,-56.7174,0
2408.75,-56.676,-56.676,0
2409,-56.6342,-56.6342,0
2409.25,-56.592,-56.592,0
2409.5,-56.5494,-56.5494,0
2409.75,-56.5064,-56.5064,0
2410,-56.463,-56.463,0
2410.25,-56.4192,-56.4192,0
2410.5,-56.375,-56.375,0
2410.75,-56.3304,-56.3304,0
2411,-56.2853,-56.2853,0
2411.25,-56.2398,-56.2398,0
2411.5,-56.1939,-56.1939,0
2411.75,-56.1475,-56.1475,0
2412,-56.1007,-56.1007,0
2412.25,-56.0534,-56.0534,0
2412.5,-56.0056,-56.0056,0
2412.75,-55.9574,-55.9574,0
2413,-55.9087,-55.9087,0
2413.25,-55.8594,-55.8594,0
2413.5,-55.8097,-55.8097,0
2413.75,-55.7595,-55.7595,0
2414,-55.7087,-55.7087,0
2414.25,-55.6574,-55.6574,0
2414.5,-55.6055,-55.6055,0
2414.75,-55.553,-55.553,0
2415,-55.5,-55.5,0
2415.25,-55.4463,-55.4463,0
2415.5,-55.392,-55.392,0
2415.75,-55.337,-55.337,0
2416,-55.2813,-55.2813,0
2416.25,-55.2249,-55.2249,0
2416.5,-55.1678,-55.1678,0
2416.75,-55.11,-55.11,0
2417,-55.0513,-55.0513,0
2417.25,-54.9918,-54.9918,0
2417.5,-54.9315,-54.9315,0
2417.75,-54.8702,-54.8702,0
2418,-54.808,-54.808,0
2418.25,-54.7448,-54.7448,0
2418.5,-54.6805,-54.6805,0
2418.75,-54.6151,-54.6151,0
2419,-54.5486,-54.5486,0
2419.25,-54.4808,-54.4808,0
2419.5,-54.4117,-54.4117,0
2419.75,-54.3411,-54.3411,0
2420,-54.2691,-54.2691,0
2420.25,-54.1956,-54.1956,0
2420.5,-54.1202,-54.1202,0
2420.75,-54.0431,-54.0431,0
2421,-53.964,-53.964,0
2421.25,-53.8827,-53.8827,0
2421.5,-53.7991,-53.7991,0
2421.75,-53.7129,-53.7129,0
2422,-53.624,-53.624,0
2422.25,-53.532,-53.532,0
2422.5,-53.4365,-53.4365,0
2422.75,-53.3373,-53.3373,0
2423,-53.2338,-53.2338,0
2423.25,-53.1254,-53.1254,0
2423.5,-53.0116,-53.0116,0
2423.75,-52.8914,-52.8914,0
2424,-52.7638,-52.7638,0
2424.25,-52.6275,-52.6275,0
2424.5,-52.4808,-52.4808,0
2424.75,-52.3213,-52.3213,0
2425,-52.1459,-52.1459,0
2425.25,-51.9502,-51.9502,0
2425.5,-51.7273,-51.7273,0
2425.75,-51.4666,-51.4666,0
2426,-51.15,-51.15,0
2426.25,-50.742,-50.742,0
2426.5,-50.1596,-50.1596,0
2426.75,-49.1148,-49.1148,0
2427,-43.5547,-43.5547,0
2427.25,22.399,22.399,0
2427.5,5.57649,5.57649,0
2427.75,-8.9692,-8.9692,0
2428,-19.5282,-19.5282,0
2428.25,-29.2793,-29.2793,0
2428.5,-40.128,-40.128,0
2428.75,-47.6844,-47.6844,0
2429,-50.909,-50.909,0
2429.25,-52.3876,-52.3876,0
2429.5,-53.1375,-53.1375,0
2429.75,-53.5409,-53.5409,0
2430,-53.7724,-53.7724,0
2430.25,-53.9198,-53.9198,0
2430.5,-54.0288,-54.0288,0
2430.75,-54.1236,-54.1236,0
2431,-54.2164,-54.2164,0
2431.25,-54.3132,-54.3132,0
2431.5,-54.4163,-54.4163,0
2431.75,-54.526,-54.526,0
2432,-54.6418,-54.6418,0
2432.25,-54.7626,-54.7626,0
2432.5,-54.8872,-54.8872,0
2432.75,-55.0144,-55.0144,0
2433,-55.1429,-55.1429,0
2433.25,-55.2719,-55.2719,0
2433.5,-55.4003,-55.4003,0
2433.75,-55.5275,-55.5275,0
2434,-55.6528,-55.6528,0
2434.25,-55.7758,-55.7758,0
2434.5,-55.896,-55.896,0
2434.75,-56.0131,-56.0131,0
2435,-56.1268,-56.1268,0
2435.25,-56.2371,-56.2371,0
2435.5,-56.3437,-56.3437,0
2435.75,-56.4466,-56.4466,0
2436,-56.5458,-56.5458,0
2436.25,-56.6411,-56.6411,0
2436.5,-56.7327,-56.7327,0
2436.75,-56.8205,-56.8205,0
2437,-56.9047,-56.9047,0
2437.25,-56.9852,-56.9852,0
2437.5,-57.062,-57.062,0
2437.75,-57.1354,-57.1354,0
2438,-57.2054,-57.2054,0
2438.25,-57.2719,-57.2719,0
2438.5,-57.3352,-57.3352,0
2438.75,-57.3954,-57.3954,0
2439,-57.4524,-57.4524,0
2439.25,-57.5064,-57.5064,0
2439.5,-57.5575,-57.5575,0
2439.75,-57.6058,-57.6058,0
2440,-57.6513,-57.6513,0
2440.25,-57.6941,-57.6941,0
2440.5,-57.7344,-57.7344,0
2440.75,-57.7721,-57.7721,0
2441,-57.8075,-57.8075,0
2441.25,-57.8405,-57.8405,0
2441.5,-57.8712,-57.8712,0
2441.75,-57.8997,-57.8997,0
2442,-57.9261,-57.9261,0
2442.25,-57.9504,-57.9504,0
2442.5,-57.9727,-57.9727,0
2442.75,-57.9931,-57.9931,0
2443,-58.0116,-58.0116,0
2443.25,-58.0283,-58.0283,0
2443.5,-58.0432,-58.0432,0
2443.75,-58.0565,-58.0565,0
2444,-58.068,-58.068,0
2444.25,-58.078,-58.078,0
2444.5,-58.0865,-58.0865,0
2444.75,-58.0934,-58.0934,0
2445,-58.0989,-58.0989,0
2445.25,-58.103,-58.103,0
2445.5,-58.1057,-58.1057,0
2445.75,-58.1071,-58.1071,0
2446,-58.1072,-58.1072,0
2446.25,-58.106,-58.106,0
2446.5,-58.1037,-58.1037,0
2446.75,-58.1001,-58.1001,0
2447,-58.0955,-58.0955,0
2447.25,-58.0897,-58.0897,0
2447.5,-58.0828,-58.0828,0
2447.75,-58.0749,-58.0749,0
2448,-58.0659,-58.0659,0
2448.25,-58.056,-58.056,0
2448.5,-58.0451,-58.0451,0
2448.75,-58.0333,-58.0333,0
2449,-58.0205,-58.0205,0
2449.25,-58.0069,-58.0069,0
2449.5,-57.9923,-57.9923,0
2449.75,-57.977,-57.977,0
2450,-57.9608,-57.9608,0
2450.25,-57.9438,-57.9438,0
2450.5,-57.9261,-57.9261,0
2450.75,-57.9075,-57.9075,0
2451,-57.8883,-57.8883,0
2451.25,-57.8683,-57.8683,0
2451.5,-57.8476,-57.8476,0
2451.75,-57.8262,-57.8262,0
2452,-57.8041,-57.8041,0
2452.25,-57.7813,-57.7813,0
2452.5,-57.7579,-57.7579,0
2452.75,-57.7339,-57.7339,0
2453,-57.7092,-57.7092,0
2453.25,-57.6839,-57.6839,0
2453.5,-57.658,-57.658,0
2453.75,-57.6316,-57.6316,0
2454,-57.6045,-57.6045,0
2454.25,-57.5769,-57.5769,0
2454.5,-57.5488,-57.5488,0
2454.75,-57.5201,-57.5201,0
2455,-57.4908,-57.4908,0
2455.25,-57.461,-57.461,0
2455.5,-57.4307,-57.4307,0
2455.75,-57.3999,-57.3999,0
2456,-57.3686,-57.3686,0
2456.25,-57.3368,-57.3368,0
2456.5,-57.3045,-57.3045,0
2456.75,-57.2717,-57.2717,0
2457,-57.2384,-57.2384,0
2457.25,-57.2047,-57.2047,0
2457.5,-57.1705,-57.1705,0
2457.75,-57.1358,-57.1358,0
2458,-57.1006,-57.1006,0
2458.25,-57.065,-57.065,0
2458.5,-57.029,-57.029,0
2458.75,-56.9925,-56.9925,0
2459,-56.9555,-56.9555,0
2459.25,-56.9181,-56.9181,0
2459.5,-56.8803,-56.8803,0
2459.75,-56.842,-56.842,0
2460,-56.8033,-56.8033,0
2460.25,-56.7641,-56.7641,0
2460.5,-56.7245,-56.7245,0
2460.75,-56.6845,-56.6845,0
2461,-56.644,-56.644,0
2461.25,-56.603,-56.603,0
2461.5,-56.5617,-56.5617,0
2461.75,-56.5199,-56.5199,0
2462,-56.4776,-56.4776,0
2462.25,-56.4349,-56.4349,0
2462.5,-56.3918,-56.3918,0
2462.75,-56.3482,-56.3482,0
2463,-56.3041,-56.3041,0
2463.25,-56.2596,-56.2596,0
2463.5,-56.2146,-56.2146,0
2463.75,-56.1691,-56.1691,0
2464,-56.1232,-56.1232,0
2464.25,-56.0767,-56.0767,0
2464.5,-56.0298,-56.0298,0
2464.75,-55.9824,-55.9824,0
2465,-55.9344,-55.9344,0
2465.25,-55.886,-55.886,0
2465.5,-55.837,-55.837,0
2465.75,-55.7875,-55.7875,0
2466,-55.7374,-55.7374,0
2466.25,-55.6868,-55.6868,0
2466.5,-55.6356,-55.6356,0
2466.75,-55.5837,-55.5837,0
2467,-55.5313,-55.5313,0
2467.25,-55.4783,-55.4783,0
2467.5,-55.4246,-55.4246,0
2467.75,-55.3702,-55.3702,0
2468,-55.3152,-55.3152,0
2468.25,-55.2594,-55.2594,0
2468.5,-55.203,-55.203,0
2468.75,-55.1457,-55.1457,0
2469,-55.0877,-55.0877,0
2469.25,-55.0288,-55.0288,0
2469.5,-54.9691,-54.9691,0
2469.75,-54.9085,-54.9085,0
2470,-54.8469,-54.8469,0
2470.25,-54.7844,-54.7844,0
2470.5,-54.7208,-54.7208,0
2470.75,-54.6562,-54.6562,0
2471,-54.5904,-54.5904,0
2471.25,-54.5234,-54.5234,0
2471.5,-54.4552,-54.4552,0
2471.75,-54.3856,-54.3856,0
2472,-54.3146,-54.3146,0
2472.25,-54.242,-54.242,0
2472.5,-54.1679,-54.1679,0
2472.75,-54.092,-54.092,0
2473,-54.0142,-54.0142,0
2473.25,-53.9344,-53.9344,0
2473.5,-53.8524,-53.8524,0
2473.75,-53.768,-53.768,0
2474,-53.6811,-53.6811,0
2474.25,-53.5913,-53.5913,0
2474.5,-53.4984,-53.4984,0
2474.75,-53.4021,-53.4021,0
2475,-53.3018,-53.3018,0
2475.25,-53.1973,-53.1973,0
2475.5,-53.0878,-53.0878,0
2475.75,-52.9728,-52.9728,0
2476,-52.8513,-52.8513,0
2476.25,-52.7224,-52.7224,0
2476.5,-52.5845,-52.5845,0
2476.75,-52.4361,-52.4361,0
2477,-52.2747,-52.2747,0
2477.25,-52.0971,-52.0971,0
2477.5,-51.8986,-51.8986,0
2477.75,-51.6723,-51.6723,0
2478,-51.4072,-51.4072,0
2478.25,-51.0841,-51.0841,0
2478.5,-50.6655,-50.6655,0
2478.75,-50.0611,-50.0611,0
2479,-48.9405,-48.9405,0
2479.25,-41.7639,-41.7639,0
2479.5,22.2021,22.2021,0
2479.75,4.14343,4.14343,0
2480,-9.93011,-9.93011,0
2480.25,-20.281,-20.281,0
2480.5,-30.0817,-30.0817,0
2480.75,-40.9016,-40.9016,0
2481,-48.0318,-48.0318,0
2481.25,-51.0444,-51.0444,0
2481.5,-52.4357,-52.4357,0
2481.75,-53.1418,-53.1418,0
2482,-53.5204,-53.5204,0
2482.25,-53.7365,-53.7365,0
2482.5,-53.8733,-53.8733,0
2482.75,-53.9743,-53.9743,0
2483,-54.0624,-54.0624,0
2483.25,-54.1493,-54.1493,0
2483.5,-54.2404,-54.2404,0
2483.75,-54.338,-54.338,0
2484,-54.4423,-54.4423,0
2484.25,-54.5527,-54.5527,0
2484.5,-54.6681,-54.6681,0
2484.75,-54.7873,-54.7873,0
2485,-54.9091,-54.9091,0
2485.25,-55.0324,-55.0324,0
2485.5,-55.1561,-55.1561,0
2485.75,-55.2795,-55.2795,0
2486,-55.4016,-55.4016,0
2486.25,-55.522,-55.522,0
2486.5,-55.6402,-55.6402,0
2486.75,-55.7557,-55.7557,0
2487,-55.8683,-55.8683,0
2487.25,-55.9776,-55.9776,0
2487.5,-56.0836,-56.0836,0
2487.75,-56.186,-56.186,0
2488,-56.2849,-56.2849,0
2488.25,-56.3801,-56.3801,0
2488.5,-56.4716,-56.4716,0
2488.75,-56.5595,-56.5595,0
2489,-56.6437,-56.6437,0
2489.25,-56.7244,-56.7244,0
2489.5,-56.8015,-56.8015,0
2489.75,-56.8751,-56.8751,0
2490,-56.9453,-56.9453,0
2490.25,-57.0121,-57.0121,0
2490.5,-57.0757,-57.0757,0
2490.75,-57.1361,-57.1361,0
2491,-57.1933,-57.1933,0
2491.25,-57.2476,-57.2476,0
2491.5,-57.2989,-57.2989,0
2491.75,-57.3474,-57.3474,0
2492,-57.3931,-57.3931,0
2492.25,-57.4361,-57.4361,0
2492.5,-57.4766,-57.4766,0
2492.75,-57.5145,-57.5145,0
2493,-57.5499,-57.5499,0
2493.25,-57.583,-57.583,0
2493.5,-57.6138,-57.6138,0
2493.75,-57.6423,-57.6423,0
2494,-57.6687,-57.6687,0
2494.25,-57.693,-57.693,0
2494.5,-57.7153,-57.7153,0
2494.75,-57.7356,-57.7356,0
2495,-57.7541,-57.7541,0
2495.25,-57.7707,-57.7707,0
2495.5,-57.7855,-57.7855,0
2495.75,-57.7985,-57.7985,0
2496,-57.81,-57.81,0
2496.25,-57.8198,-57.8198,0
2496.5,-57.828,-57.828,0
2496.75,-57.8347,-57.8347,0
2497,-57.8399,-57.8399,0
2497.25,-57.8437,-57.8437,0
2497.5,-57.8461,-57.8461,0
2497.75,-57.8471,-57.8471,0
2498,-57.8468,-57.8468,0
2498.25,-57.8453,-57.8453,0
2498.5,-57.8425,-57.8425,0
2498.75,-57.8386,-57.8386,0
2499,-57.8334,-57.8334,0
2499.25,-57.8272,-57.8272,0
2499.5,-57.8198,-57.8198,0
2499.75,-57.8113,-57.8113,0
2500,-57.8019,-57.8019,0
2500.25,-57.7914,-57.7914,0
2500.5,-57.7799,-57.7799,0
2500.75,-57.7674,-57.7674,0
2501,-57.7541,-57.7541,0
2501.25,-57.7398,-57.7398,0
2501.5,-57.7246,-57.7246,0
2501.75,-57.7085,-57.7085,0
2502,-57.6916,-57.6916,0
2502.25,-57.6739,-57.6739,0
2502.5,-57.6554,-57.6554,0
2502.75,-57.6361,-57.6361,0
2503,-57.616,-57.616,0
2503.25,-57.5951,-57.5951,0
2503.5,-57.5736,-57.5736,0
2503.75,-57.5513,-57.5513,0
2504,-57.5283,-57.5283,0
2504.25,-57.5046,-57.5046,0
2504.5,-57.4802,-57.4802,0
2504.75,-57.4552,-57.4552,0
2505,-57.4295,-57.4295,0
2505.25,-57.4032,-57.4032,0
2505.5,-57.3763,-57.3763,0
2505.75,-57.3487,-57.3487,0
2506,-57.3206,-57.3206,0
2506.25,-57.2918,-57.2918,0
2506.5,-57.2625,-57.2625,0
2506.75,-57.2326,-57.2326,0
2507,-57.2021,-57.2021,0
2507.25,-57.171,-57.171,0
2507.5,-57.1395,-57.1395,0
2507.75,-57.1073,-57.1073,0
2508,-57.0747,-57.0747,0
2508.25,-57.0414,-57.0414,0
2508.5,-57.0077,-57.0077,0
2508.75,-56.9735,-56.9735,0
2509,-56.9387,-56.9387,0
2509.25,-56.9034,-56.9034,0
2509.5,-56.8677,-56.8677,0
2509.75,-56.8314,-56.8314,0
2510,-56.7946,-56.7946,0
2510.25,-56.7573,-56.7573,0
2510.5,-56.7195,-56.7195,0
2510.75,-56.6812,-56.6812,0
2511,-56.6425,-56.6425,0
2511.25,-56.6032,-56.6032,0
2511.5,-56.5635,-56.5635,0
2511.75,-56.5232,-56.5232,0
2512,-56.4825,-56.4825,0
2512.25,-56.4413,-56.4413,0
2512.5,-56.3996,-56.3996,0
2512.75,-56.3574,-56.3574,0
2513,-56.3147,-56.3147,0
2513.25,-56.2715,-56.2715,0
2513.5,-56.2278,-56.2278,0
2513.75,-56.1835,-56.1835,0
2514,-56.1388,-56.1388,0
2514.25,-56.0936,-56.0936,0
2514.5,-56.0478,-56.0478,0
2514.75,-56.0015,-56.0015,0
2515,-55.9547,-55.9547,0
2515.25,-55.9073,-55.9073,0
2515.5,-55.8593,-55.8593,0
2515.75,-55.8109,-55.8109,0
2516,-55.7618,-55.7618,0
2516.25,-55.7121,-55.7121,0
2516.5,-55.6619,-55.6619,0
2516.75,-55.611,-55.611,0
2517,-55.5595,-55.5595,0
2517.25,-55.5074,-55.5074,0
2517.5,-55.4546,-55.4546,0
2517.75,-55.4012,-55.4012,0
2518,-55.347,-55.347,0
2518.25,-55.2922,-55.2922,0
2518.5,-55.2366,-55.2366,0
2518.75,-55.1802,-55.1802,0
2519,-55.1231,-55.1231,0
2519.25,-55.0651,-55.0651,0
2519.5,-55.0063,-55.0063,0
2519.75,-54.9466,-54.9466,0
2520,-54.886,-54.886,0
2520.25,-54.8244,-54.8244,0
2520.5,-54.7618,-54.7618,0
2520.75,-54.6982,-54.6982,0
2521,-54.6335,-54.6335,0
2521.25,-54.5676,-54.5676,0
2521.5,-54.5005,-54.5005,0
2521.75,-54.4321,-54.4321,0
2522,-54.3624,-54.3624,0
2522.25,-54.2912,-54.2912,0
2522.5,-54.2184,-54.2184,0
2522.75,-54.144,-54.144,0
2523,-54.0679,-54.0679,0
2523.25,-53.9898,-53.9898,0
2523.5,-53.9098,-53.9098,0
2523.75,-53.8275,-53.8275,0
2524,-53.7429,-53.7429,0
2524.25,-53.6556,-53.6556,0
2524.5,-53.5656,-53.5656,0
2524.75,-53.4723,-53.4723,0
2525,-53.3757,-53.3757,0
2525.25,-53.2751,-53.2751,0
2525.5,-53.1703,-53.1703,0
2525.75,-53.0606,-53.0606,0
2526,-52.9453,-52.9453,0
2526.25,-52.8236,-52.8236,0
2526.5,-52.6944,-52.6944,0
2526.75,-52.5565,-52.5565,0
2527,-52.4081,-52.4081,0
2527.25,-52.2468,-52.2468,0
2527.5,-52.0696,-52.0696,0
2527.75,-51.8718,-51.8718,0
2528,-51.6467,-51.6467,0
2528.25,-51.3836,-51.3836,0
2528.5,-51.0641,-51.0641,0
2528.75,-50.6521,-50.6521,0
2529,-50.0625,-50.0625,0
2529.25,-48.9938,-48.9938,0
2529.5,-42.9185,-42.9185,0
2529.75,22.1524,22.1524,0
2530,5.09168,5.09168,0
2530.25,-9.24148,-9.24148,0
2530.5,-19.7005,-19.7005,0
2530.75,-29.4312,-29.4312,0
2531,-40.2649,-40.2649,0
2531.25,-47.7314,-47.7314,0
2531.5,-50.8994,-50.8994,0
2531.75,-52.3462,-52.3462,0
2532,-53.0741,-53.0741,0
2532.25,-53.4603,-53.4603,0
2532.5,-53.677,-53.677,0
2532.75,-53.8109,-53.8109,0
2533,-53.9072,-53.9072,0
2533.25,-53.9896,-53.9896,0
2533.5,-54.0703,-54.0703,0
2533.75,-54.1551,-54.1551,0
2534,-54.2463,-54.2463,0
2534.25,-54.3443,-54.3443,0
2534.5,-54.4486,-54.4486,0
2534.75,-54.558,-54.558,0
2535,-54.6715,-54.6715,0
2535.25,-54.7877,-54.7877,0
2535.5,-54.9056,-54.9056,0
2535.75,-55.0242,-55.0242,0
2536,-55.1425,-55.1425,0
2536.25,-55.2599,-55.2599,0
2536.5,-55.3757,-55.3757,0
2536.75,-55.4894,-55.4894,0
2537,-55.6007,-55.6007,0
2537.25,-55.7091,-55.7091,0
2537.5,-55.8145,-55.8145,0
2537.75,-55.9166,-55.9166,0
2538,-56.0154,-56.0154,0
2538.25,-56.1107,-56.1107,0
2538.5,-56.2024,-56.2024,0
2538.75,-56.2907,-56.2907,0
2539,-56.3753,-56.3753,0
2539.25,-56.4565,-56.4565,0
2539.5,-56.5341,-56.5341,0
2539.75,-56.6083,-56.6083,0
2540,-56.6791,-56.6791,0
2540.25,-56.7465,-56.7465,0
2540.5,-56.8107,-56.8107,0
2540.75,-56.8717,-56.8717,0
2541,-56.9296,-56.9296,0
2541.25,-56.9844,-56.9844,0
2541.5,-57.0363,-57.0363,0
2541.75,-57.0853,-57.0853,0
2542,-57.1315,-57.1315,0
2542.25,-57.175,-57.175,0
2542.5,-57.2159,-57.2159,0
2542.75,-57.2542,-57.2542,0
2543,-57.29,-57.29,0
2543.25,-57.3234,-57.3234,0
2543.5,-57.3545,-57.3545,0
2543.75,-57.3834,-57.3834,0
2544,-57.41,-57.41,0
2544.25,-57.4346,-57.4346,0
2544.5,-57.457,-57.457,0
2544.75,-57.4775,-57.4775,0
2545,-57.4961,-57.4961,0
2545.25,-57.5128,-57.5128,0
2545.5,-57.5276,-57.5276,0
2545.75,-57.5407,-57.5407,0
2546,-57.5522,-57.5522,0
2546.25,-57.5619,-57.5619,0
2546.5,-57.5701,-57.5701,0
2546.75,-57.5767,-57.5767,0
2547,-57.5818,-57.5818,0
2547.25,-57.5854,-57.5854,0
2547.5,-57.5876,-57.5876,0
2547.75,-57.5884,-57.5884,0
2548,-57.5879,-57.5879,0
2548.25,-57.5861,-57.5861,0
2548.5,-57.5831,-57.5831,0
2548.75,-57.5788,-57.5788,0
2549,-57.5733,-57.5733,0
2549.25,-57.5666,-57.5666,0
2549.5,-57.5588,-57.5588,0
2549.75,-57.5499,-57.5499,0
2550,-57.54,-57.54,0
2550.25,-57.529,-57.529,0
2550.5,-57.517,-57.517,0
2550.75,-57.504,-57.504,0
2551,-57.4901,-57.4901,0
2551.25,-57.4752,-57.4752,0
2551.5,-57.4594,-57.4594,0
2551.75,-57.4426,-57.4426,0
2552,-57.4251,-57.4251,0
2552.25,-57.4066,-57.4066,0
2552.5,-57.3874,-57.3874,0
2552.75,-57.3673,-57.3673,0
2553,-57.3464,-57.3464,0
2553.25,-57.3248,-57.3248,0
2553.5,-57.3023,-57.3023,0
2553.75,-57.2792,-57.2792,0
2554,-57.2553,-57.2553,0
2554.25,-57.2307,-57.2307,0
2554.5,-57.2053,-57.2053,0
2554.75,-57.1793,-57.1793,0
2555,-57.1526,-57.1526,0
2555.25,-57.1252,-57.1252,0
2555.5,-57.0972,-57.0972,0
2555.75,-57.0686,-57.0686,0
2556,-57.0393,-57.0393,0
2556.25,-57.0093,-57.0093,0
2556.5,-56.9788,-56.9788,0
2556.75,-56.9476,-56.9476,0
2557,-56.9159,-56.9159,0
2557.25,-56.8835,-56.8835,0
2557.5,-56.8506,-56.8506,0
2557.75,-56.817,-56.817,0
2558,-56.7829,-56.7829,0
2558.25,-56.7483,-56.7483,0
2558.5,-56.713,-56.713,0
2558.75,-56.6772,-56.6772,0
2559,-56.6409,-56.6409,0
2559.25,-56.604,-56.604,0
2559.5,-56.5665,-56.5665,0
2559.75,-56.5285,-56.5285,0
2560,-56.49,-56.49,0
2560.25,-56.4509,-56.4509,0
2560.5,-56.4112,-56.4112,0
2560.75,-56.371,-56.371,0
2561,-56.3303,-56.3303,0
2561.25,-56.289,-56.289,0
2561.5,-56.2472,-56.2472,0
2561.75,-56.2048,-56.2048,0
2562,-56.1619,-56.1619,0
2562.25,-56.1184,-56.1184,0
2562.5,-56.0744,-56.0744,0
2562.75,-56.0298,-56.0298,0
2563,-55.9846,-55.9846,0
2563.25,-55.9388,-55.9388,0
2563.5,-55.8925,-55.8925,0
2563.75,-55.8456,-55.8456,0
2564,-55.7981,-55.7981,0
2564.25,-55.75,-55.75,0
2564.5,-55.7012,-55.7012,0
2564.75,-55.6519,-55.6519,0
2565,-55.6019,-55.6019,0
2565.25,-55.5512,-55.5512,0
2565.5,-55.4999,-55.4999,0
2565.75,-55.4479,-55.4479,0
2566,-55.3952,-55.3952,0
2566.25,-55.3418,-55.3418,0
2566.5,-55.2877,-55.2877,0
2566.75,-55.2328,-55.2328,0
2567,-55.1771,-55.1771,0
2567.25,-55.1206,-55.1206,0
2567.5,-55.0633,-55.0633,0
2567.75,-55.0052,-55.0052,0
2568,-54.9461,-54.9461,0
2568.25,-54.8861,-54.8861,0
2568.5,-54.8252,-54.8252,0
2568.75,-54.7632,-54.7632,0
2569,-54.7002,-54.7002,0
2569.25,-54.6361,-54.6361,0
2569.5,-54.5708,-54.5708,0
2569.75,-54.5044,-54.5044,0
2570,-54.4366,-54.4366,0
2570.25,-54.3675,-54.3675,0
2570.5,-54.297,-54.297,0
2570.75,-54.225,-54.225,0
2571,-54.1513,-54.1513,0
2571.25,-54.076,-54.076,0
2571.5,-53.9988,-53.9988,0
2571.75,-53.9196,-53.9196,0
2572,-53.8384,-53.8384,0
2572.25,-53.7548,-53.7548,0
2572.5,-53.6687,-53.6687,0
2572.75,-53.5799,-53.5799,0
2573,-53.4881,-53.4881,0
2573.25,-53.393,-53.393,0
2573.5,-53.2943,-53.2943,0
2573.75,-53.1915,-53.1915,0
2574,-53.0841,-53.0841,0
2574.25,-52.9716,-52.9716,0
2574.5,-52.8531,-52.8531,0
2574.75,-52.7278,-52.7278,0
2575,-52.5945,-52.5945,0
2575.25,-52.4517,-52.4517,0
2575.5,-52.2974,-52.2974,0
2575.75,-52.129,-52.129,0
2576,-51.9429,-51.9429,0
2576.25,-51.7337,-51.7337,0
2576.5,-51.4932,-51.4932,0
2576.75,-51.2079,-51.2079,0
2577,-50.8538,-50.8538,0
2577.25,-50.3799,-50.3799,0
2577.5,-49.6486,-49.6486,0
2577.75,-47.9512,-47.9512,0
2578,-24.4892,-24.4892,0
2578.25,15.6669,15.6669,0
2578.5,-1.82463,-1.82463,0
2578.75,-14.0745,-14.0745,0
2579,-23.8048,-23.8048,0
2579.25,-34.0564,-34.0564,0
2579.5,-44.1841,-44.1841,0
2579.75,-49.4128,-49.4128,0
2580,-51.6269,-51.6269,0
2580.25,-52.6867,-52.6867,0
2580.5,-53.2304,-53.2304,0
2580.75,-53.5223,-53.5223,0
2581,-53.6895,-53.6895,0
2581.25,-53.797,-53.797,0
2581.5,-53.8791,-53.8791,0
2581.75,-53.9537,-53.9537,0
2582,-54.0297,-54.0297,0
2582.25,-54.1111,-54.1111,0
2582.5,-54.1994,-54.1994,0
2582.75,-54.2943,-54.2943,0
2583,-54.3952,-54.3952,0
2583.25,-54.5009,-54.5009,0
2583.5,-54.6102,-54.6102,0
2583.75,-54.7219,-54.7219,0
2584,-54.8349,-54.8349,0
2584.25,-54.9483,-54.9483,0
2584.5,-55.0613,-55.0613,0
2584.75,-55.1733,-55.1733,0
2585,-55.2835,-55.2835,0
2585.25,-55.3916,-55.3916,0
2585.5,-55.4973,-55.4973,0
2585.75,-55.6001,-55.6001,0
2586,-55.7,-55.7,0
2586.25,-55.7966,-55.7966,0
2586.5,-55.89,-55.89,0
2586.75,-55.98,-55.98,0
2587,-56.0666,-56.0666,0
2587.25,-56.1497,-56.1497,0
2587.5,-56.2294,-56.2294,0
2587.75,-56.3057,-56.3057,0
2588,-56.3786,-56.3786,0
2588.25,-56.4482,-56.4482,0
2588.5,-56.5145,-56.5145,0
2588.75,-56.5775,-56.5775,0
2589,-56.6374,-56.6374,0
2589.25,-56.6942,-56.6942,0
2589.5,-56.7481,-56.7481,0
2589.75,-56.7989,-56.7989,0
2590,-56.847,-56.847,0
2590.25,-56.8922,-56.8922,0
2590.5,-56.9348,-56.9348,0
2590.75,-56.9747,-56.9747,0
2591,-57.0121,-57.0121,0
2591.25,-57.047,-57.047,0
2591.5,-57.0796,-57.0796,0
2591.75,-57.1098,-57.1098,0
2592,-57.1377,-57.1377,0
2592.25,-57.1635,-57.1635,0
2592.5,-57.1871,-57.1871,0
2592.75,-57.2087,-57.2087,0
2593,-57.2283,-57.2283,0
2593.25,-57.2459,-57.2459,0
2593.5,-57.2617,-57.2617,0
2593.75,-57.2757,-57.2757,0
2594,-57.2879,-57.2879,0
2594.25,-57.2984,-57.2984,0
2594.5,-57.3072,-57.3072,0
2594.75,-57.3145,-57.3145,0
2595,-57.3201,-57.3201,0
2595.25,-57.3243,-57.3243,0
2595.5,-57.327,-57.327,0
2595.75,-57.3282,-57.3282,0
2596,-57.3281,-57.3281,0
2596.25,-57.3266,-57.3266,0
2596.5,-57.3238,-57.3238,0
2596.75,-57.3197,-57.3197,0
2597,-57.3144,-57.3144,0
2597.25,-57.3079,-57.3079,0
2597.5,-57.3002,-57.3002,0
2597.75,-57.2914,-57.2914,0
2598,-57.2815,-57.2815,0
2598.25,-57.2704,-57.2704,0
2598.5,-57.2583,-57.2583,0
2598.75,-57.2452,-57.2452,0
2599,-57.2311,-57.2311,0
2599.25,-57.216,-57.216,0
2599.5,-57.2,-57.2,0
2599.75,-57.183,-57.183,0
2600,-57.1651,-57.1651,0
2600.25,-57.1463,-57.1463,0
2600.5,-57.1266,-57.1266,0
2600.75,-57.1061,-57.1061,0
2601,-57.0848,-57.0848,0
2601.25,-57.0626,-57.0626,0
2601.5,-57.0396,-57.0396,0
2601.75,-57.0159,-57.0159,0
2602,-56.9913,-56.9913,0
2602.25,-56.966,-56.966,0
2602.5,-56.94,-56.94,0
2602.75,-56.9132,-56.9132,0
2603,-56.8858,-56.8858,0
2603.25,-56.8576,-56.8576,0
2603.5,-56.8287,-56.8287,0
2603.75,-56.7991,-56.7991,0
2604,-56.7688,-56.7688,0
2604.25,-56.7379,-56.7379,0
2604.5,-56.7063,-56.7063,0
2604.75,-56.6741,-56.6741,0
2605,-56.6412,-56.6412,0
2605.25,-56.6077,-56.6077,0
2605.5,-56.5736,-56.5736,0
2605.75,-56.5388,-56.5388,0
2606,-56.5034,-56.5034,0
2606.25,-56.4674,-56.4674,0
2606.5,-56.4308,-56.4308,0
2606.75,-56.3936,-56.3936,0
2607,-56.3557,-56.3557,0
2607.25,-56.3173,-56.3173,0
2607.5,-56.2782,-56.2782,0
2607.75,-56.2386,-56.2386,0
2608,-56.1983,-56.1983,0
2608.25,-56.1574,-56.1574,0
2608.5,-56.116,-56.116,0
2608.75,-56.0739,-56.0739,0
2609,-56.0312,-56.0312,0
2609.25,-55.9879,-55.9879,0
2609.5,-55.944,-55.944,0
2609.75,-55.8995,-55.8995,0
2610,-55.8544,-55.8544,0
2610.25,-55.8086,-55.8086,0
2610.5,-55.7622,-55.7622,0
2610.75,-55.7151,-55.7151,0
2611,-55.6674,-55.6674,0
2611.25,-55.619,-55.619,0
2611.5,-55.57,-55.57,0
2611.75,-55.5202,-55.5202,0
2612,-55.4698,-55.4698,0
2612.25,-55.4186,-55.4186,0
2612.5,-55.3667,-55.3667,0
2612.75,-55.3141,-55.3141,0
2613,-55.2607,-55.2607,0
2613.25,-55.2066,-55.2066,0
2613.5,-55.1516,-55.1516,0
2613.75,-55.0958,-55.0958,0
2614,-55.0391,-55.0391,0
2614.25,-54.9816,-54.9816,0
2614.5,-54.9231,-54.9231,0
2614.75,-54.8637,-54.8637,0
2615,-54.8033,-54.8033,0
2615.25,-54.7419,-54.7419,0
2615.5,-54.6794,-54.6794,0
2615.75,-54.6158,-54.6158,0
2616,-54.5511,-54.5511,0
2616.25,-54.4851,-54.4851,0
2616.5,-54.4179,-54.4179,0
2616.75,-54.3493,-54.3493,0
2617,-54.2793,-54.2793,0
2617.25,-54.2077,-54.2077,0
2617.5,-54.1346,-54.1346,0
2617.75,-54.0598,-54.0598,0
2618,-53.9831,-53.9831,0
2618.25,-53.9045,-53.9045,0
2618.5,-53.8238,-53.8238,0
2618.75,-53.7409,-53.7409,0
2619,-53.6555,-53.6555,0
2619.25,-53.5674,-53.5674,0
2619.5,-53.4764,-53.4764,0
2619.75,-53.3822,-53.3822,0
2620,-53.2845,-53.2845,0
2620.25,-53.1828,-53.1828,0
2620.5,-53.0767,-53.0767,0
2620.75,-52.9656,-52.9656,0
2621,-52.8489,-52.8489,0
2621.25,-52.7257,-52.7257,0
2621.5,-52.5948,-52.5948,0
2621.75,-52.455,-52.455,0
2622,-52.3045,-52.3045,0
2622.25,-52.1409,-52.1409,0
2622.5,-51.961,-51.961,0
2622.75,-51.76,-51.76,0
2623,-51.531,-51.531,0
2623.25,-51.2628,-51.2628,0
2623.5,-50.9359,-50.9359,0
2623.75,-50.5119,-50.5119,0
2624,-49.897,-49.897,0
2624.25,-48.7365,-48.7365,0
2624.5,-40.6856,-40.6856,0
2624.75,21.4194,21.4194,0
2625,3.50371,3.50371,0
2625.25,-10.2766,-10.2766,0
2625.5,-20.4944,-20.4944,0
2625.75,-30.2654,-30.2654,0
2626,-41.0554,-41.0554,0
2626.25,-48.0729,-48.0729,0
2626.5,-51.0153,-51.0153,0
2626.75,-52.3647,-52.3647,0
2627,-53.0406,-53.0406,0
2627.25,-53.3948,-53.3948,0
2627.5,-53.5896,-53.5896,0
2627.75,-53.7067,-53.7067,0
2628,-53.7889,-53.7889,0
2628.25,-53.8587,-53.8587,0
2628.5,-53.9275,-53.9275,0
2628.75,-54.0007,-54.0007,0
2629,-54.0806,-54.0806,0
2629.25,-54.1674,-54.1674,0
2629.5,-54.2606,-54.2606,0
2629.75,-54.359,-54.359,0
2630,-54.4615,-54.4615,0
2630.25,-54.567,-54.567,0
2630.5,-54.6743,-54.6743,0
2630.75,-54.7825,-54.7825,0
2631,-54.8906,-54.8906,0
2631.25,-54.998,-54.998,0
2631.5,-55.1041,-55.1041,0
2631.75,-55.2083,-55.2083,0
2632,-55.3103,-55.3103,0
2632.25,-55.4098,-55.4098,0
2632.5,-55.5065,-55.5065,0
2632.75,-55.6001,-55.6001,0
2633,-55.6906,-55.6906,0
2633.25,-55.778,-55.778,0
2633.5,-55.862,-55.862,0
2633.75,-55.9427,-55.9427,0
2634,-56.02,-56.02,0
2634.25,-56.094,-56.094,0
2634.5,-56.1648,-56.1648,0
2634.75,-56.2322,-56.2322,0
2635,-56.2965,-56.2965,0
2635.25,-56.3576,-56.3576,0
2635.5,-56.4156,-56.4156,0
2635.75,-56.4706,-56.4706,0
2636,-56.5226,-56.5226,0
2636.25,-56.5718,-56.5718,0
2636.5,-56.6181,-56.6181,0
2636.75,-56.6617,-56.6617,0
2637,-56.7026,-56.7026,0
2637.25,-56.7409,-56.7409,0
2637.5,-56.7767,-56.7767,0
2637.75,-56.8101,-56.8101,0
2638,-56.8411,-56.8411,0
2638.25,-56.8698,-56.8698,0
2638.5,-56.8963,-56.8963,0
2638.75,-56.9206,-56.9206,0
2639,-56.9428,-56.9428,0
2639.25,-56.9629,-56.9629,0
2639.5,-56.9811,-56.9811,0
2639.75,-56.9973,-56.9973,0
2640,-57.0117,-57.0117,0
2640.25,-57.0243,-57.0243,0
2640.5,-57.0351,-57.0351,0
2640.75,-57.0442,-57.0442,0
2641,-57.0517,-57.0517,0
2641.25,-57.0575,-57.0575,0
2641.5,-57.0618,-57.0618,0
2641.75,-57.0646,-57.0646,0
2642,-57.0659,-57.0659,0
2642.25,-57.0658,-57.0658,0
2642.5,-57.0643,-57.0643,0
2642.75,-57.0615,-57.0615,0
2643,-57.0573,-57.0573,0
2643.25,-57.0519,-57.0519,0
2643.5,-57.0452,-57.0452,0
2643.75,-57.0373,-57.0373,0
2644,-57.0282,-57.0282,0
2644.25,-57.0179,-57.0179,0
2644.5,-57.0066,-57.0066,0
2644.75,-56.9941,-56.9941,0
2645,-56.9806,-56.9806,0
2645.25,-56.966,-56.966,0
2645.5,-56.9505,-56.9505,0
2645.75,-56.9339,-56.9339,0
2646,-56.9164,-56.9164,0
2646.25,-56.8979,-56.8979,0
2646.5,-56.8784,-56.8784,0
2646.75,-56.8581,-56.8581,0
2647,-56.8369,-56.8369,0
2647.25,-56.8148,-56.8148,0
2647.5,-56.7919,-56.7919,0
2647.75,-56.7681,-56.7681,0
2648,-56.7434,-56.7434,0
2648.25,-56.718,-56.718,0
2648.5,-56.6918,-56.6918,0
2648.75,-56.6648,-56.6648,0
2649,-56.637,-56.637,0
2649.25,-56.6085,-56.6085,0
2649.5,-56.5792,-56.5792,0
2649.75,-56.5492,-56.5492,0
2650,-56.5184,-56.5184,0
2650.25,-56.487,-56.487,0
2650.5,-56.4548,-56.4548,0
2650.75,-56.4219,-56.4219,0
2651,-56.3883,-56.3883,0
2651.25,-56.354,-56.354,0
2651.5,-56.3191,-56.3191,0
2651.75,-56.2834,-56.2834,0
2652,-56.2471,-56.2471,0
2652.25,-56.2101,-56.2101,0
2652.5,-56.1725,-56.1725,0
2652.75,-56.1342,-56.1342,0
2653,-56.0952,-56.0952,0
2653.25,-56.0555,-56.0555,0
2653.5,-56.0152,-56.0152,0
2653.75,-55.9742,-55.9742,0
2654,-55.9325,-55.9325,0
2654.25,-55.8902,-55.8902,0
2654.5,-55.8472,-55.8472,0
2654.75,-55.8035,-55.8035,0
2655,-55.7592,-55.7592,0
2655.25,-55.7142,-55.7142,0
2655.5,-55.6684,-55.6684,0
2655.75,-55.622,-55.622,0
2656,-55.5749,-55.5749,0
2656.25,-55.527,-55.527,0
2656.5,-55.4784,-55.4784,0
2656.75,-55.4291,-55.4291,0
2657,-55.3791,-55.3791,0
2657.25,-55.3282,-55.3282,0
2657.5,-55.2766,-55.2766,0
2657.75,-55.2242,-55.2242,0
2658,-55.171,-55.171,0
2658.25,-55.117,-55.117,0
2658.5,-55.062,-55.062,0
2658.75,-55.0062,-55.0062,0
2659,-54.9495,-54.9495,0
2659.25,-54.8919,-54.8919,0
2659.5,-54.8333,-54.8333,0
2659.75,-54.7737,-54.7737,0
2660,-54.713,-54.713,0
2660.25,-54.6513,-54.6513,0
2660.5,-54.5885,-54.5885,0
2660.75,-54.5244,-54.5244,0
2661,-54.4592,-54.4592,0
2661.25,-54.3926,-54.3926,0
2661.5,-54.3247,-54.3247,0
2661.75,-54.2554,-54.2554,0
2662,-54.1846,-54.1846,0
2662.25,-54.1121,-54.1121,0
2662.5,-54.038,-54.038,0
2662.75,-53.9621,-53.9621,0
2663,-53.8843,-53.8843,0
2663.25,-53.8043,-53.8043,0
2663.5,-53.7222,-53.7222,0
2663.75,-53.6377,-53.6377,0
2664,-53.5505,-53.5505,0
2664.25,-53.4605,-53.4605,0
2664.5,-53.3674,-53.3674,0
2664.75,-53.2709,-53.2709,0
2665,-53.1706,-53.1706,0
2665.25,-53.066,-53.066,0
2665.5,-52.9567,-52.9567,0
2665.75,-52.8419,-52.8419,0
2666,-52.721,-52.721,0
2666.25,-52.5929,-52.5929,0
2666.5,-52.4563,-52.4563,0
2666.75,-52.3098,-52.3098,0
2667,-52.1512,-52.1512,0
2667.25,-51.9776,-51.9776,0
2667.5,-51.7849,-51.7849,0
2667.75,-51.5673,-51.5673,0
2668,-51.3154,-51.3154,0
2668.25,-51.0137,-51.0137,0
2668.5,-50.6331,-50.6331,0
2668.75,-50.1088,-50.1088,0
2669,-49.2434,-49.2434,0
2669.25,-46.4635,-46.4635,0
2669.5,7.11993,7.11993,0
2669.75,10.1576,10.1576,0
2670,-5.61293,-5.61293,0
2670.25,-16.8024,-16.8024,0
2670.5,-26.3591,-26.3591,0
2670.75,-36.9677,-36.9677,0
2671,-46.0221,-46.0221,0
2671.25,-50.1388,-50.1388,0
2671.5,-51.9267,-51.9267,0
2671.75,-52.7958,-52.7958,0
2672,-53.2411,-53.2411,0
2672.25,-53.478,-53.478,0
2672.5,-53.6121,-53.6121,0
2672.75,-53.6981,-53.6981,0
2673,-53.7647,-53.7647,0
2673.25,-53.8269,-53.8269,0
2673.5,-53.8921,-53.8921,0
2673.75,-53.9633,-53.9633,0
2674,-54.0415,-54.0415,0
2674.25,-54.1264,-54.1264,0
2674.5,-54.2171,-54.2171,0
2674.75,-54.3125,-54.3125,0
2675,-54.4114,-54.4114,0
2675.25,-54.5127,-54.5127,0
2675.5,-54.6153,-54.6153,0
2675.75,-54.7183,-54.7183,0
2676,-54.821,-54.821,0
2676.25,-54.9227,-54.9227,0
2676.5,-55.0229,-55.0229,0
2676.75,-55.1212,-55.1212,0
2677,-55.2172,-55.2172,0
2677.25,-55.3105,-55.3105,0
2677.5,-55.4011,-55.4011,0
2677.75,-55.4887,-55.4887,0
2678,-55.5733,-55.5733,0
2678.25,-55.6547,-55.6547,0
2678.5,-55.7329,-55.7329,0
2678.75,-55.8079,-55.8079,0
2679,-55.8796,-55.8796,0
2679.25,-55.9482,-55.9482,0
2679.5,-56.0136,-56.0136,0
2679.75,-56.0758,-56.0758,0
2680,-56.1349,-56.1349,0
2680.25,-56.191,-56.191,0
2680.5,-56.2442,-56.2442,0
2680.75,-56.2944,-56.2944,0
2681,-56.3418,-56.3418,0
2681.25,-56.3864,-56.3864,0
2681.5,-56.4283,-56.4283,0
2681.75,-56.4675,-56.4675,0
2682,-56.5043,-56.5043,0
2682.25,-56.5385,-56.5385,0
2682.5,-56.5703,-56.5703,0
2682.75,-56.5998,-56.5998,0
2683,-56.6269,-56.6269,0
2683.25,-56.6519,-56.6519,0
2683.5,-56.6747,-56.6747,0
2683.75,-56.6954,-56.6954,0
2684,-56.7141,-56.7141,0
2684.25,-56.7308,-56.7308,0
2684.5,-56.7456,-56.7456,0
2684.75,-56.7586,-56.7586,0
2685,-56.7697,-56.7697,0
2685.25,-56.7791,-56.7791,0
2685.5,-56.7868,-56.7868,0
2685.75,-56.7929,-56.7929,0
2686,-56.7973,-56.7973,0
2686.25,-56.8002,-56.8002,0
2686.5,-56.8016,-56.8016,0
2686.75,-56.8015,-56.8015,0
2687,-56.7999,-56.7999,0
2687.25,-56.797,-56.797,0
2687.5,-56.7927,-56.7927,0
2687.75,-56.7871,-56.7871,0
2688,-56.7802,-56.7802,0
2688.25,-56.7721,-56.7721,0
2688.5,-56.7627,-56.7627,0
2688.75,-56.7522,-56.7522,0
2689,-56.7405,-56.7405,0
2689.25,-56.7276,-56.7276,0
2689.5,-56.7137,-56.7137,0
2689.75,-56.6986,-56.6986,0
2690,-56.6825,-56.6825,0
2690.25,-56.6654,-56.6654,0
2690.5,-56.6473,-56.6473,0
2690.75,-56.6282,-56.6282,0
2691,-56.6081,-56.6081,0
2691.25,-56.587,-56.587,0
2691.5,-56.565,-56.565,0
2691.75,-56.5422,-56.5422,0
2692,-56.5184,-56.5184,0
2692.25,-56.4937,-56.4937,0
2692.5,-56.4682,-56.4682,0
2692.75,-56.4418,-56.4418,0
2693,-56.4146,-56.4146,0
2693.25,-56.3865,-56.3865,0
2693.5,-56.3576,-56.3576,0
2693.75,-56.328,-56.328,0
2694,-56.2975,-56.2975,0
2694.25,-56.2663,-56.2663,0
2694.5,-56.2342,-56.2342,0
2694.75,-56.2014,-56.2014,0
2695,-56.1679,-56.1679,0
2695.25,-56.1336,-56.1336,0
2695.5,-56.0985,-56.0985,0
2695.75,-56.0627,-56.0627,0
2696,-56.0262,-56.0262,0
2696.25,-55.9889,-55.9889,0
2696.5,-55.9509,-55.9509,0
2696.75,-55.9121,-55.9121,0
2697,-55.8727,-55.8727,0
2697.25,-55.8325,-55.8325,0
2697.5,-55.7915,-55.7915,0
2697.75,-55.7499,-55.7499,0
2698,-55.7075,-55.7075,0
2698.25,-55.6643,-55.6643,0
2698.5,-55.6204,-55.6204,0
2698.75,-55.5758,-55.5758,0
2699,-55.5304,-55.5304,0
2699.25,-55.4842,-55.4842,0
2699.5,-55.4373,-55.4373,0
2699.75,-55.3896,-55.3896,0
2700,-55.3411,-55.3411,0
2700.25,-55.2919,-55.2919,0
2700.5,-55.2417,-55.2417,0
2700.75,-55.1908,-55.1908,0
2701,-55.139,-55.139,0
2701.25,-55.0864,-55.0864,0
2701.5,-55.0329,-55.0329,0
2701.75,-54.9784,-54.9784,0
2702,-54.9231,-54.9231,0
2702.25,-54.8667,-54.8667,0
2702.5,-54.8094,-54.8094,0
2702.75,-54.7511,-54.7511,0
2703,-54.6917,-54.6917,0
2703.25,-54.6313,-54.6313,0
2703.5,-54.5697,-54.5697,0
2703.75,-54.5069,-54.5069,0
2704,-54.4429,-54.4429,0
2704.25,-54.3776,-54.3776,0
2704.5,-54.311,-54.311,0
2704.75,-54.243,-54.243,0
2705,-54.1735,-54.1735,0
2705.25,-54.1024,-54.1024,0
2705.5,-54.0297,-54.0297,0
2705.75,-53.9552,-53.9552,0
2706,-53.8788,-53.8788,0
2706.25,-53.8005,-53.8005,0
2706.5,-53.72,-53.72,0
2706.75,-53.6372,-53.6372,0
2707,-53.5519,-53.5519,0
2707.25,-53.4639,-53.4639,0
2707.5,-53.373,-53.373,0
2707.75,-53.2788,-53.2788,0
2708,-53.181,-53.181,0
2708.25,-53.0793,-53.0793,0
2708.5,-52.9732,-52.9732,0
2708.75,-52.8621,-52.8621,0
2709,-52.7454,-52.7454,0
2709.25,-52.6221,-52.6221,0
2709.5,-52.4913,-52.4913,0
2709.75,-52.3516,-52.3516,0
2710,-52.2013,-52.2013,0
2710.25,-52.0381,-52.0381,0
2710.5,-51.8587,-51.8587,0
2710.75,-51.6587,-51.6587,0
2711,-51.4313,-51.4313,0
2711.25,-51.1655,-51.1655,0
2711.5,-50.8429,-50.8429,0
2711.75,-50.4265,-50.4265,0
2712,-49.8283,-49.8283,0
2712.25,-48.7261,-48.7261,0
2712.5,-41.9179,-41.9179,0
2712.75,21.2789,21.2789,0
2713,4.47716,4.47716,0
2713.25,-9.52048,-9.52048,0
2713.5,-19.8237,-19.8237,0
2713.75,-29.4898,-29.4898,0
2714,-40.2928,-40.2928,0
2714.25,-47.7078,-47.7078,0
2714.5,-50.826,-50.826,0
2714.75,-52.2334,-52.2334,0
2715,-52.9286,-52.9286,0
2715.25,-53.2859,-53.2859,0
2715.5,-53.476,-53.476,0
2715.75,-53.5846,-53.5846,0
2716,-53.6561,-53.6561,0
2716.25,-53.7141,-53.7141,0
2716.5,-53.7706,-53.7706,0
2716.75,-53.8314,-53.8314,0
2717,-53.8988,-53.8988,0
2717.25,-53.9732,-53.9732,0
2717.5,-54.0542,-54.0542,0
2717.75,-54.1407,-54.1407,0
2718,-54.2317,-54.2317,0
2718.25,-54.3258,-54.3258,0
2718.5,-54.4222,-54.4222,0
2718.75,-54.5197,-54.5197,0
2719,-54.6175,-54.6175,0
2719.25,-54.7149,-54.7149,0
2719.5,-54.8112,-54.8112,0
2719.75,-54.9061,-54.9061,0
2720,-54.999,-54.999,0
2720.25,-55.0897,-55.0897,0
2720.5,-55.1778,-55.1778,0
2720.75,-55.2633,-55.2633,0
2721,-55.3458,-55.3458,0
2721.25,-55.4254,-55.4254,0
2721.5,-55.5019,-55.5019,0
2721.75,-55.5753,-55.5753,0
2722,-55.6456,-55.6456,0
2722.25,-55.7128,-55.7128,0
2722.5,-55.7769,-55.7769,0
2722.75,-55.8379,-55.8379,0
2723,-55.8959,-55.8959,0
2723.25,-55.9509,-55.9509,0
2723.5,-56.003,-56.003,0
2723.75,-56.0522,-56.0522,0
2724,-56.0985,-56.0985,0
2724.25,-56.1421,-56.1421,0
2724.5,-56.1831,-56.1831,0
2724.75,-56.2214,-56.2214,0
2725,-56.2572,-56.2572,0
2725.25,-56.2905,-56.2905,0
2725.5,-56.3214,-56.3214,0
2725.75,-56.3499,-56.3499,0
2726,-56.3761,-56.3761,0
2726.25,-56.4002,-56.4002,0
2726.5,-56.4221,-56.4221,0
2726.75,-56.4418,-56.4418,0
2727,-56.4596,-56.4596,0
2727.25,-56.4754,-56.4754,0
2727.5,-56.4892,-56.4892,0
2727.75,-56.5012,-56.5012,0
2728,-56.5114,-56.5114,0
2728.25,-56.5198,-56.5198,0
2728.5,-56.5266,-56.5266,0
2728.75,-56.5316,-56.5316,0
2729,-56.5351,-56.5351,0
2729.25,-56.5369,-56.5369,0
2729.5,-56.5373,-56.5373,0
2729.75,-56.5361,-56.5361,0
2730,-56.5335,-56.5335,0
2730.25,-56.5295,-56.5295,0
2730.5,-56.5241,-56.5241,0
2730.75,-56.5174,-56.5174,0
2731,-56.5094,-56.5094,0
2731.25,-56.5001,-56.5001,0
2731.5,-56.4896,-56.4896,0
2731.75,-56.4778,-56.4778,0
2732,-56.4649,-56.4649,0
2732.25,-56.4508,-56.4508,0
2732.5,-56.4356,-56.4356,0
2732.75,-56.4192,-56.4192,0
2733,-56.4018,-56.4018,0
2733.25,-56.3834,-56.3834,0
2733.5,-56.3639,-56.3639,0
2733.75,-56.3433,-56.3433,0
2734,-56.3218,-56.3218,0
2734.25,-56.2993,-56.2993,0
2734.5,-56.2759,-56.2759,0
2734.75,-56.2515,-56.2515,0
2735,-56.2261,-56.2261,0
2735.25,-56.1999,-56.1999,0
2735.5,-56.1728,-56.1728,0
2735.75,-56.1447,-56.1447,0
2736,-56.1158,-56.1158,0
2736.25,-56.086,-56.086,0
2736.5,-56.0554,-56.0554,0
2736.75,-56.0239,-56.0239,0
2737,-55.9916,-55.9916,0
2737.25,-55.9584,-55.9584,0
2737.5,-55.9245,-55.9245,0
2737.75,-55.8897,-55.8897,0
2738,-55.8541,-55.8541,0
2738.25,-55.8177,-55.8177,0
2738.5,-55.7805,-55.7805,0
2738.75,-55.7424,-55.7424,0
2739,-55.7036,-55.7036,0
2739.25,-55.664,-55.664,0
2739.5,-55.6236,-55.6236,0
2739.75,-55.5824,-55.5824,0
2740,-55.5404,-55.5404,0
2740.25,-55.4975,-55.4975,0
2740.5,-55.4539,-55.4539,0
2740.75,-55.4094,-55.4094,0
2741,-55.3642,-55.3642,0
2741.25,-55.3181,-55.3181,0
2741.5,-55.2711,-55.2711,0
2741.75,-55.2233,-55.2233,0
2742,-55.1747,-55.1747,0
2742.25,-55.1251,-55.1251,0
2742.5,-55.0747,-55.0747,0
2742.75,-55.0234,-55.0234,0
2743,-54.9712,-54.9712,0
2743.25,-54.918,-54.918,0
2743.5,-54.8638,-54.8638,0
2743.75,-54.8087,-54.8087,0
2744,-54.7525,-54.7525,0
2744.25,-54.6953,-54.6953,0
2744.5,-54.637,-54.637,0
2744.75,-54.5776,-54.5776,0
2745,-54.517,-54.517,0
2745.25,-54.4552,-54.4552,0
2745.5,-54.3922,-54.3922,0
2745.75,-54.3279,-54.3279,0
2746,-54.2622,-54.2622,0
2746.25,-54.1952,-54.1952,0
2746.5,-54.1266,-54.1266,0
2746.75,-54.0564,-54.0564,0
2747,-53.9846,-53.9846,0
2747.25,-53.9111,-53.9111,0
2747.5,-53.8356,-53.8356,0
2747.75,-53.7582,-53.7582,0
2748,-53.6787,-53.6787,0
2748.25,-53.5968,-53.5968,0
2748.5,-53.5126,-53.5126,0
2748.75,-53.4256,-53.4256,0
2749,-53.3358,-53.3358,0
2749.25,-53.2428,-53.2428,0
2749.5,-53.1463,-53.1463,0
2749.75,-53.0459,-53.0459,0
2750,-52.9413,-52.9413,0
2750.25,-52.8318,-52.8318,0
2750.5,-52.7169,-52.7169,0
2750.75,-52.5958,-52.5958,0
2751,-52.4674,-52.4674,0
2751.25,-52.3306,-52.3306,0
2751.5,-52.1838,-52.1838,0
2751.75,-52.0248,-52.0248,0
2752,-51.8508,-51.8508,0
2752.25,-51.6578,-51.6578,0
2752.5,-51.4397,-51.4397,0
2752.75,-51.1874,-51.1874,0
2753,-50.8852,-50.8852,0
2753.25,-50.5039,-50.5039,0
2753.5,-49.978,-49.978,0
2753.75,-49.1061,-49.1061,0
2754,-46.2219,-46.2219,0
2754.25,7.35692,7.35692,0
2754.5,9.8702,9.8702,0
2754.75,-5.71018,-5.71018,0
2755,-16.815,-16.815,0
2755.25,-26.3262,-26.3262,0
2755.5,-36.9073,-36.9073,0
2755.75,-45.9733,-45.9733,0
2756,-50.0894,-50.0894,0
2756.25,-51.8656,-51.8656,0
2756.5,-52.7215,-52.7215,0
2756.75,-53.1539,-53.1539,0
2757,-53.3782,-53.3782,0
2757.25,-53.5,-53.5,0
2757.5,-53.5738,-53.5738,0
2757.75,-53.6283,-53.6283,0
2758,-53.6785,-53.6785,0
2758.25,-53.7315,-53.7315,0
2758.5,-53.7908,-53.7908,0
2758.75,-53.8572,-53.8572,0
2759,-53.9303,-53.9303,0
2759.25,-54.0095,-54.0095,0
2759.5,-54.0935,-54.0935,0
2759.75,-54.1811,-54.1811,0
2760,-54.2714,-54.2714,0
2760.25,-54.3633,-54.3633,0
2760.5,-54.4559,-54.4559,0
2760.75,-54.5484,-54.5484,0
2761,-54.6402,-54.6402,0
2761.25,-54.7308,-54.7308,0
2761.5,-54.8197,-54.8197,0
2761.75,-54.9066,-54.9066,0
2762,-54.9911,-54.9911,0
2762.25,-55.0732,-55.0732,0
2762.5,-55.1525,-55.1525,0
2762.75,-55.229,-55.229,0
2763,-55.3025,-55.3025,0
2763.25,-55.3731,-55.3731,0
2763.5,-55.4407,-55.4407,0
2763.75,-55.5053,-55.5053,0
2764,-55.5669,-55.5669,0
2764.25,-55.6254,-55.6254,0
2764.5,-55.6811,-55.6811,0
2764.75,-55.7338,-55.7338,0
2765,-55.7836,-55.7836,0
2765.25,-55.8306,-55.8306,0
2765.5,-55.8749,-55.8749,0
2765.75,-55.9165,-55.9165,0
2766,-55.9554,-55.9554,0
2766.25,-55.9918,-55.9918,0
2766.5,-56.0256,-56.0256,0
2766.75,-56.057,-56.057,0
2767,-56.086,-56.086,0
2767.25,-56.1127,-56.1127,0
2767.5,-56.1372,-56.1372,0
2767.75,-56.1594,-56.1594,0
2768,-56.1795,-56.1795,0
2768.25,-56.1976,-56.1976,0
2768.5,-56.2136,-56.2136,0
2768.75,-56.2277,-56.2277,0
2769,-56.2399,-56.2399,0
2769.25,-56.2502,-56.2502,0
2769.5,-56.2587,-56.2587,0
2769.75,-56.2655,-56.2655,0
2770,-56.2705,-56.2705,0
2770.25,-56.274,-56.274,0
2770.5,-56.2758,-56.2758,0
2770.75,-56.276,-56.276,0
2771,-56.2747,-56.2747,0
2771.25,-56.2719,-56.2719,0
2771.5,-56.2676,-56.2676,0
2771.75,-56.262,-56.262,0
2772,-56.255,-56.255,0
2772.25,-56.2466,-56.2466,0
2772.5,-56.2369,-56.2369,0
2772.75,-56.2259,-56.2259,0
2773,-56.2137,-56.2137,0
2773.25,-56.2003,-56.2003,0
2773.5,-56.1856,-56.1856,0
2773.75,-56.1698,-56.1698,0
2774,-56.1528,-56.1528,0
2774.25,-56.1348,-56.1348,0
2774.5,-56.1156,-56.1156,0
2774.75,-56.0953,-56.0953,0
2775,-56.074,-56.074,0
2775.25,-56.0516,-56.0516,0
2775.5,-56.0283,-56.0283,0
2775.75,-56.0039,-56.0039,0
2776,-55.9785,-55.9785,0
2776.25,-55.9521,-55.9521,0
2776.5,-55.9248,-55.9248,0
2776.75,-55.8965,-55.8965,0
2777,-55.8673,-55.8673,0
2777.25,-55.8372,-55.8372,0
2777.5,-55.8062,-55.8062,0
2777.75,-55.7742,-55.7742,0
2778,-55.7414,-55.7414,0
2778.25,-55.7076,-55.7076,0
2778.5,-55.673,-55.673,0
2778.75,-55.6375,-55.6375,0
2779,-55.6011,-55.6011,0
2779.25,-55.5639,-55.5639,0
2779.5,-55.5257,-55.5257,0
2779.75,-55.4868,-55.4868,0
2780,-55.4469,-55.4469,0
2780.25,-55.4061,-55.4061,0
2780.5,-55.3645,-55.3645,0
2780.75,-55.322,-55.322,0
2781,-55.2787,-55.2787,0
2781.25,-55.2344,-55.2344,0
2781.5,-55.1893,-55.1893,0
2781.75,-55.1432,-55.1432,0
2782,-55.0963,-55.0963,0
2782.25,-55.0484,-55.0484,0
2782.5,-54.9996,-54.9996,0
2782.75,-54.9498,-54.9498,0
2783,-54.899,-54.899,0
2783.25,-54.8473,-54.8473,0
2783.5,-54.7946,-54.7946,0
2783.75,-54.7408,-54.7408,0
2784,-54.686,-54.686,0
2784.25,-54.6301,-54.6301,0
2784.5,-54.5731,-54.5731,0
2784.75,-54.515,-54.515,0
2785,-54.4557,-54.4557,0
2785.25,-54.3951,-54.3951,0
2785.5,-54.3333,-54.3333,0
2785.75,-54.2701,-54.2701,0
2786,-54.2056,-54.2056,0
2786.25,-54.1397,-54.1397,0
2786.5,-54.0722,-54.0722,0
2786.75,-54.0032,-54.0032,0
2787,-53.9325,-53.9325,0
2787.25,-53.86,-53.86,0
2787.5,-53.7857,-53.7857,0
2787.75,-53.7094,-53.7094,0
2788,-53.631,-53.631,0
2788.25,-53.5503,-53.5503,0
2788.5,-53.4672,-53.4672,0
2788.75,-53.3815,-53.3815,0
2789,-53.293,-53.293,0
2789.25,-53.2013,-53.2013,0
2789.5,-53.1063,-53.1063,0
2789.75,-53.0075,-53.0075,0
2790,-52.9045,-52.9045,0
2790.25,-52.7968,-52.7968,0
2790.5,-52.684,-52.684,0
2790.75,-52.5651,-52.5651,0
2791,-52.4393,-52.4393,0
2791.25,-52.3056,-52.3056,0
2791.5,-52.1623,-52.1623,0
2791.75,-52.0076,-52.0076,0
2792,-51.839,-51.839,0
2792.25,-51.6528,-51.6528,0
2792.5,-51.4438,-51.4438,0
2792.75,-51.2041,-51.2041,0
2793,-50.9206,-50.9206,0
2793.25,-50.5698,-50.5698,0
2793.5,-50.1025,-50.1025,0
2793.75,-49.3854,-49.3854,0
2794,-47.742,-47.742,0
2794.25,-27.3499,-27.3499,0
2794.5,15.886,15.886,0
2794.75,-1.29015,-1.29015,0
2795,-13.5237,-13.5237,0
2795.25,-23.1846,-23.1846,0
2795.5,-33.2593,-33.2593,0
2795.75,-43.5691,-43.5691,0
2796,-49.098,-49.098,0
2796.25,-51.396,-51.396,0
2796.5,-52.4686,-52.4686,0
2796.75,-53.0013,-53.0013,0
2797,-53.2723,-53.2723,0
2797.25,-53.4138,-53.4138,0
2797.5,-53.4933,-53.4933,0
2797.75,-53.5461,-53.5461,0
2798,-53.5907,-53.5907,0
2798.25,-53.6364,-53.6364,0
2798.5,-53.6877,-53.6877,0
2798.75,-53.7459,-53.7459,0
2799,-53.8111,-53.8111,0
2799.25,-53.8827,-53.8827,0
2799.5,-53.9596,-53.9596,0
2799.75,-54.0407,-54.0407,0
2800,-54.1249,-54.1249,0
2800.25,-54.2111,-54.2111,0
2800.5,-54.2983,-54.2983,0
2800.75,-54.3859,-54.3859,0
2801,-54.4731,-54.4731,0
2801.25,-54.5594,-54.5594,0
2801.5,-54.6442,-54.6442,0
2801.75,-54.7273,-54.7273,0
2802,-54.8083,-54.8083,0
2802.25,-54.8869,-54.8869,0
2802.5,-54.963,-54.963,0
2802.75,-55.0364,-55.0364,0
2803,-55.107,-55.107,0
2803.25,-55.1748,-55.1748,0
2803.5,-55.2397,-55.2397,0
2803.75,-55.3017,-55.3017,0
2804,-55.3607,-55.3607,0
2804.25,-55.4169,-55.4169,0
2804.5,-55.4702,-55.4702,0
2804.75,-55.5207,-55.5207,0
2805,-55.5683,-55.5683,0
2805.25,-55.6132,-55.6132,0
2805.5,-55.6554,-55.6554,0
2805.75,-55.6949,-55.6949,0
2806,-55.7319,-55.7319,0
2806.25,-55.7663,-55.7663,0
2806.5,-55.7982,-55.7982,0
2806.75,-55.8277,-55.8277,0
2807,-55.8549,-55.8549,0
2807.25,-55.8798,-55.8798,0
2807.5,-55.9025,-55.9025,0
2807.75,-55.923,-55.923,0
2808,-55.9414,-55.9414,0
2808.25,-55.9577,-55.9577,0
2808.5,-55.9721,-55.9721,0
2808.75,-55.9844,-55.9844,0
2809,-55.9949,-55.9949,0
2809.25,-56.0036,-56.0036,0
2809.5,-56.0105,-56.0105,0
2809.75,-56.0156,-56.0156,0
2810,-56.019,-56.019,0
2810.25,-56.0208,-56.0208,0
2810.5,-56.0209,-56.0209,0
2810.75,-56.0195,-56.0195,0
2811,-56.0166,-56.0166,0
2811.25,-56.0122,-56.0122,0
2811.5,-56.0063,-56.0063,0
2811.75,-55.999,-55.999,0
2812,-55.9903,-55.9903,0
2812.25,-55.9803,-55.9803,0
2812.5,-55.9689,-55.9689,0
2812.75,-55.9562,-55.9562,0
2813,-55.9423,-55.9423,0
2813.25,-55.9272,-55.9272,0
2813.5,-55.9108,-55.9108,0
2813.75,-55.8932,-55.8932,0
2814,-55.8745,-55.8745,0
2814.25,-55.8546,-55.8546,0
2814.5,-55.8337,-55.8337,0
2814.75,-55.8116,-55.8116,0
2815,-55.7884,-55.7884,0
2815.25,-55.7641,-55.7641,0
2815.5,-55.7388,-55.7388,0
2815.75,-55.7125,-55.7125,0
2816,-55.6851,-55.6851,0
2816.25,-55.6568,-55.6568,0
2816.5,-55.6274,-55.6274,0
2816.75,-55.597,-55.597,0
2817,-55.5657,-55.5657,0
2817.25,-55.5334,-55.5334,0
2817.5,-55.5001,-55.5001,0
2817.75,-55.4659,-55.4659,0
2818,-55.4307,-55.4307,0
2818.25,-55.3946,-55.3946,0
2818.5,-55.3576,-55.3576,0
2818.75,-55.3196,-55.3196,0
2819,-55.2806,-55.2806,0
2819.25,-55.2407,-55.2407,0
2819.5,-55.1999,-55.1999,0
2819.75,-55.1581,-55.1581,0
2820,-55.1154,-55.1154,0
2820.25,-55.0717,-55.0717,0
2820.5,-55.0271,-55.0271,0
2820.75,-54.9815,-54.9815,0
2821,-54.9349,-54.9349,0
2821.25,-54.8873,-54.8873,0
2821.5,-54.8387,-54.8387,0
2821.75,-54.7891,-54.7891,0
2822,-54.7384,-54.7384,0
2822.25,-54.6867,-54.6867,0
2822.5,-54.6339,-54.6339,0
2822.75,-54.58,-54.58,0
2823,-54.525,-54.525,0
2823.25,-54.4688,-54.4688,0
2823.5,-54.4114,-54.4114,0
2823.75,-54.3528,-54.3528,0
2824,-54.2929,-54.2929,0
2824.25,-54.2316,-54.2316,0
2824.5,-54.169,-54.169,0
2824.75,-54.105,-54.105,0
2825,-54.0395,-54.0395,0
2825.25,-53.9724,-53.9724,0
2825.5,-53.9037,-53.9037,0
2825.75,-53.8333,-53.8333,0
2826,-53.7611,-53.7611,0
2826.25,-53.6869,-53.6869,0
2826.5,-53.6107,-53.6107,0
2826.75,-53.5324,-53.5324,0
2827,-53.4517,-53.4517,0
2827.25,-53.3684,-53.3684,0
2827.5,-53.2825,-53.2825,0
2827.75,-53.1937,-53.1937,0
2828,-53.1017,-53.1017,0
2828.25,-53.0061,-53.0061,0
2828.5,-52.9067,-52.9067,0
2828.75,-52.803,-52.803,0
2829,-52.6945,-52.6945,0
2829.25,-52.5806,-52.5806,0
2829.5,-52.4604,-52.4604,0
2829.75,-52.3331,-52.3331,0
2830,-52.1974,-52.1974,0
2830.25,-52.0518,-52.0518,0
2830.5,-51.8943,-51.8943,0
2830.75,-51.722,-51.722,0
2831,-51.5311,-51.5311,0
2831.25,-51.3158,-51.3158,0
2831.5,-51.0672,-51.0672,0
2831.75,-50.7704,-50.7704,0
2832,-50.3976,-50.3976,0
2832.25,-49.8879,-49.8879,0
2832.5,-49.0582,-49.0582,0
2832.75,-46.5759,-46.5759,0
2833,-2.09647,-2.09647,0
2833.25,11.1458,11.1458,0
2833.5,-4.69156,-4.69156,0
2833.75,-15.984,-15.984,0
2834,-25.4609,-25.4609,0
2834.25,-35.8926,-35.8926,0
2834.5,-45.3597,-45.3597,0
2834.75,-49.8114,-49.8114,0
2835,-51.6998,-51.6998,0
2835.25,-52.5964,-52.5964,0
2835.5,-53.042,-53.042,0
2835.75,-53.267,-53.267,0
2836,-53.3831,-53.3831,0
2836.25,-53.4479,-53.4479,0
2836.5,-53.4917,-53.4917,0
2836.75,-53.5303,-53.5303,0
2837,-53.5714,-53.5714,0
2837.25,-53.6186,-53.6186,0
2837.5,-53.6729,-53.6729,0
2837.75,-53.7342,-53.7342,0
2838,-53.8017,-53.8017,0
2838.25,-53.8743,-53.8743,0
2838.5,-53.9509,-53.9509,0
2838.75,-54.0303,-54.0303,0
2839,-54.1117,-54.1117,0
2839.25,-54.1942,-54.1942,0
2839.5,-54.2768,-54.2768,0
2839.75,-54.3591,-54.3591,0
2840,-54.4404,-54.4404,0
2840.25,-54.5204,-54.5204,0
2840.5,-54.5986,-54.5986,0
2840.75,-54.6747,-54.6747,0
2841,-54.7486,-54.7486,0
2841.25,-54.8201,-54.8201,0
2841.5,-54.8889,-54.8889,0
2841.75,-54.9551,-54.9551,0
2842,-55.0185,-55.0185,0
2842.25,-55.0791,-55.0791,0
2842.5,-55.1369,-55.1369,0
2842.75,-55.1919,-55.1919,0
2843,-55.2441,-55.2441,0
2843.25,-55.2935,-55.2935,0
2843.5,-55.3402,-55.3402,0
2843.75,-55.3841,-55.3841,0
2844,-55.4254,-55.4254,0
2844.25,-55.464,-55.464,0
2844.5,-55.5001,-55.5001,0
2844.75,-55.5336,-55.5336,0
2845,-55.5647,-55.5647,0
2845.25,-55.5934,-55.5934,0
2845.5,-55.6198,-55.6198,0
2845.75,-55.6439,-55.6439,0
2846,-55.6657,-55.6657,0
2846.25,-55.6854,-55.6854,0
2846.5,-55.703,-55.703,0
2846.75,-55.7185,-55.7185,0
2847,-55.732,-55.732,0
2847.25,-55.7435,-55.7435,0
2847.5,-55.7531,-55.7531,0
2847.75,-55.7609,-55.7609,0
2848,-55.7669,-55.7669,0
2848.25,-55.7712,-55.7712,0
2848.5,-55.7737,-55.7737,0
2848.75,-55.7745,-55.7745,0
2849,-55.7737,-55.7737,0
2849.25,-55.7714,-55.7714,0
2849.5,-55.7675,-55.7675,0
2849.75,-55.762,-55.762,0
2850,-55.7551,-55.7551,0
2850.25,-55.7468,-55.7468,0
2850.5,-55.737,-55.737,0
2850.75,-55.7259,-55.7259,0
2851,-55.7134,-55.7134,0
2851.25,-55.6997,-55.6997,0
2851.5,-55.6846,-55.6846,0
2851.75,-55.6682,-55.6682,0
2852,-55.6506,-55.6506,0
2852.25,-55.6318,-55.6318,0
2852.5,-55.6118,-55.6118,0
2852.75,-55.5906,-55.5906,0
2853,-55.5683,-55.5683,0
2853.25,-55.5448,-55.5448,0
2853.5,-55.5202,-55.5202,0
2853.75,-55.4945,-55.4945,0
2854,-55.4677,-55.4677,0
2854.25,-55.4398,-55.4398,0
2854.5,-55.4109,-55.4109,0
2854.75,-55.3809,-55.3809,0
2855,-55.3498,-55.3498,0
2855.25,-55.3178,-55.3178,0
2855.5,-55.2847,-55.2847,0
2855.75,-55.2505,-55.2505,0
2856,-55.2154,-55.2154,0
2856.25,-55.1792,-55.1792,0
2856.5,-55.142,-55.142,0
2856.75,-55.1038,-55.1038,0
2857,-55.0646,-55.0646,0
2857.25,-55.0244,-55.0244,0
2857.5,-54.9832,-54.9832,0
2857.75,-54.9409,-54.9409,0
2858,-54.8977,-54.8977,0
2858.25,-54.8533,-54.8533,0
2858.5,-54.808,-54.808,0
2858.75,-54.7616,-54.7616,0
2859,-54.7141,-54.7141,0
2859.25,-54.6656,-54.6656,0
2859.5,-54.6159,-54.6159,0
2859.75,-54.5651,-54.5651,0
2860,-54.5132,-54.5132,0
2860.25,-54.4602,-54.4602,0
2860.5,-54.4059,-54.4059,0
2860.75,-54.3504,-54.3504,0
2861,-54.2937,-54.2937,0
2861.25,-54.2356,-54.2356,0
2861.5,-54.1763,-54.1763,0
2861.75,-54.1155,-54.1155,0
2862,-54.0534,-54.0534,0
2862.25,-53.9897,-53.9897,0
2862.5,-53.9245,-53.9245,0
2862.75,-53.8576,-53.8576,0
2863,-53.7891,-53.7891,0
2863.25,-53.7187,-53.7187,0
2863.5,-53.6465,-53.6465,0
2863.75,-53.5723,-53.5723,0
2864,-53.4959,-53.4959,0
2864.25,-53.4173,-53.4173,0
2864.5,-53.3363,-53.3363,0
2864.75,-53.2527,-53.2527,0
2865,-53.1662,-53.1662,0
2865.25,-53.0767,-53.0767,0
2865.5,-52.9838,-52.9838,0
2865.75,-52.8873,-52.8873,0
2866,-52.7867,-52.7867,0
2866.25,-52.6816,-52.6816,0
2866.5,-52.5714,-52.5714,0
2866.75,-52.4555,-52.4555,0
2867,-52.333,-52.333,0
2867.25,-52.2029,-52.2029,0
2867.5,-52.0639,-52.0639,0
2867.75,-51.9142,-51.9142,0
2868,-51.7515,-51.7515,0
2868.25,-51.5727,-51.5727,0
2868.5,-51.3733,-51.3733,0
2868.75,-51.1463,-51.1463,0
2869,-50.8811,-50.8811,0
2869.25,-50.5588,-50.5588,0
2869.5,-50.1422,-50.1422,0
2869.75,-49.5407,-49.5407,0
2870,-48.4131,-48.4131,0
2870.25,-41.0664,-41.0664,0
2870.5,20.1459,20.1459,0
2870.75,4.05739,4.05739,0
2871,-9.63996,-9.63996,0
2871.25,-19.8071,-19.8071,0
2871.5,-29.3894,-29.3894,0
2871.75,-40.1604,-40.1604,0
2872,-47.609,-47.609,0
2872.25,-50.719,-50.719,0
2872.5,-52.1034,-52.1034,0
2872.75,-52.7738,-52.7738,0
2873,-53.1067,-53.1067,0
2873.25,-53.2731,-53.2731,0
2873.5,-53.3582,-53.3582,0
2873.75,-53.4065,-53.4065,0
2874,-53.4414,-53.4414,0
2874.25,-53.4748,-53.4748,0
2874.5,-53.5126,-53.5126,0
2874.75,-53.5571,-53.5571,0
2875,-53.6089,-53.6089,0
2875.25,-53.6674,-53.6674,0
2875.5,-53.7318,-53.7318,0
2875.75,-53.8009,-53.8009,0
2876,-53.8736,-53.8736,0
2876.25,-53.949,-53.949,0
2876.5,-54.026,-54.026,0
2876.75,-54.1038,-54.1038,0
2877,-54.1817,-54.1817,0
2877.25,-54.2591,-54.2591,0
2877.5,-54.3355,-54.3355,0
2877.75,-54.4105,-54.4105,0
2878,-54.4837,-54.4837,0
2878.25,-54.5549,-54.5549,0
2878.5,-54.6239,-54.6239,0
2878.75,-54.6905,-54.6905,0
2879,-54.7545,-54.7545,0
2879.25,-54.816,-54.816,0
2879.5,-54.8747,-54.8747,0
2879.75,-54.9308,-54.9308,0
2880,-54.9842,-54.9842,0
2880.25,-55.0348,-55.0348,0
2880.5,-55.0827,-55.0827,0
2880.75,-55.1279,-55.1279,0
2881,-55.1704,-55.1704,0
2881.25,-55.2104,-55.2104,0
2881.5,-55.2477,-55.2477,0
2881.75,-55.2825,-55.2825,0
2882,-55.3149,-55.3149,0
2882.25,-55.3447,-55.3447,0
2882.5,-55.3723,-55.3723,0
2882.75,-55.3974,-55.3974,0
2883,-55.4204,-55.4204,0
2883.25,-55.4411,-55.4411,0
2883.5,-55.4596,-55.4596,0
2883.75,-55.476,-55.476,0
2884,-55.4904,-55.4904,0
2884.25,-55.5028,-55.5028,0
2884.5,-55.5132,-55.5132,0
2884.75,-55.5217,-55.5217,0
2885,-55.5284,-55.5284,0
2885.25,-55.5332,-55.5332,0
2885.5,-55.5363,-55.5363,0
2885.75,-55.5377,-55.5377,0
2886,-55.5374,-55.5374,0
2886.25,-55.5354,-55.5354,0
2886.5,-55.5318,-55.5318,0
2886.75,-55.5267,-55.5267,0
2887,-55.5201,-55.5201,0
2887.25,-55.512,-55.512,0
2887.5,-55.5024,-55.5024,0
2887.75,-55.4914,-55.4914,0
2888,-55.4789,-55.4789,0
2888.25,-55.4652,-55.4652,0
2888.5,-55.45,-55.45,0
2888.75,-55.4336,-55.4336,0
2889,-55.4159,-55.4159,0
2889.25,-55.3969,-55.3969,0
2889.5,-55.3766,-55.3766,0
2889.75,-55.3551,-55.3551,0
2890,-55.3324,-55.3324,0
2890.25,-55.3086,-55.3086,0
2890.5,-55.2835,-55.2835,0
2890.75,-55.2573,-55.2573,0
2891,-55.23,-55.23,0
2891.25,-55.2015,-55.2015,0
2891.5,-55.1719,-55.1719,0
2891.75,-55.1411,-55.1411,0
2892,-55.1093,-55.1093,0
2892.25,-55.0764,-55.0764,0
2892.5,-55.0424,-55.0424,0
2892.75,-55.0073,-55.0073,0
2893,-54.9711,-54.9711,0
2893.25,-54.9338,-54.9338,0
2893.5,-54.8955,-54.8955,0
2893.75,-54.8561,-54.8561,0
2894,-54.8156,-54.8156,0
2894.25,-54.774,-54.774,0
2894.5,-54.7313,-54.7313,0
2894.75,-54.6875,-54.6875,0
2895,-54.6426,-54.6426,0
2895.25,-54.5965,-54.5965,0
2895.5,-54.5494,-54.5494,0
2895.75,-54.501,-54.501,0
2896,-54.4516,-54.4516,0
2896.25,-54.4009,-54.4009,0
2896.5,-54.349,-54.349,0
2896.75,-54.2958,-54.2958,0
2897,-54.2414,-54.2414,0
2897.25,-54.1857,-54.1857,0
2897.5,-54.1286,-54.1286,0
2897.75,-54.0702,-54.0702,0
2898,-54.0103,-54.0103,0
2898.25,-53.9489,-53.9489,0
2898.5,-53.886,-53.886,0
2898.75,-53.8215,-53.8215,0
2899,-53.7554,-53.7554,0
2899.25,-53.6875,-53.6875,0
2899.5,-53.6177,-53.6177,0
2899.75,-53.546,-53.546,0
2900,-53.4722,-53.4722,0
2900.25,-53.3963,-53.3963,0
2900.5,-53.318,-53.318,0
2900.75,-53.2373,-53.2373,0
2901,-53.1539,-53.1539,0
2901.25,-53.0676,-53.0676,0
2901.5,-52.9782,-52.9782,0
2901.75,-52.8853,-52.8853,0
2902,-52.7887,-52.7887,0
2902.25,-52.688,-52.688,0
2902.5,-52.5826,-52.5826,0
2902.75,-52.472,-52.472,0
2903,-52.3556,-52.3556,0
2903.25,-52.2324,-52.2324,0
2903.5,-52.1013,-52.1013,0
2903.75,-51.9611,-51.9611,0
2904,-51.8098,-51.8098,0
2904.25,-51.6451,-51.6451,0
2904.5,-51.4636,-51.4636,0
2904.75,-51.2605,-51.2605,0
2905,-51.0284,-51.0284,0
2905.25,-50.7555,-50.7555,0
2905.5,-50.4209,-50.4209,0
2905.75,-49.9817,-49.9817,0
2906,-49.3283,-49.3283,0
2906.25,-47.9828,-47.9828,0
2906.5,-36.0295,-36.0295,0
2906.75,18.3823,18.3823,0
2907,1.265,1.265,0
2907.25,-11.5776,-11.5776,0
2907.5,-21.3982,-21.3982,0
2907.75,-31.147,-31.147,0
2908,-41.8127,-41.8127,0
2908.25,-48.3309,-48.3309,0
2908.5,-51.0095,-51.0095,0
2908.75,-52.2221,-52.2221,0
2909,-52.8106,-52.8106,0
2909.25,-53.1005,-53.1005,0
2909.5,-53.243,-53.243,0
2909.75,-53.314,-53.314,0
2910,-53.3535,-53.3535,0
2910.25,-53.3822,-53.3822,0
2910.5,-53.4108,-53.4108,0
2910.75,-53.4444,-53.4444,0
2911,-53.485,-53.485,0
2911.25,-53.5327,-53.5327,0
2911.5,-53.5872,-53.5872,0
2911.75,-53.6473,-53.6473,0
2912,-53.7121,-53.7121,0
2912.25,-53.7805,-53.7805,0
2912.5,-53.8514,-53.8514,0
2912.75,-53.9239,-53.9239,0
2913,-53.9971,-53.9971,0
2913.25,-54.0705,-54.0705,0
2913.5,-54.1434,-54.1434,0
2913.75,-54.2153,-54.2153,0
2914,-54.2859,-54.2859,0
2914.25,-54.3548,-54.3548,0
2914.5,-54.4217,-54.4217,0
2914.75,-54.4864,-54.4864,0
2915,-54.5489,-54.5489,0
2915.25,-54.6089,-54.6089,0
2915.5,-54.6664,-54.6664,0
2915.75,-54.7213,-54.7213,0
2916,-54.7736,-54.7736,0
2916.25,-54.8233,-54.8233,0
2916.5,-54.8703,-54.8703,0
2916.75,-54.9147,-54.9147,0
2917,-54.9564,-54.9564,0
2917.25,-54.9956,-54.9956,0
2917.5,-55.0323,-55.0323,0
2917.75,-55.0664,-55.0664,0
2918,-55.0981,-55.0981,0
2918.25,-55.1273,-55.1273,0
2918.5,-55.1542,-55.1542,0
2918.75,-55.1787,-55.1787,0
2919,-55.201,-55.201,0
2919.25,-55.2211,-55.2211,0
2919.5,-55.239,-55.239,0
2919.75,-55.2548,-55.2548,0
2920,-55.2685,-55.2685,0
2920.25,-55.2803,-55.2803,0
2920.5,-55.29,-55.29,0
2920.75,-55.2979,-55.2979,0
2921,-55.3038,-55.3038,0
2921.25,-55.308,-55.308,0
2921.5,-55.3103,-55.3103,0
2921.75,-55.3109,-55.3109,0
2922,-55.3099,-55.3099,0
2922.25,-55.3071,-55.3071,0
2922.5,-55.3028,-55.3028,0
2922.75,-55.2968,-55.2968,0
2923,-55.2893,-55.2893,0
2923.25,-55.2803,-55.2803,0
2923.5,-55.2698,-55.2698,0
2923.75,-55.2579,-55.2579,0
2924,-55.2445,-55.2445,0
2924.25,-55.2298,-55.2298,0
2924.5,-55.2136,-55.2136,0
2924.75,-55.1961,-55.1961,0
2925,-55.1773,-55.1773,0
2925.25,-55.1572,-55.1572,0
2925.5,-55.1358,-55.1358,0
2925.75,-55.1131,-55.1131,0
2926,-55.0892,-55.0892,0
2926.25,-55.064,-55.064,0
2926.5,-55.0377,-55.0377,0
2926.75,-55.0101,-55.0101,0
2927,-54.9814,-54.9814,0
2927.25,-54.9514,-54.9514,0
2927.5,-54.9203,-54.9203,0
2927.75,-54.888,-54.888,0
2928,-54.8546,-54.8546,0
2928.25,-54.82,-54.82,0
2928.5,-54.7843,-54.7843,0
2928.75,-54.7474,-54.7474,0
2929,-54.7093,-54.7093,0
2929.25,-54.6702,-54.6702,0
2929.5,-54.6298,-54.6298,0
2929.75,-54.5883,-54.5883,0
2930,-54.5457,-54.5457,0
2930.25,-54.5018,-54.5018,0
2930.5,-54.4568,-54.4568,0
2930.75,-54.4105,-54.4105,0
2931,-54.3631,-54.3631,0
2931.25,-54.3144,-54.3144,0
2931.5,-54.2645,-54.2645,0
2931.75,-54.2133,-54.2133,0
2932,-54.1607,-54.1607,0
2932.25,-54.1069,-54.1069,0
2932.5,-54.0517,-54.0517,0
2932.75,-53.995,-53.995,0
2933,-53.9369,-53.9369,0
2933.25,-53.8773,-53.8773,0
2933.5,-53.8162,-53.8162,0
2933.75,-53.7534,-53.7534,0
2934,-53.689,-53.689,0
2934.25,-53.6228,-53.6228,0
2934.5,-53.5548,-53.5548,0
2934.75,-53.4848,-53.4848,0
2935,-53.4128,-53.4128,0
2935.25,-53.3386,-53.3386,0
2935.5,-53.2622,-53.2622,0
2935.75,-53.1833,-53.1833,0
2936,-53.1017,-53.1017,0
2936.25,-53.0174,-53.0174,0
2936.5,-52.93,-52.93,0
2936.75,-52.8393,-52.8393,0
2937,-52.7449,-52.7449,0
2937.25,-52.6465,-52.6465,0
2937.5,-52.5437,-52.5437,0
2937.75,-52.4359,-52.4359,0
2938,-52.3225,-52.3225,0
2938.25,-52.2027,-52.2027,0
2938.5,-52.0756,-52.0756,0
2938.75,-51.9398,-51.9398,0
2939,-51.7937,-51.7937,0
2939.25,-51.6353,-51.6353,0
2939.5,-51.4616,-51.4616,0
2939.75,-51.2684,-51.2684,0
2940,-51.0496,-51.0496,0
2940.25,-50.7956,-50.7956,0
2940.5,-50.4898,-50.4898,0
2940.75,-50.1007,-50.1007,0
2941,-49.5555,-49.5555,0
2941.25,-48.613,-48.613,0
2941.5,-44.6375,-44.6375,0
2941.75,13.7967,13.7967,0
2942,7.68646,7.68646,0
2942.25,-6.97666,-6.97666,0
2942.5,-17.6304,-17.6304,0
2942.75,-27.0372,-27.0372,0
2943,-37.6482,-37.6482,0
2943.25,-46.3461,-46.3461,0
2943.5,-50.1683,-50.1683,0
2943.75,-51.8094,-51.8094,0
2944,-52.5878,-52.5878,0
2944.25,-52.9677,-52.9677,0
2944.5,-53.152,-53.152,0
2944.75,-53.2403,-53.2403,0
2945,-53.2841,-53.2841,0
2945.25,-53.3103,-53.3103,0
2945.5,-53.3331,-53.3331,0
2945.75,-53.3593,-53.3593,0
2946,-53.3918,-53.3918,0
2946.25,-53.4317,-53.4317,0
2946.5,-53.4786,-53.4786,0
2946.75,-53.5317,-53.5317,0
2947,-53.5899,-53.5899,0
2947.25,-53.6522,-53.6522,0
2947.5,-53.7175,-53.7175,0
2947.75,-53.7849,-53.7849,0
2948,-53.8535,-53.8535,0
2948.25,-53.9225,-53.9225,0
2948.5,-53.9914,-53.9914,0
2948.75,-54.0596,-54.0596,0
2949,-54.1267,-54.1267,0
2949.25,-54.1924,-54.1924,0
2949.5,-54.2563,-54.2563,0
2949.75,-54.3182,-54.3182,0
2950,-54.378,-54.378,0
2950.25,-54.4355,-54.4355,0
2950.5,-54.4905,-54.4905,0
2950.75,-54.5432,-54.5432,0
2951,-54.5933,-54.5933,0
2951.25,-54.6408,-54.6408,0
2951.5,-54.6858,-54.6858,0
2951.75,-54.7283,-54.7283,0
2952,-54.7682,-54.7682,0
2952.25,-54.8055,-54.8055,0
2952.5,-54.8404,-54.8404,0
2952.75,-54.8728,-54.8728,0
2953,-54.9028,-54.9028,0
2953.25,-54.9304,-54.9304,0
2953.5,-54.9557,-54.9557,0
2953.75,-54.9786,-54.9786,0
2954,-54.9994,-54.9994,0
2954.25,-55.0179,-55.0179,0
2954.5,-55.0343,-55.0343,0
2954.75,-55.0486,-55.0486,0
2955,-55.0609,-55.0609,0
2955.25,-55.0711,-55.0711,0
2955.5,-55.0794,-55.0794,0
2955.75,-55.0858,-55.0858,0
2956,-55.0903,-55.0903,0
2956.25,-55.093,-55.093,0
2956.5,-55.0939,-55.0939,0
2956.75,-55.093,-55.093,0
2957,-55.0905,-55.0905,0
2957.25,-55.0863,-55.0863,0
2957.5,-55.0805,-55.0805,0
2957.75,-55.0731,-55.0731,0
2958,-55.0641,-55.0641,0
2958.25,-55.0536,-55.0536,0
2958.5,-55.0416,-55.0416,0
2958.75,-55.0281,-55.0281,0
2959,-55.0131,-55.0131,0
2959.25,-54.9968,-54.9968,0
2959.5,-54.9791,-54.9791,0
2959.75,-54.96,-54.96,0
2960,-54.9395,-54.9395,0
2960.25,-54.9177,-54.9177,0
2960.5,-54.8946,-54.8946,0
2960.75,-54.8702,-54.8702,0
2961,-54.8445,-54.8445,0
2961.25,-54.8175,-54.8175,0
2961.5,-54.7893,-54.7893,0
2961.75,-54.7599,-54.7599,0
2962,-54.7292,-54.7292,0
2962.25,-54.6973,-54.6973,0
2962.5,-54.6641,-54.6641,0
2962.75,-54.6297,-54.6297,0
2963,-54.5942,-54.5942,0
2963.25,-54.5574,-54.5574,0
2963.5,-54.5193,-54.5193,0
2963.75,-54.4801,-54.4801,0
2964,-54.4396,-54.4396,0
2964.25,-54.3979,-54.3979,0
2964.5,-54.355,-54.355,0
2964.75,-54.3108,-54.3108,0
2965,-54.2654,-54.2654,0
2965.25,-54.2186,-54.2186,0
2965.5,-54.1706,-54.1706,0
2965.75,-54.1213,-54.1213,0
2966,-54.0706,-54.0706,0
2966.25,-54.0185,-54.0185,0
2966.5,-53.965,-53.965,0
2966.75,-53.9101,-53.9101,0
2967,-53.8537,-53.8537,0
2967.25,-53.7958,-53.7958,0
2967.5,-53.7363,-53.7363,0
2967.75,-53.6751,-53.6751,0
2968,-53.6123,-53.6123,0
2968.25,-53.5477,-53.5477,0
2968.5,-53.4812,-53.4812,0
2968.75,-53.4128,-53.4128,0
2969,-53.3424,-53.3424,0
2969.25,-53.2698,-53.2698,0
2969.5,-53.1949,-53.1949,0
2969.75,-53.1176,-53.1176,0
2970,-53.0377,-53.0377,0
2970.25,-52.955,-52.955,0
2970.5,-52.8693,-52.8693,0
2970.75,-52.7803,-52.7803,0
2971,-52.6877,-52.6877,0
2971.25,-52.5913,-52.5913,0
2971.5,-52.4905,-52.4905,0
2971.75,-52.3848,-52.3848,0
2972,-52.2737,-52.2737,0
2972.25,-52.1565,-52.1565,0
2972.5,-52.0322,-52.0322,0
2972.75,-51.8996,-51.8996,0
2973,-51.7572,-51.7572,0
2973.25,-51.6032,-51.6032,0
2973.5,-51.4347,-51.4347,0
2973.75,-51.2482,-51.2482,0
2974,-51.038,-51.038,0
2974.25,-50.7958,-50.7958,0
2974.5,-50.5074,-50.5074,0
2974.75,-50.147,-50.147,0
2975,-49.6581,-49.6581,0
2975.25,-48.8766,-48.8766,0
2975.5,-46.7405,-46.7405,0
2975.75,-14.0475,-14.0475,0
2976,12.5213,12.5213,0
2976.25,-3.41419,-3.41419,0
2976.5,-14.9002,-14.9002,0
2976.75,-24.3286,-24.3286,0
2977,-34.5178,-34.5178,0
2977.25,-44.4431,-44.4431,0
2977.5,-49.39,-49.39,0
2977.75,-51.4396,-51.4396,0
2978,-52.3895,-52.3895,0
2978.25,-52.849,-52.849,0
2978.5,-53.0701,-53.0701,0
2978.75,-53.1738,-53.1738,0
2979,-53.2216,-53.2216,0
2979.25,-53.2461,-53.2461,0
2979.5,-53.264,-53.264,0
2979.75,-53.2839,-53.2839,0
2980,-53.3097,-53.3097,0
2980.25,-53.3427,-53.3427,0
2980.5,-53.3829,-53.3829,0
2980.75,-53.4296,-53.4296,0
2981,-53.4818,-53.4818,0
2981.25,-53.5385,-53.5385,0
2981.5,-53.5985,-53.5985,0
2981.75,-53.661,-53.661,0
2982,-53.7249,-53.7249,0
2982.25,-53.7897,-53.7897,0
2982.5,-53.8545,-53.8545,0
2982.75,-53.9189,-53.9189,0
2983,-53.9824,-53.9824,0
2983.25,-54.0447,-54.0447,0
2983.5,-54.1054,-54.1054,0
2983.75,-54.1643,-54.1643,0
2984,-54.2212,-54.2212,0
2984.25,-54.2759,-54.2759,0
2984.5,-54.3283,-54.3283,0
2984.75,-54.3784,-54.3784,0
2985,-54.426,-54.426,0
2985.25,-54.4712,-54.4712,0
2985.5,-54.5139,-54.5139,0
2985.75,-54.5542,-54.5542,0
2986,-54.5919,-54.5919,0
2986.25,-54.6272,-54.6272,0
2986.5,-54.66,-54.66,0
2986.75,-54.6905,-54.6905,0
2987,-54.7185,-54.7185,0
2987.25,-54.7442,-54.7442,0
2987.5,-54.7676,-54.7676,0
2987.75,-54.7888,-54.7888,0
2988,-54.8077,-54.8077,0
2988.25,-54.8245,-54.8245,0
2988.5,-54.8392,-54.8392,0
2988.75,-54.8517,-54.8517,0
2989,-54.8623,-54.8623,0
2989.25,-54.8708,-54.8708,0
2989.5,-54.8774,-54.8774,0
2989.75,-54.8821,-54.8821,0
2990,-54.885,-54.885,0
2990.25,-54.886,-54.886,0
2990.5,-54.8853,-54.8853,0
2990.75,-54.8828,-54.8828,0
2991,-54.8786,-54.8786,0
2991.25,-54.8728,-54.8728,0
2991.5,-54.8653,-54.8653,0
2991.75,-54.8562,-54.8562,0
2992,-54.8456,-54.8456,0
2992.25,-54.8334,-54.8334,0
2992.5,-54.8197,-54.8197,0
2992.75,-54.8045,-54.8045,0
2993,-54.7878,-54.7878,0
2993.25,-54.7697,-54.7697,0
2993.5,-54.7502,-54.7502,0
2993.75,-54.7293,-54.7293,0
2994,-54.707,-54.707,0
2994.25,-54.6834,-54.6834,0
2994.5,-54.6584,-54.6584,0
2994.75,-54.632,-54.632,0
2995,-54.6044,-54.6044,0
2995.25,-54.5754,-54.5754,0
2995.5,-54.5452,-54.5452,0
2995.75,-54.5136,-54.5136,0
2996,-54.4808,-54.4808,0
2996.25,-54.4467,-54.4467,0
2996.5,-54.4113,-54.4113,0
2996.75,-54.3746,-54.3746,0
2997,-54.3366,-54.3366,0
2997.25,-54.2973,-54.2973,0
2997.5,-54.2568,-54.2568,0
2997.75,-54.2149,-54.2149,0
2998,-54.1718,-54.1718,0
2998.25,-54.1273,-54.1273,0
2998.5,-54.0814,-54.0814,0
2998.75,-54.0342,-54.0342,0
2999,-53.9856,-53.9856,0
2999.25,-53.9356,-53.9356,0
2999.5,-53.8842,-53.8842,0
2999.75,-53.8313,-53.8313,0
3000,-53.7769,-53.7769,0
