# t_s,ankle_deg,vF_mV,vE_mV,f_DF_Hz,u_DF,f_PF_Hz,u_PF
0.000150,18.891492,13.455555,10.154210,0.000000,0.000000,0.000000,0.000000
0.000300,18.821129,13.610404,10.308040,0.000000,0.000000,0.000000,0.000000
0.000450,18.707114,13.764537,10.461479,0.000000,0.000000,0.000000,0.000000
0.000600,18.554106,13.917944,10.614510,0.000000,0.000000,0.000000,0.000000
0.000750,18.368223,14.070618,10.767122,0.000000,0.000000,0.000000,0.000000
0.000900,18.156680,14.222547,10.919300,0.000000,0.000000,0.000000,0.000000
0.001050,17.927289,14.373724,11.071032,0.000000,0.000000,0.000000,0.000000
0.001200,17.687923,14.524140,11.222303,0.000000,0.000000,0.000000,0.000000
0.001350,17.446092,14.673785,11.373101,0.000000,0.000000,0.000000,0.000000
0.001500,17.208658,14.822651,11.523413,0.000000,0.000000,0.000000,0.000000
0.001650,16.981639,14.970729,11.673226,0.000000,0.000000,0.000000,0.000000
0.001800,16.770102,15.118011,11.822527,0.000000,0.000000,0.000000,0.000000
0.001950,16.578120,15.264489,11.971305,0.000000,0.000000,0.000000,0.000000
0.002100,16.408782,15.410154,12.119546,0.000000,0.000000,0.000000,0.000000
0.002250,16.264241,15.554999,12.267238,0.000000,0.000000,0.000000,0.000000
0.002400,16.145791,15.699015,12.414370,0.000000,0.000000,0.000000,0.000000
0.002550,16.053952,15.842195,12.560929,0.000000,0.000000,0.000000,0.000000
0.002700,15.988561,15.984532,12.706905,0.000000,0.000000,0.000000,0.000000
0.002850,15.948862,16.126018,12.852286,0.000000,0.000000,0.000000,0.000000
0.003000,15.933593,16.266645,12.997060,0.000000,0.000000,0.000000,0.000000
0.003150,15.941061,16.406407,13.141216,0.000000,0.000000,0.000000,0.000000
0.003300,15.969215,16.545298,13.284745,0.000000,0.000000,0.000000,0.000000
0.003450,16.015709,16.683310,13.427635,0.000000,0.000000,0.000000,0.000000
0.003600,16.077960,16.820437,13.569875,0.000000,0.000000,0.000000,0.000000
0.003750,16.153197,16.956673,13.711456,0.000000,0.000000,0.000000,0.000000
0.003900,16.238486,17.092011,13.852368,0.000000,0.000000,0.000000,0.000000
0.004050,16.330731,17.226447,13.992601,0.000000,0.000000,0.000000,0.000000
0.004200,16.426727,17.359973,14.132145,0.000000,0.000000,0.000000,0.000000
0.004350,16.523221,17.492586,14.270991,0.000000,0.000000,0.000000,0.000000
0.004500,16.616981,17.624278,14.409130,0.000000,0.000000,0.000000,0.000000
0.004650,16.704870,17.755046,14.546553,0.000000,0.000000,0.000000,0.000000
0.004800,16.783930,17.884884,14.683251,0.000000,0.000000,0.000000,0.000000
0.004950,16.851474,18.013787,14.819216,0.000000,0.000000,0.000000,0.000000
0.005100,16.905169,18.141752,14.954439,0.000000,0.000000,0.000000,0.000000
0.005250,16.943113,18.268772,15.088913,0.000000,0.000000,0.000000,0.000000
0.005400,16.963900,18.394845,15.222629,0.000000,0.000000,0.000000,0.000000
0.005550,16.966666,18.519966,15.355580,0.000000,0.000000,0.000000,0.000000
0.005700,16.951121,18.644132,15.487759,0.000000,0.000000,0.000000,0.000000
0.005850,16.917551,18.767337,15.619157,0.000000,0.000000,0.000000,0.000000
0.006000,16.866811,18.889580,15.749769,0.000000,0.000000,0.000000,0.000000
0.006150,16.800283,19.010856,15.879587,0.000000,0.000000,0.000000,0.000000
0.006300,16.719827,19.131163,16.008604,0.000000,0.000000,0.000000,0.000000
0.006450,16.627708,19.250497,16.136815,0.000000,0.000000,0.000000,0.000000
0.006600,16.526517,19.368856,16.264212,0.000000,0.000000,0.000000,0.000000
0.006750,16.419081,19.486236,16.390791,0.000000,0.000000,0.000000,0.000000
0.006900,16.308356,19.602636,16.516544,0.000000,0.000000,0.000000,0.000000
0.007050,16.197312,19.718052,16.641467,0.000000,0.000000,0.000000,0.000000
0.007200,16.088819,19.832482,16.765553,0.000000,0.000000,0.000000,0.000000
0.007350,15.985513,19.945926,16.888798,0.000000,0.000000,0.000000,0.000000
0.007500,15.889662,20.058379,17.011197,0.000000,0.000000,0.000000,0.000000
0.007650,15.803121,20.169842,17.132744,0.000000,0.000000,0.000000,0.000000
0.007800,15.727323,20.280311,17.253435,0.000000,0.000000,0.000000,0.000000
0.007950,15.663281,20.389786,17.373265,0.000000,0.000000,0.000000,0.000000
0.008100,15.611610,20.498264,17.492230,0.000000,0.000000,0.000000,0.000000
0.008250,15.572549,20.605746,17.610326,0.000000,0.000000,0.000000,0.000000
0.008400,15.545997,20.712230,17.727548,6.666667,0.000000,0.000000,0.000000
0.008550,15.531544,20.817714,17.843894,13.313333,0.000000,0.000000,0.000000
0.008700,15.528512,20.922198,17.959358,19.940060,0.000000,0.000000,0.000000
0.008850,15.535986,21.025682,18.073938,19.880240,0.000000,0.000000,0.000000
0.009000,15.552856,21.128164,18.187631,19.820599,0.000000,0.000000,0.000000
0.009150,15.577849,21.229644,18.300432,19.761137,0.000000,0.000000,0.000000
0.009300,15.609566,21.330123,18.412340,19.701854,0.000000,0.000000,0.000000
0.009450,15.646496,21.429599,18.523350,19.642748,0.000000,0.000000,0.000000
0.009600,15.687044,21.528072,18.633461,19.583820,0.000000,0.000000,0.000000
0.009750,15.729559,21.625543,18.742670,19.525069,0.000000,0.000000,0.000000
0.009900,15.772376,21.722012,18.850975,19.466493,0.000000,0.000000,0.000000
0.010050,15.813853,21.817479,18.958372,19.408094,0.000000,0.000000,0.000000
0.010200,15.852407,21.911944,19.064861,19.349870,0.000000,0.000000,0.000000
0.010350,15.886561,22.005408,19.170438,19.291820,0.000000,0.000000,0.000000
0.010500,15.914981,22.097871,19.275103,19.233945,0.000000,0.000000,0.000000
0.010650,15.936512,22.189335,19.378853,19.176243,0.000000,0.000000,0.000000
0.010800,15.950218,22.279799,19.481687,19.118714,0.000000,0.000000,0.000000
0.010950,15.955406,22.369265,19.583604,19.061358,0.000000,0.000000,0.000000
0.011100,15.951643,22.457733,19.684601,19.004174,0.000000,0.000000,0.000000
0.011250,15.938776,22.545206,19.784679,18.947161,0.000000,0.000000,0.000000
0.011400,15.916927,22.631683,19.883836,18.890320,0.000000,0.000000,0.000000
0.011550,15.886491,22.717166,19.982070,18.833649,0.000000,0.000000,0.000000
0.011700,15.848116,22.801657,20.079382,18.777148,0.000000,0.000000,0.000000
0.011850,15.802686,22.885157,20.175770,18.720816,0.000000,0.000000,0.000000
0.012000,15.751280,22.967668,20.271234,18.664654,0.000000,0.000000,0.000000
0.012150,15.695135,23.049190,20.365773,18.608660,0.000000,0.000000,0.000000
0.012300,15.635598,23.129727,20.459387,18.552834,0.000000,0.000000,0.000000
0.012450,15.574072,23.209279,20.552077,18.497176,0.000000,0.000000,0.000000
0.012600,15.511954,23.287848,20.643841,18.441684,0.000000,0.000000,0.000000
0.012750,15.450575,23.365437,20.734679,18.386359,0.000000,0.000000,0.000000
0.012900,15.391139,23.442048,20.824593,18.331200,0.000000,0.000000,0.000000
0.013050,15.334698,23.517682,20.913581,18.276206,0.000000,0.000000,0.000000
0.013200,15.282135,23.592341,21.001645,18.221378,0.000000,0.000000,0.000000
0.013350,15.234164,23.666029,21.088784,18.166714,0.000000,0.000000,0.000000
0.013500,15.191319,23.738747,21.175000,18.112213,0.000000,0.000000,0.000000
0.013650,15.153965,23.810497,21.260292,18.057877,0.000000,0.000000,0.000000
0.013800,15.122298,23.881283,21.344662,18.003703,0.000000,0.000000,0.000000
0.013950,15.096356,23.951106,21.428110,17.949692,0.000000,0.000000,0.000000
0.014100,15.076034,24.019969,21.510637,17.895843,0.000000,0.000000,0.000000
0.014250,15.061092,24.087875,21.592244,17.842155,0.000000,0.000000,0.000000
0.014400,15.051178,24.154827,21.672932,17.788629,0.111111,0.000000,0.000000
0.014550,15.045893,24.220827,21.752702,17.735263,0.221889,0.000000,0.000000
0.014700,15.044820,24.285879,21.831556,17.682057,0.289952,0.000000,0.000000
0.014850,15.047547,24.349984,21.909494,17.629011,0.289082,0.000000,0.000000
0.015000,15.053634,24.413147,21.986519,17.576124,0.288215,0.000000,0.000000
0.015150,15.062589,24.475370,22.062631,17.523396,0.287350,0.000000,0.000000
0.015300,15.073854,24.536655,22.137832,17.470826,0.286488,0.000000,0.000000
0.015450,15.086825,24.597007,22.212124,17.418413,0.285628,0.000000,0.000000
0.015600,15.100862,24.656429,22.285508,17.366158,0.284772,0.000000,0.000000
0.015750,15.115314,24.714923,22.357986,17.314059,0.283917,0.000000,0.000000
0.015900,15.129535,24.772493,22.429561,17.262117,0.283066,0.000000,0.000000
0.016050,15.142900,24.829142,22.500233,17.210331,0.282216,0.000000,0.000000
0.016200,15.154832,24.884874,22.570005,17.158700,0.281370,0.000000,0.000000
0.016350,15.164807,24.939692,22.638879,17.107224,0.280526,0.000000,0.000000
0.016500,15.172380,24.993600,22.706856,17.055902,0.279684,0.000000,0.000000
0.016650,15.177188,25.046601,22.773940,17.004734,0.278845,0.000000,0.000000
0.016800,15.178970,25.098698,22.840133,16.953720,0.278008,0.000000,0.000000
0.016950,15.177567,25.149895,22.905436,16.902859,0.277174,0.000000,0.000000
0.017100,15.172932,25.200197,22.969851,16.852150,0.276343,0.000000,0.000000
0.017250,15.165126,25.249606,23.033383,16.801594,0.275514,0.000000,0.000000
0.017400,15.154319,25.298126,23.096032,16.751189,0.274687,0.000000,0.000000
0.017550,15.140783,25.345761,23.157801,16.700936,0.273863,0.000000,0.000000
0.017700,15.124883,25.392515,23.218694,16.650833,0.273042,0.000000,0.000000
0.017850,15.107066,25.438392,23.278712,16.600880,0.272223,0.000000,0.000000
0.018000,15.087845,25.483395,23.337859,16.551078,0.271406,0.000000,0.000000
0.018150,15.067782,25.527528,23.396136,16.501424,0.270592,0.000000,0.000000
0.018300,15.047473,25.570796,23.453547,16.451920,0.269780,0.000000,0.000000
0.018450,15.027527,25.613203,23.510095,16.402564,0.268971,0.000000,0.000000
0.018600,15.008547,25.654751,23.565783,16.353357,0.268164,0.000000,0.000000
0.018750,14.991109,25.695447,23.620613,16.304297,0.267359,0.000000,0.000000
0.018900,14.975749,25.735292,23.674588,16.255384,0.266557,0.000000,0.000000
0.019050,14.962939,25.774292,23.727712,16.206618,0.265757,0.000000,0.000000
0.019200,14.953077,25.812451,23.779988,16.157998,0.264960,0.000000,0.000000
0.019350,14.946472,25.849773,23.831418,16.109524,0.264165,0.000000,0.000000
0.019500,14.943334,25.886262,23.882006,16.061195,0.263373,0.000000,0.000000
0.019650,14.943771,25.921921,23.931755,16.013012,0.262583,0.000000,0.000000
0.019800,14.947778,25.956757,23.980668,15.964973,0.261795,0.000000,0.000000
0.019950,14.955243,25.990772,24.028749,15.917078,0.261009,0.000000,0.000000
0.020100,14.965951,26.023971,24.076001,15.869326,0.260226,0.000000,0.000000
0.020250,14.979583,26.056358,24.122427,15.821718,0.259446,0.000000,0.000000
0.020400,14.995736,26.087938,24.168031,15.774253,0.258667,0.000000,0.000000
0.020550,15.013930,26.118715,24.212815,15.726930,0.257891,0.000000,0.000000
0.020700,15.033624,26.148693,24.256784,15.679750,0.257118,0.000000,0.000000
0.020850,15.054236,26.177877,24.299941,15.632710,0.256346,0.000000,0.000000
0.021000,15.075160,26.206271,24.342290,15.585812,0.255577,0.000000,0.000000
0.021150,15.095787,26.233879,24.383834,15.539055,0.254811,0.000000,0.000000
0.021300,15.115527,26.260707,24.424576,15.492438,0.254046,0.000000,0.000000
0.021450,15.133827,26.286758,24.464520,15.445960,0.253284,0.000000,0.000000
0.021600,15.150189,26.312036,24.503671,15.399623,0.252524,0.000000,0.000000
0.021750,15.164192,26.336547,24.542031,15.353424,0.251767,0.000000,0.000000
0.021900,15.175500,26.360295,24.579604,15.307363,0.251011,0.000000,0.000000
0.022050,15.183879,26.383284,24.616394,15.261441,0.250258,0.000000,0.000000
0.022200,15.189205,26.405519,24.652405,15.215657,0.249508,0.000000,0.000000
0.022350,15.191463,26.427004,24.687641,15.170010,0.248759,0.000000,0.000000
0.022500,15.190755,26.447745,24.722104,15.124500,0.248013,0.000000,0.000000
0.022650,15.187291,26.467745,24.755800,15.079126,0.247269,0.000000,0.000000
0.022800,15.181382,26.487009,24.788732,15.033889,0.246527,0.000000,0.000000
0.022950,15.173431,26.505541,24.820904,14.988787,0.245787,0.000000,0.000000
0.023100,15.163916,26.523347,24.852320,14.943821,0.245050,0.000000,0.000000
0.023250,15.153373,26.540431,24.882983,14.898990,0.244315,0.000000,0.000000
0.023400,15.142376,26.556797,24.912898,14.854293,0.243582,0.000000,0.000000
0.023550,15.131519,26.572450,24.942068,14.809730,0.242851,0.000000,0.000000
0.023700,15.121389,26.587395,24.970498,14.765301,0.242123,0.000000,0.000000
0.023850,15.112549,26.601636,24.998191,14.721005,0.241396,0.000000,0.000000
0.024000,15.105517,26.615177,25.025152,14.676842,0.240672,0.000000,0.000000
0.024150,15.100744,26.628025,25.051384,14.632811,0.239950,0.000000,0.000000
0.024300,15.098600,26.640183,25.076892,14.588913,0.239230,0.000000,0.000000
0.024450,15.099360,26.651655,25.101680,14.545146,0.238512,0.000000,0.000000
0.024600,15.103194,26.662447,25.125751,14.501511,0.237797,0.000000,0.000000
0.024750,15.110159,26.672563,25.149109,14.458006,0.237084,0.000000,0.000000
0.024900,15.120200,26.682008,25.171760,14.414632,0.236372,0.000000,0.000000
0.025050,15.133149,26.690786,25.193707,14.371388,0.235663,0.000000,0.000000
0.025200,15.148733,26.698902,25.214953,14.328274,0.234956,0.000000,0.000000
0.025350,15.166583,26.706361,25.235504,14.285289,0.234251,0.000000,0.000000
0.025500,15.186248,26.713167,25.255362,14.242433,0.233549,0.000000,0.000000
0.025650,15.207212,26.719325,25.274534,14.199706,0.232848,0.000000,0.000000
0.025800,15.228915,26.724840,25.293022,14.157107,0.232149,0.000000,0.000000
0.025950,15.250771,26.729716,25.310830,14.114635,0.231453,0.000000,0.000000
0.026100,15.272195,26.733958,25.327963,14.072292,0.230759,0.000000,0.000000
0.026250,15.292620,26.737570,25.344426,14.030075,0.230066,0.000000,0.000000
0.026400,15.311524,26.740558,25.360222,13.987984,0.229376,0.000000,0.000000
0.026550,15.328447,26.742925,25.375355,13.946021,0.228688,0.000000,0.000000
0.026700,15.343012,26.744677,25.389829,13.904182,0.228002,0.000000,0.000000
0.026850,15.354937,26.745818,25.403650,13.862470,0.227318,0.000000,0.000000
0.027000,15.364049,26.746353,25.416820,13.820883,0.226636,0.000000,0.000000
0.027150,15.370287,26.746286,25.429345,13.779420,0.225956,0.000000,0.000000
0.027300,15.373709,26.745622,25.441228,13.738082,0.225278,0.000000,0.000000
0.027450,15.374485,26.744366,25.452474,13.696867,0.224602,0.000000,0.000000
0.027600,15.372894,26.742521,25.463087,13.655777,0.223928,0.000000,0.000000
0.027750,15.369310,26.740094,25.473071,13.614809,0.223257,0.000000,0.000000
0.027900,15.364187,26.737087,25.482430,13.573965,0.222587,0.000000,0.000000
0.028050,15.358041,26.733507,25.491168,13.533243,0.221919,0.000000,0.000000
0.028200,15.351427,26.729357,25.499291,13.492643,0.221253,0.000000,0.000000
0.028350,15.344921,26.724642,25.506801,13.452165,0.220590,0.000000,0.000000
0.028500,15.339090,26.719366,25.513704,13.411809,0.219928,0.000000,0.000000
0.028650,15.334474,26.713535,25.520003,13.371574,0.219268,0.000000,0.000000
0.028800,15.331560,26.707152,25.525702,13.331459,0.218610,0.000000,0.000000
0.028950,15.330765,26.700222,25.530807,13.291464,0.217954,0.000000,0.000000
0.029100,15.332420,26.692750,25.535320,13.251590,0.217301,0.000000,0.000000
0.029250,15.336751,26.684740,25.539247,13.211835,0.216649,0.000000,0.000000
0.029400,15.343876,26.676197,25.542591,13.172200,0.215999,0.000000,0.000000
0.029550,15.353798,26.667125,25.545357,13.132683,0.215351,0.000000,0.000000
0.029700,15.366403,26.657528,25.547549,13.093285,0.214705,0.000000,0.000000
0.029850,15.381467,26.647411,25.549171,13.054005,0.214061,0.000000,0.000000
0.030000,15.398666,26.636779,25.550228,13.014843,0.213418,0.000000,0.000000
0.030150,15.417588,26.625636,25.550723,12.975799,0.212778,0.000000,0.000000
0.030300,15.437751,26.613986,25.550660,12.936871,0.212140,0.000000,0.000000
0.030450,15.458624,26.601834,25.550045,12.898061,0.211503,0.000000,0.000000
0.030600,15.479646,26.589183,25.548880,12.859367,0.210869,0.000000,0.000000
0.030750,15.500255,26.576040,25.547171,12.820788,0.210236,0.000000,0.000000
0.030900,15.519908,26.562407,25.544921,12.782326,0.209606,0.000000,0.000000
0.031050,15.538103,26.548289,25.542135,12.743979,0.208977,0.000000,0.000000
0.031200,15.554405,26.533691,25.538817,12.705747,0.208350,0.000000,0.000000
0.031350,15.568465,26.518616,25.534970,12.667630,0.207725,0.000000,0.000000
0.031500,15.580028,26.503070,25.530599,12.629627,0.207102,0.000000,0.000000
0.031650,15.588953,26.487056,25.525708,12.591738,0.206480,0.000000,0.000000
0.031800,15.595211,26.470579,25.520302,12.553963,0.205861,0.000000,0.000000
0.031950,15.598892,26.453643,25.514384,12.516301,0.205243,0.000000,0.000000
0.032100,15.600197,26.436252,25.507958,12.478752,0.204628,0.000000,0.000000
0.032250,15.599432,26.418410,25.501029,12.441316,0.204014,0.000000,0.000000
0.032400,15.596990,26.400122,25.493601,12.403992,0.203402,0.000000,0.000000
0.032550,15.593339,26.381392,25.485677,12.366780,0.202791,0.000000,0.000000
0.032700,15.588995,26.362223,25.477262,12.329680,0.202183,0.000000,0.000000
0.032850,15.584502,26.342621,25.468359,12.292691,0.201576,0.000000,0.000000
0.033000,15.580410,26.322589,25.458974,12.255812,0.200972,0.000000,0.000000
0.033150,15.577246,26.302132,25.449109,12.219045,0.200369,0.000000,0.000000
0.033300,15.575494,26.281252,25.438769,12.182388,0.199768,0.000000,0.000000
0.033450,15.575572,26.259956,25.427958,12.145841,0.199168,0.000000,0.000000
0.033600,15.577814,26.238246,25.416680,12.109403,0.198571,0.000000,0.000000
0.033750,15.582457,26.216127,25.404938,12.073075,0.197975,0.000000,0.000000
0.033900,15.589630,26.193602,25.392738,12.036856,0.197381,0.000000,0.000000
0.034050,15.599345,26.170676,25.380082,12.000745,0.196789,0.000000,0.000000
0.034200,15.611504,26.147353,25.366975,11.964743,0.196199,0.000000,0.000000
0.034350,15.625897,26.123637,25.353421,11.928849,0.195610,0.000000,0.000000
0.034500,15.642216,26.099531,25.339423,11.893062,0.195023,0.000000,0.000000
0.034650,15.660068,26.075040,25.324985,11.857383,0.194438,0.000000,0.000000
0.034800,15.678996,26.050167,25.310112,11.821811,0.193855,0.000000,0.000000
0.034950,15.698496,26.024917,25.294807,11.786345,0.193273,0.000000,0.000000
0.035100,15.718043,25.999293,25.279074,11.750986,0.192694,0.000000,0.000000
0.035250,15.737118,25.973299,25.262917,11.715733,0.192116,0.000000,0.000000
0.035400,15.755229,25.946939,25.246340,11.680586,0.191539,0.000000,0.000000
0.035550,15.771936,25.920217,25.229346,11.645544,0.190965,0.000000,0.000000
0.035700,15.786872,25.893136,25.211939,11.610608,0.190392,0.000000,0.000000
0.035850,15.799758,25.865701,25.194124,11.575776,0.189820,0.000000,0.000000
0.036000,15.810416,25.837915,25.175904,11.541049,0.189251,0.000000,0.000000
0.036150,15.818778,25.809782,25.157282,11.506426,0.188683,0.000000,0.000000
0.036300,15.824882,25.781305,25.138263,11.471906,0.188117,0.000000,0.000000
0.036450,15.828877,25.752489,25.118849,11.437491,0.187553,0.000000,0.000000
0.036600,15.831005,25.723336,25.099046,11.403178,0.186990,0.000000,0.000000
0.036750,15.831596,25.693852,25.078856,11.368969,0.186429,0.000000,0.000000
0.036900,15.831048,25.664038,25.058283,11.334862,0.185870,0.000000,0.000000
0.037050,15.829806,25.633899,25.037331,11.300857,0.185312,0.000000,0.000000
0.037200,15.828345,25.603439,25.016004,11.266954,0.184756,0.000000,0.000000
0.037350,15.827142,25.572661,24.994305,11.233154,0.184202,0.000000,0.000000
0.037500,15.826662,25.541568,24.972237,11.199454,0.183650,0.000000,0.000000
0.037650,15.827327,25.510164,24.949805,11.165856,0.183099,0.000000,0.000000
0.037800,15.829504,25.478453,24.927011,11.132358,0.182549,0.000000,0.000000
0.037950,15.833488,25.446438,24.903861,11.098961,0.182002,0.000000,0.000000
0.038100,15.839486,25.414123,24.880356,11.065664,0.181456,0.000000,0.000000
0.038250,15.847612,25.381510,24.856500,11.032467,0.180911,0.000000,0.000000
0.038400,15.857882,25.348604,24.832298,10.999370,0.180369,0.000000,0.000000
0.038550,15.870215,25.315408,24.807752,10.966372,0.179827,0.000000,0.000000
0.038700,15.884438,25.281925,24.782866,10.933473,0.179288,0.000000,0.000000
0.038850,15.900300,25.248159,24.757643,10.900672,0.178750,0.000000,0.000000
0.039000,15.917479,25.214112,24.732087,10.867970,0.178214,0.000000,0.000000
0.039150,15.935608,25.179789,24.706202,10.835366,0.177679,0.000000,0.000000
0.039300,15.954291,25.145192,24.679990,10.802860,0.177146,0.000000,0.000000
0.039450,15.973124,25.110325,24.653455,10.770452,0.176615,0.000000,0.000000
0.039600,15.991718,25.075190,24.626600,10.738140,0.176085,0.000000,0.000000
0.039750,16.009720,25.039793,24.599430,10.705926,0.175557,0.000000,0.000000
0.039900,16.026829,25.004134,24.571946,10.673808,0.175030,0.000000,0.000000
0.040050,16.042812,24.968218,24.544152,10.641787,0.174505,0.000000,0.000000
0.040200,16.057509,24.932048,24.516053,10.609861,0.173981,0.000000,0.000000
0.040350,16.070841,24.895627,24.487650,10.578032,0.173459,0.000000,0.000000
0.040500,16.082807,24.858958,24.458947,10.546298,0.172939,0.000000,0.000000
0.040650,16.093479,24.822044,24.429948,10.514659,0.172420,0.000000,0.000000
0.040800,16.102993,24.784889,24.400655,10.483115,0.171903,0.000000,0.000000
0.040950,16.111540,24.747494,24.371072,10.451665,0.171387,0.000000,0.000000
0.041100,16.119350,24.709864,24.341202,10.420310,0.170873,0.000000,0.000000
0.041250,16.126683,24.672001,24.311048,10.389049,0.170360,0.000000,0.000000
0.041400,16.133813,24.633909,24.280614,10.357882,0.169849,0.000000,0.000000
0.041550,16.141016,24.595590,24.249901,10.326809,0.169340,0.000000,0.000000
0.041700,16.148558,24.557047,24.218915,10.295828,0.168832,0.000000,0.000000
0.041850,16.156680,24.518283,24.187656,10.264941,0.168325,0.000000,0.000000
0.042000,16.165595,24.479301,24.156130,10.234146,0.167820,0.000000,0.000000
0.042150,16.175475,24.440104,24.124337,10.203444,0.167317,0.000000,0.000000
0.042300,16.186448,24.400695,24.092283,10.172833,0.166815,0.000000,0.000000
0.042450,16.198593,24.361077,24.059969,10.142315,0.166314,0.000000,0.000000
0.042600,16.211943,24.321252,24.027399,10.111888,0.165816,0.000000,0.000000
0.042750,16.226483,24.281223,23.994575,10.081552,0.165318,0.000000,0.000000
0.042900,16.242155,24.240993,23.961501,10.051307,0.164822,0.000000,0.000000
0.043050,16.258868,24.200565,23.928180,10.021153,0.164328,0.000000,0.000000
0.043200,16.276498,24.159942,23.894613,9.991090,0.163835,0.000000,0.000000
0.043350,16.294905,24.119125,23.860805,9.961117,0.163343,0.000000,0.000000
0.043500,16.313933,24.078119,23.826758,9.931233,0.162853,0.000000,0.000000
0.043650,16.333419,24.036925,23.792475,9.901440,0.162365,0.000000,0.000000
0.043800,16.353205,23.995546,23.757959,16.538402,0.161877,0.000000,0.000000
0.043950,16.373135,23.953985,23.723212,16.488787,0.161392,0.000000,0.000000
0.044100,16.393070,23.912245,23.688238,16.439320,0.160908,0.000000,0.000000
0.044250,16.412883,23.870327,23.653039,23.056669,0.160425,0.000000,0.000000
0.044400,16.432470,23.828235,23.617617,22.987499,0.159944,0.000000,0.000000
0.044550,16.451748,23.785971,23.581977,22.918537,0.159464,0.000000,0.000000
0.044700,16.470658,23.743538,23.546119,22.849781,0.158985,0.000000,0.000000
0.044850,16.489163,23.700937,23.510048,22.781232,0.158508,0.000000,0.000000
0.045000,16.507251,23.658173,23.473765,22.712888,0.158033,0.000000,0.000000
0.045150,16.524930,23.615246,23.437273,22.644749,0.157559,0.000000,0.000000
0.045300,16.542226,23.572160,23.400576,22.576815,0.157086,0.000000,0.000000
0.045450,16.559183,23.528916,23.363675,22.509085,0.156615,0.000000,0.000000
0.045600,16.575858,23.485518,23.326573,22.441557,0.156145,0.000000,0.000000
0.045750,16.592315,23.441968,23.289273,22.374233,0.155677,0.000000,0.000000
0.045900,16.608626,23.398267,23.251778,22.307110,0.155210,0.000000,0.000000
0.046050,16.624867,23.354419,23.214089,22.240189,0.154744,0.000000,0.000000
0.046200,16.641111,23.310426,23.176209,22.173468,0.154280,0.000000,0.000000
0.046350,16.657430,23.266289,23.138141,22.106948,0.153817,0.000000,0.000000
0.046500,16.673887,23.222012,23.099888,22.040627,0.153355,0.000000,0.000000
0.046650,16.690540,23.177596,23.061451,21.974505,0.152895,0.000000,0.000000
0.046800,16.707437,23.133044,23.022834,21.908582,0.152437,0.000000,0.000000
0.046950,16.724615,23.088357,22.984038,21.842856,0.151979,0.000000,0.000000
0.047100,16.742099,23.043539,22.945066,21.777327,0.151523,0.000000,0.000000
0.047250,16.759903,22.998591,22.905921,21.711995,0.151069,0.000000,0.000000
0.047400,16.778033,22.953516,22.866604,21.646859,0.150616,0.000000,0.000000
0.047550,16.796481,22.908315,22.827119,21.581919,0.150164,0.000000,0.000000
0.047700,16.815233,22.862990,22.787467,21.517173,0.149713,0.000000,0.000000
0.047850,16.834264,22.817544,22.747651,21.452621,0.149264,0.000000,0.000000
0.048000,16.853546,22.771979,22.707672,21.388264,0.148816,0.000000,0.000000
0.048150,16.873044,22.726297,22.667535,21.324099,0.148370,0.000000,0.000000
0.048300,16.892723,22.680500,22.627239,21.260126,0.147925,0.000000,0.000000
0.048450,16.912542,22.634590,22.586789,21.196346,0.147481,0.000000,0.000000
0.048600,16.932466,22.588569,22.546185,21.132757,0.147039,0.000000,0.000000
0.048750,16.952456,22.542438,22.505431,21.069359,0.146598,0.000000,0.000000
0.048900,16.972480,22.496201,22.464528,21.006151,0.146158,0.000000,0.000000
0.049050,16.992507,22.449858,22.423479,20.943132,0.145719,0.000000,0.000000
0.049200,17.012513,22.403412,22.382286,20.880303,0.145282,0.000000,0.000000
0.049350,17.032477,22.356865,22.340950,20.817662,0.144846,0.000000,0.000000
0.049500,17.052384,22.310218,22.294132,20.755209,0.144412,0.000000,0.000000
0.049650,17.072225,22.263473,22.242550,20.692943,0.143978,0.000000,0.000000
0.049800,17.091997,22.216633,22.192769,20.630864,0.254658,0.000000,0.000000
0.049950,17.111701,22.169698,22.150978,20.568972,0.253894,0.000000,0.000000
0.050100,17.131347,22.122672,22.109067,20.507265,0.253132,0.000000,0.000000
0.050250,17.150955,22.075555,22.067026,20.445743,0.363484,0.000000,0.000000
0.050400,17.170547,22.028350,22.024857,20.384406,0.362393,0.000000,0.000000
0.050550,17.190154,21.981057,21.982562,20.323253,0.361306,0.000000,0.000000
0.050700,17.209811,21.933680,21.940143,20.262283,0.360222,0.000000,0.000000
0.050850,17.229556,21.886219,21.897601,20.201496,0.359142,0.000000,0.000000
0.051000,17.249429,21.838677,21.854940,20.140892,0.358064,0.000000,0.000000
0.051150,17.269469,21.791055,21.812160,20.080469,0.356990,0.000000,0.000000
0.051300,17.289715,21.743354,21.769263,20.020228,0.355919,0.000000,0.000000
0.051450,17.310201,21.695577,21.726252,19.960167,0.354851,0.000000,0.000000
0.051600,17.330961,21.647724,21.683128,19.900286,0.353787,0.000000,0.000000
0.051750,17.352022,21.599798,21.639893,19.840586,0.352725,0.000000,0.000000
0.051900,17.373405,21.551801,21.596550,26.447730,0.351667,0.000000,0.000000
0.052050,17.395128,21.503733,21.553098,26.368387,0.350612,0.000000,0.000000
0.052200,17.417202,21.455597,21.509542,26.289282,0.349560,0.000000,0.000000
0.052350,17.439633,21.407393,21.465882,26.210414,0.348512,0.000000,0.000000
0.052500,17.462422,21.359124,21.422119,26.131783,0.347466,0.000000,0.000000
0.052650,17.485563,21.310791,21.378257,26.053388,0.346424,0.000000,0.000000
0.052800,17.509050,21.262395,21.334296,25.975227,0.345384,0.000000,0.000000
0.052950,17.532868,21.213938,21.290238,25.897302,0.344348,0.000000,0.000000
0.053100,17.557003,21.165422,21.246086,25.819610,0.343315,0.000000,0.000000
0.053250,17.581439,21.116847,21.201839,25.742151,0.342285,0.000000,0.000000
0.053400,17.606155,21.068216,21.157501,25.664925,0.341258,0.000000,0.000000
0.053550,17.631134,21.019529,21.113073,25.587930,0.340235,0.000000,0.000000
0.053700,17.656357,20.970789,21.068557,25.511166,0.339214,0.000000,0.000000
0.053850,17.681804,20.921996,21.023953,25.434633,0.338196,0.000000,0.000000
0.054000,17.707460,20.873152,20.979265,25.358329,0.337182,0.000000,0.000000
0.054150,17.733308,20.824258,20.934492,25.282254,0.336170,0.000000,0.000000
0.054300,17.759337,20.775315,20.889637,25.206407,0.335162,0.000000,0.000000
0.054450,17.785535,20.726326,20.844702,25.130788,0.334156,0.000000,0.000000
0.054600,17.811895,20.677291,20.799688,25.055395,0.333154,0.000000,0.000000
0.054750,17.838410,20.628211,20.754596,24.980229,0.332154,0.000000,0.000000
0.054900,17.865077,20.579088,20.709428,24.905288,0.331158,0.000000,0.000000
0.055050,17.891896,20.529923,20.664186,24.830573,0.330164,0.000000,0.000000
0.055200,17.918866,20.480717,20.618870,24.756081,0.329174,0.000000,0.000000
0.055350,17.945992,20.431472,20.573483,24.681813,0.328186,0.000000,0.000000
0.055500,17.973277,20.382189,20.528026,24.607767,0.327202,0.000000,0.000000
0.055650,18.000726,20.332868,20.482500,24.533944,0.326220,0.000000,0.000000
0.055800,18.028347,20.283512,20.436906,24.460342,0.325241,0.000000,0.000000
0.055950,18.056144,20.234121,20.391247,24.386961,0.324266,0.000000,0.000000
0.056100,18.084125,20.184696,20.345522,24.313800,0.323293,0.000000,0.000000
0.056250,18.112296,20.135239,20.299735,24.240859,0.322323,0.000000,0.000000
0.056400,18.140664,20.085751,20.253886,24.168136,0.321356,0.000000,0.000000
0.056550,18.169232,20.036233,20.207976,24.095632,0.320392,0.000000,0.000000
0.056700,18.198006,19.986686,20.162007,24.023345,0.319431,0.000000,0.000000
0.056850,18.226989,19.937111,20.115980,23.951275,0.318472,0.000000,0.000000
0.057000,18.256183,19.887509,20.069897,23.879421,0.317517,0.000000,0.000000
0.057150,18.285588,19.837881,20.023758,23.807783,0.316565,0.000000,0.000000
0.057300,18.315206,19.788229,19.977565,23.736359,0.315615,0.000000,0.000000
0.057450,18.345034,19.738552,19.931319,23.665150,0.314668,0.000000,0.000000
0.057600,18.375071,19.688854,19.885022,23.594155,0.313724,0.000000,0.000000
0.057750,18.405313,19.639133,19.838675,23.523372,0.312783,0.000000,0.000000
0.057900,18.435756,19.589392,19.792278,23.452802,0.380573,0.000000,0.000000
0.058050,18.466400,19.539632,19.745833,23.382444,0.379431,0.000000,0.000000
0.058200,18.497247,19.489853,19.699342,23.312297,0.378293,0.000000,0.000000
0.058350,18.528307,19.440056,19.652805,23.242360,0.377158,0.000000,0.000000
0.058500,18.559595,19.390242,19.606223,23.172633,0.376027,0.000000,0.000000
0.058650,18.591128,19.340412,19.559598,23.103115,0.374899,0.000000,0.000000
0.058800,18.622929,19.290568,19.512932,23.033805,0.373774,0.000000,0.000000
0.058950,18.655021,19.240710,19.466224,22.964704,0.372653,0.000000,0.000000
0.059100,18.687428,19.190838,19.419476,22.895810,0.371535,0.000000,0.000000
0.059250,18.720176,19.140954,19.372689,22.827122,0.370420,0.000000,0.000000
0.059400,18.753289,19.091059,19.325865,22.758641,0.369309,0.000000,0.000000
0.059550,18.786790,19.041154,19.279003,22.690365,0.368201,0.000000,0.000000
0.059700,18.820697,18.991239,19.232107,22.622294,0.367096,0.000000,0.000000
0.059850,18.855029,18.941315,19.185175,22.554427,0.365995,0.000000,0.000000
0.060000,18.889799,18.891384,19.138210,22.486764,0.364897,0.000000,0.000000
0.060150,18.925017,18.841445,19.091213,22.419304,0.363802,0.000000,0.000000
0.060300,18.960690,18.791500,19.044184,22.352046,0.362711,0.000000,0.000000
0.060450,18.996819,18.741549,18.997124,22.284989,0.361623,0.000000,0.000000
0.060600,19.033404,18.691594,18.950035,22.218134,0.360538,0.000000,0.000000
0.060750,19.070440,18.641634,18.902917,22.151480,0.359456,0.000000,0.000000
0.060900,19.107918,18.591672,18.855772,22.085026,0.358378,0.000000,0.000000
0.061050,19.145828,18.541707,18.808600,22.018771,0.357303,0.000000,0.000000
0.061200,19.184156,18.491740,18.761402,21.952714,0.356231,0.000000,0.000000
0.061350,19.222887,18.441773,18.714179,21.886856,0.355162,0.000000,0.000000
0.061500,19.262006,18.391805,18.666933,21.821196,0.354097,0.000000,0.000000
0.061650,19.301493,18.341837,18.619663,21.755732,0.353034,0.000000,0.000000
0.061800,19.341333,18.291871,18.572371,21.690465,0.351975,0.000000,0.000000
0.061950,19.381506,18.241907,18.525058,21.625393,0.350919,0.000000,0.000000
0.062100,19.421997,18.191945,18.477725,21.560517,0.349867,0.000000,0.000000
0.062250,19.462788,18.141986,18.430372,21.495836,0.348817,0.000000,0.000000
0.062400,19.503865,18.092031,18.383000,21.431348,0.347770,0.000000,0.000000
0.062550,19.545214,18.042080,18.335610,21.367054,0.346727,0.000000,0.000000
0.062700,19.586822,17.992135,18.288204,21.302953,0.345687,0.000000,0.000000
0.062850,19.628680,17.942195,18.240781,21.239044,0.344650,0.000000,0.000000
0.063000,19.670778,17.892261,18.193343,21.175327,0.343616,0.000000,0.000000
0.063150,19.713109,17.842335,18.145890,21.111801,0.342585,0.000000,0.000000
0.063300,19.755668,17.792416,18.098423,21.048466,0.341557,0.000000,0.000000
0.063450,19.798449,17.742505,18.050943,20.985320,0.340533,0.000000,0.000000
0.063600,19.841451,17.692603,18.003451,20.922364,0.339511,0.000000,0.000000
0.063750,19.884671,17.642710,17.955947,20.859597,0.338493,0.000000,0.000000
0.063900,19.928109,17.592827,17.908432,20.797018,0.337477,0.000000,0.000000
0.064050,19.971763,17.542954,17.860907,20.734627,0.336465,0.000000,0.000000
0.064200,20.015635,17.493093,17.813373,20.672423,0.335455,0.000000,0.000000
0.064350,20.059725,17.443242,17.765830,20.610406,0.334449,0.000000,0.000000
0.064500,20.104033,17.393404,17.718279,20.548575,0.333446,0.000000,0.000000
0.064650,20.148561,17.343578,17.670721,20.486929,0.332445,0.000000,0.000000
0.064800,20.193308,17.293765,17.623156,20.425468,0.331448,0.000000,0.000000
0.064950,20.238274,17.243965,17.575585,20.364192,0.330454,0.000000,0.000000
0.065100,20.283458,17.194180,17.528009,20.303099,0.329462,0.000000,0.000000
0.065250,20.328860,17.144409,17.480428,20.242190,0.328474,0.000000,0.000000
0.065400,20.374478,17.094652,17.432844,20.181464,0.327488,0.000000,0.000000
0.065550,20.420309,17.044911,17.385255,20.120919,0.326506,0.000000,0.000000
0.065700,20.466349,16.995186,17.337664,20.060556,0.325526,0.000000,0.000000
0.065850,20.512594,16.945477,17.290071,20.000375,0.324550,0.000000,0.000000
0.066000,20.559036,16.895785,17.242477,19.940374,0.323576,0.000000,0.000000
0.066150,20.605668,16.846110,17.194881,19.880552,0.322605,0.000000,0.000000
0.066300,20.652483,16.796453,17.147285,19.820911,0.321638,0.000000,0.000000
0.066450,20.699472,16.746813,17.099689,19.761448,0.320673,0.000000,0.000000
0.066600,20.746625,16.697192,17.052094,19.702164,0.319711,0.000000,0.000000
0.066750,20.793936,16.647590,17.004501,19.643057,0.318752,0.000000,0.000000
0.066900,20.841396,16.598006,16.956909,19.584128,0.317795,0.000000,0.000000
0.067050,20.888996,16.548442,16.909320,19.525376,0.316842,0.000000,0.000000
0.067200,20.936730,16.498898,16.861734,19.466800,0.315891,0.000000,0.000000
0.067350,20.984591,16.449375,16.814151,19.408399,0.314944,0.000000,0.000000
0.067500,21.032573,16.399872,16.766572,19.350174,0.313999,0.000000,0.000000
0.067650,21.080672,16.350390,16.718998,19.292123,0.313057,0.000000,0.000000
0.067800,21.128882,16.300929,16.671429,19.234247,0.312118,0.000000,0.000000
0.067950,21.177201,16.251490,16.623866,19.176544,0.311181,0.000000,0.000000
0.068100,21.225626,16.202072,16.576308,19.119015,0.310248,0.000000,0.000000
0.068250,21.274153,16.152678,16.528757,19.061658,0.309317,0.000000,0.000000
0.068400,21.322783,16.103305,16.481213,19.004473,0.308389,0.000000,0.000000
0.068550,21.371514,16.053956,16.433677,18.947459,0.307464,0.000000,0.000000
0.068700,21.420345,16.004630,16.386148,18.890617,0.306542,0.000000,0.000000
0.068850,21.469277,15.955327,16.338628,18.833945,0.305622,0.000000,0.000000
0.069000,21.518309,15.906048,16.291116,18.777443,0.304705,0.000000,0.000000
0.069150,21.567441,15.856794,16.243614,18.721111,0.303791,0.000000,0.000000
0.069300,21.616675,15.807563,16.196122,18.664948,0.302880,0.000000,0.000000
0.069450,21.666008,15.758358,16.148639,18.608953,0.301971,0.000000,0.000000
0.069600,21.715442,15.709177,16.101167,18.553126,0.301065,0.000000,0.000000
0.069750,21.764976,15.660021,16.053706,18.497466,0.300162,0.000000,0.000000
0.069900,21.814609,15.610891,16.006256,18.441974,0.299261,0.000000,0.000000
0.070050,21.864340,15.561787,15.958818,18.386648,0.298364,0.000000,0.000000
0.070200,21.914168,15.512708,15.911392,18.331488,0.297468,0.000000,0.000000
0.070350,21.964092,15.463655,15.863979,18.276494,0.296576,0.000000,0.000000
0.070500,22.014110,15.414629,15.816578,18.221664,0.295686,0.000000,0.000000
0.070650,22.064217,15.365630,15.769190,18.166999,0.294799,0.000000,0.000000
0.070800,22.114408,15.316657,15.721817,18.112498,0.293915,0.000000,0.000000
0.070950,22.164677,15.267711,15.674456,18.058161,0.293033,0.000000,0.000000
0.071100,22.215017,15.218793,15.627111,18.003986,0.292154,0.000000,0.000000
0.071250,22.265423,15.169902,15.579780,17.949974,0.291278,0.000000,0.000000
0.071400,22.315886,15.121038,15.532463,17.896124,0.290404,0.000000,0.000000
0.071550,22.366402,15.072202,15.485162,17.842436,0.289533,0.000000,0.000000
0.071700,22.416962,15.023394,15.437877,17.788909,0.288664,0.000000,0.000000
0.071850,22.467562,14.974615,15.390607,17.735542,0.287798,0.000000,0.000000
0.072000,22.518197,14.925864,15.343354,17.682335,0.286935,0.000000,0.000000
0.072150,22.568862,14.877141,15.296117,17.629288,0.286074,0.000000,0.000000
0.072300,22.619554,14.828447,15.248897,17.576400,0.285216,0.000000,0.000000
0.072450,22.670270,14.779781,15.201695,17.523671,0.284360,0.000000,0.000000
0.072600,22.721009,14.731145,15.154509,17.471100,0.283507,0.000000,0.000000
0.072750,22.771767,14.682538,15.107341,17.418687,0.282656,0.000000,0.000000
0.072900,22.822544,14.633960,15.060192,17.366431,0.281808,0.000000,0.000000
0.073050,22.873339,14.585411,15.013060,17.314332,0.280963,0.000000,0.000000
0.073200,22.924150,14.536892,14.965947,17.262389,0.280120,0.000000,0.000000
0.073350,22.974976,14.488403,14.918853,17.210601,0.279280,0.000000,0.000000
0.073500,23.025817,14.439943,14.871777,17.158970,0.278442,0.000000,0.000000
0.073650,23.076674,14.391513,14.824721,17.107493,0.277606,0.000000,0.000000
0.073800,23.127546,14.343114,14.777685,17.056170,0.276774,0.000000,0.000000
0.073950,23.178434,14.294744,14.730668,17.005002,0.275943,0.000000,0.000000
0.074100,23.229338,14.246405,14.683671,16.953987,0.275116,0.000000,0.000000
0.074250,23.280260,14.198096,14.636694,16.903125,0.274290,0.000000,0.000000
0.074400,23.331201,14.149817,14.589738,16.852415,0.273467,0.000000,0.000000
0.074550,23.382162,14.101569,14.542802,16.801858,0.272647,0.000000,0.000000
0.074700,23.433143,14.053352,14.495888,16.751453,0.271829,0.000000,0.000000
0.074850,23.484148,14.005165,14.448994,16.701198,0.271013,0.000000,0.000000
0.075000,23.535175,13.957009,14.402122,16.651095,0.270200,0.000000,0.000000
0.075150,23.586228,13.908885,14.355271,16.601141,0.269390,0.000000,0.000000
0.075300,23.637306,13.860791,14.308442,16.551338,0.268582,0.000000,0.000000
0.075450,23.688412,13.812728,14.261626,16.501684,0.267776,0.000000,0.000000
0.075600,23.739545,13.764696,14.208466,16.452179,0.266973,0.000000,0.000000
0.075750,23.790706,13.716695,14.155352,16.402822,0.266172,0.000000,0.000000
0.075900,23.841896,13.668726,14.106100,16.353614,0.265373,0.000000,0.000000
0.076050,23.893116,13.620789,14.059425,16.304553,0.264577,0.000000,0.000000
0.076200,23.944364,13.572882,14.012773,16.255639,0.263783,0.000000,0.000000
0.076350,23.995641,13.525007,13.966143,16.206872,0.262992,0.000000,0.000000
0.076500,24.046947,13.477164,13.919537,16.158252,0.262203,0.000000,0.000000
0.076650,24.098282,13.429352,13.872953,16.109777,0.261416,0.000000,0.000000
0.076800,24.149644,13.381572,13.826393,16.061448,0.260632,0.000000,0.000000
0.076950,24.201033,13.333823,13.779857,16.013263,0.259850,0.000000,0.000000
0.077100,24.252448,13.286106,13.733344,15.965224,0.259071,0.000000,0.000000
0.077250,24.303889,13.238420,13.686855,15.917328,0.258293,0.000000,0.000000
0.077400,24.355354,13.190766,13.640389,15.869576,0.257519,0.000000,0.000000
0.077550,24.406842,13.143144,13.593948,15.821967,0.256746,0.000000,0.000000
0.077700,24.458353,13.095553,13.547531,15.774501,0.255976,0.000000,0.000000
0.077850,24.509885,13.047995,13.501138,15.727178,0.255208,0.000000,0.000000
0.078000,24.561437,13.000468,13.454770,15.679996,0.254442,0.000000,0.000000
0.078150,24.613009,12.952972,13.408426,15.632956,0.253679,0.000000,0.000000
0.078300,24.664599,12.905509,13.362108,15.586057,0.252918,0.000000,0.000000
0.078450,24.716207,12.858078,13.315814,15.539299,0.252159,0.000000,0.000000
0.078600,24.767831,12.810678,13.269545,15.492681,0.251403,0.000000,0.000000
0.078750,24.819472,12.763310,13.223301,15.446203,0.250648,0.000000,0.000000
0.078900,24.871128,12.715974,13.177082,15.399865,0.249896,0.000000,0.000000
0.079050,24.922799,12.668670,13.130889,15.353665,0.249147,0.000000,0.000000
0.079200,24.974484,12.621398,13.084721,15.307604,0.248399,0.000000,0.000000
0.079350,25.026183,12.574157,13.038578,15.261681,0.247654,0.000000,0.000000
0.079500,25.077895,12.526948,12.992462,15.215896,0.246911,0.000000,0.000000
0.079650,25.129620,12.479772,12.946371,15.170249,0.246170,0.000000,0.000000
0.079800,25.181358,12.432627,12.900306,15.124738,0.245432,0.000000,0.000000
0.079950,25.233109,12.385514,12.854267,15.079364,0.244696,0.000000,0.000000
0.080100,25.284871,12.338432,12.808254,15.034126,0.243962,0.000000,0.000000
0.080250,25.336646,12.291383,12.762268,14.989023,0.243230,0.000000,0.000000
0.080400,25.388433,12.244365,12.716307,14.944056,0.242500,0.000000,0.000000
0.080550,25.440232,12.197380,12.670373,14.899224,0.241772,0.000000,0.000000
0.080700,25.492042,12.150426,12.624466,14.854526,0.241047,0.000000,0.000000
0.080850,25.543863,12.103503,12.578585,14.809963,0.240324,0.000000,0.000000
0.081000,25.595696,12.056613,12.532731,14.765533,0.239603,0.000000,0.000000
0.081150,25.647539,12.009754,12.486903,14.721236,0.238884,0.000000,0.000000
0.081300,25.699394,11.962927,12.441103,14.677072,0.238168,0.000000,0.000000
0.081450,25.751259,11.916131,12.395329,14.633041,0.237453,0.000000,0.000000
0.081600,25.803134,11.869368,12.349582,14.589142,0.236741,0.000000,0.000000
0.081750,25.855018,11.822636,12.303863,14.545375,0.236031,0.000000,0.000000
0.081900,25.906913,11.775935,12.258170,14.501739,0.235322,0.000000,0.000000
0.082050,25.958817,11.729266,12.212505,14.458233,0.234616,0.000000,0.000000
0.082200,26.010729,11.682629,12.166868,14.414859,0.233913,0.000000,0.000000
0.082350,26.062650,11.636023,12.121258,14.371614,0.233211,0.000000,0.000000
0.082500,26.114579,11.589449,12.075675,14.328499,0.232511,0.000000,0.000000
0.082650,26.166515,11.542906,12.030120,14.285514,0.231814,0.000000,0.000000
0.082800,26.218458,11.496395,11.984593,14.242657,0.231118,0.000000,0.000000
0.082950,26.270408,11.449915,11.939093,14.199929,0.230425,0.000000,0.000000
0.083100,26.322364,11.403467,11.893621,14.157329,0.229734,0.000000,0.000000
0.083250,26.374326,11.357050,11.848178,14.114857,0.229044,0.000000,0.000000
0.083400,26.426293,11.310664,11.802762,14.072513,0.228357,0.000000,0.000000
0.083550,26.478264,11.264310,11.757374,14.030295,0.227672,0.000000,0.000000
0.083700,26.530240,11.217987,11.712015,13.988204,0.226989,0.000000,0.000000
0.083850,26.582219,11.171695,11.666684,13.946240,0.226308,0.000000,0.000000
0.084000,26.634201,11.125435,11.621381,13.904401,0.225629,0.000000,0.000000
0.084150,26.686186,11.079205,11.576107,13.862688,0.224952,0.000000,0.000000
0.084300,26.738174,11.033007,11.530861,13.821100,0.224278,0.000000,0.000000
0.084450,26.790163,10.986840,11.485644,13.779637,0.223605,0.000000,0.000000
0.084600,26.842153,10.940705,11.440456,13.738298,0.222934,0.000000,0.000000
0.084750,26.894145,10.894600,11.395296,13.697083,0.222265,0.000000,0.000000
0.084900,26.946137,10.848527,11.350165,13.655992,0.221598,0.000000,0.000000
0.085050,26.998130,10.802484,11.305063,13.615024,0.220934,0.000000,0.000000
0.085200,27.050122,10.756473,11.259991,13.574178,0.220271,0.000000,0.000000
0.085350,27.102113,10.710493,11.214947,13.533456,0.219610,0.000000,0.000000
0.085500,27.154104,10.664543,11.169933,13.492856,0.218951,0.000000,0.000000
0.085650,27.206094,10.618625,11.124948,13.452377,0.218294,0.000000,0.000000
0.085800,27.258081,10.572738,11.079992,13.412020,0.217639,0.000000,0.000000
0.085950,27.310067,10.526881,11.035066,13.371784,0.216986,0.000000,0.000000
0.086100,27.362051,10.481056,10.990169,13.331668,0.216335,0.000000,0.000000
0.086250,27.414032,10.435262,10.945303,13.291673,0.215686,0.000000,0.000000
0.086400,27.466010,10.389498,10.900466,13.251798,0.215039,0.000000,0.000000
0.086550,27.517985,10.343765,10.855659,13.212043,0.214394,0.000000,0.000000
0.086700,27.569957,10.298064,10.810882,13.172407,0.213751,0.000000,0.000000
0.086850,27.621924,10.252393,10.766135,13.132890,0.213110,0.000000,0.000000
0.087000,27.673887,10.206753,10.721418,13.093491,0.212471,0.000000,0.000000
0.087150,27.725846,10.161144,10.676732,13.054211,0.211833,0.000000,0.000000
0.087300,27.777800,10.115566,10.632077,13.015048,0.211198,0.000000,0.000000
0.087450,27.829748,10.070018,10.587452,12.976003,0.210564,0.000000,0.000000
0.087600,27.881692,10.024502,10.542857,12.937075,0.209932,0.000000,0.000000
0.087750,27.933629,9.979016,10.498294,12.898264,0.209303,0.000000,0.000000
0.087900,27.985560,9.933562,10.453762,19.526235,0.208675,0.000000,0.000000
0.088050,28.037484,9.888138,10.409261,26.134323,0.208049,0.000000,0.000000
0.088200,28.089402,9.842745,10.364791,26.055920,0.207424,0.000000,0.000000
0.088350,28.141312,9.797383,10.320352,32.644419,0.206802,0.000000,0.000000
0.088500,28.193215,9.752053,10.275945,32.546486,0.206182,0.000000,0.000000
0.088650,28.245109,9.706753,10.231570,32.448847,0.205563,0.000000,0.000000
0.088800,28.296996,9.661484,10.187227,32.351500,0.204947,0.000000,0.000000
0.088950,28.348874,9.616246,10.142916,32.254446,0.204332,0.000000,0.000000
0.089100,28.400742,9.571039,10.098637,32.157682,0.203719,0.000000,0.000000
0.089250,28.452602,9.525864,10.054390,32.061209,0.203108,0.000000,0.000000
0.089400,28.504451,9.480719,10.010176,31.965026,0.202498,0.000000,0.000000
0.089550,28.556291,9.435606,9.965994,31.869130,0.201891,0.000000,0.000000
0.089700,28.608120,9.390524,9.921846,31.773523,0.201285,0.000000,0.000000
0.089850,28.659939,9.345473,9.877731,31.678202,0.200681,0.000000,0.000000
0.090000,28.711746,9.300453,9.833648,31.583168,0.200079,0.000000,0.000000
0.090150,28.763542,9.255465,9.789600,31.488418,0.199479,0.000000,0.000000
0.090300,28.815326,9.210509,9.745585,31.393953,0.198880,0.000000,0.000000
0.090450,28.867098,9.165583,9.701604,31.299771,0.198284,0.000000,0.000000
0.090600,28.918857,9.120690,9.657657,31.205872,0.197689,0.000000,0.000000
0.090750,28.970604,9.075828,9.613744,31.112254,0.197096,0.000000,0.000000
0.090900,29.022338,9.030998,9.569866,31.018918,0.196505,0.000000,0.000000
0.091050,29.074058,8.986200,9.526023,30.925861,0.195915,0.000000,0.000000
0.091200,29.125764,8.941433,9.482215,30.833083,0.195327,0.000000,0.000000
0.091350,29.177457,8.896699,9.438442,30.740584,0.194741,0.000000,0.000000
0.091500,29.229135,8.851997,9.394705,30.648362,0.194157,0.000000,0.000000
0.091650,29.280798,8.807327,9.351004,30.556417,0.193575,0.000000,0.000000
0.091800,29.332446,8.762689,9.307338,30.464748,0.192994,0.000000,0.000000
0.091950,29.384079,8.718084,9.263709,30.373354,0.192415,0.000000,0.000000
0.092100,29.435696,8.673511,9.220117,30.282234,0.191838,0.000000,0.000000
0.092250,29.487298,8.628971,9.176562,30.191387,0.191262,0.000000,0.000000
0.092400,29.538883,8.584464,9.133044,30.100813,0.190688,0.000000,0.000000
0.092550,29.590452,8.539990,9.089563,30.010510,0.190116,0.000000,0.000000
0.092700,29.642003,8.495549,9.046120,29.920479,0.189546,0.000000,0.000000
0.092850,29.693538,8.451141,9.002716,29.830717,0.188977,0.000000,0.000000
0.093000,29.745055,8.406766,8.959350,29.741225,0.188410,0.000000,0.000000
0.093150,29.796555,8.362426,8.916023,29.652002,0.187845,0.000000,0.000000
0.093300,29.848036,8.318119,8.872735,29.563045,0.187282,0.000000,0.000000
0.093450,29.899500,8.273845,8.829487,29.474356,0.186720,0.000000,0.000000
0.093600,29.950944,8.229606,8.786279,29.385933,0.186160,0.000000,0.000000
0.093750,30.002370,8.185402,8.743111,29.297775,0.185601,0.000000,0.000000
0.093900,30.053776,8.141232,8.699984,29.209882,0.296156,0.000000,0.000000
0.094050,30.105165,8.097096,8.656898,29.122253,0.406378,0.000000,0.000000
0.094200,30.156538,8.052996,8.613853,29.034886,0.405159,0.000000,0.000000
0.094350,30.207904,8.008930,8.570851,28.947781,0.472672,0.000000,0.000000
0.094500,30.259273,7.964900,8.527891,28.860938,0.471254,0.000000,0.000000
0.094650,30.310666,7.920906,8.484974,28.774355,0.469840,0.000000,0.000000
0.094800,30.362106,7.876947,8.442100,28.688032,0.468431,0.000000,0.000000
0.094950,30.413624,7.833025,8.399270,28.601968,0.467025,0.000000,0.000000
0.095100,30.465257,7.789139,8.356484,28.516162,0.465624,0.000000,0.000000
0.095250,30.517042,7.745289,8.313743,28.430613,0.464228,0.000000,0.000000
0.095400,30.569020,7.701477,8.271047,28.345322,0.462835,0.000000,0.000000
0.095550,30.621232,7.657702,8.228397,28.260286,0.461446,0.000000,0.000000
0.095700,30.673721,7.613964,8.185794,28.175505,0.460062,0.000000,0.000000
0.095850,30.726528,7.570264,8.143237,28.090978,0.458682,0.000000,0.000000
0.096000,30.779691,7.526602,8.100727,28.006705,0.457306,0.000000,0.000000
0.096150,30.833246,7.482979,8.058266,27.922685,0.455934,0.000000,0.000000
0.096300,30.887227,7.439394,8.015853,27.838917,0.454566,0.000000,0.000000
0.096450,30.941662,7.395849,7.973489,27.755400,0.453202,0.000000,0.000000
0.096600,30.996574,7.352343,7.931175,27.672134,0.451843,0.000000,0.000000
0.096750,31.051985,7.308877,7.888911,27.589118,0.450487,0.000000,0.000000
0.096900,31.107908,7.265451,7.846699,27.506350,0.449136,0.000000,0.000000
0.097050,31.164352,7.222065,7.804538,27.423831,0.447788,0.000000,0.000000
0.097200,31.221323,7.178721,7.762429,27.341560,0.446445,0.000000,0.000000
0.097350,31.278821,7.135418,7.720373,27.259535,0.445106,0.000000,0.000000
0.097500,31.336840,7.092156,7.678371,27.177757,0.443770,0.000000,0.000000
0.097650,31.395373,7.048937,7.636423,27.096223,0.442439,0.000000,0.000000
0.097800,31.454407,7.005761,7.594530,27.014935,0.441112,0.000000,0.000000
0.097950,31.513926,6.962627,7.552693,26.933890,0.439788,0.000000,0.000000
0.098100,31.573912,6.919538,7.510913,26.853088,0.438469,0.000000,0.000000
0.098250,31.634345,6.876492,7.469190,26.772529,0.437154,0.000000,0.000000
0.098400,31.695202,6.833490,7.427525,26.692211,0.435842,0.000000,0.000000
0.098550,31.756459,6.790534,7.385919,26.612135,0.434535,0.000000,0.000000
0.098700,31.818092,6.747623,7.344372,26.532298,0.433231,0.000000,0.000000
0.098850,31.880078,6.704758,7.302887,26.452701,0.431931,0.000000,0.000000
0.099000,31.942390,6.661939,7.261462,26.373343,0.430636,0.000000,0.000000
0.099150,32.005007,6.619167,7.220100,26.294223,0.429344,0.000000,0.000000
0.099300,32.067904,6.576444,7.176634,26.215341,0.428056,0.000000,0.000000
0.099450,32.131060,6.533772,7.132181,26.136695,0.426771,0.000000,0.000000
0.099600,32.194456,6.491151,7.088733,26.058284,0.425491,0.000000,0.000000
0.099750,32.258072,6.448581,7.047627,25.980110,0.424215,0.000000,0.000000
0.099900,32.321893,6.406061,7.006588,25.902169,0.422942,0.000000,0.000000
0.100050,32.385903,6.363592,6.965618,25.824463,0.421673,0.000000,0.000000
0.100200,32.450090,6.321174,6.924716,25.746989,0.420408,0.000000,0.000000
0.100350,32.514443,6.278808,6.883884,25.669748,0.419147,0.000000,0.000000
0.100500,32.578953,6.236494,6.843122,25.592739,0.417889,0.000000,0.000000
0.100650,32.643614,6.194233,6.802433,25.515961,0.416636,0.000000,0.000000
0.100800,32.708420,6.152026,6.761816,25.439413,0.415386,0.000000,0.000000
0.100950,32.773368,6.109873,6.721273,25.363095,0.414140,0.000000,0.000000
0.101100,32.838454,6.067776,6.680806,25.287006,0.412897,0.000000,0.000000
0.101250,32.903679,6.025734,6.640414,25.211145,0.411659,0.000000,0.000000
0.101400,32.969042,5.983749,6.600100,25.135511,0.410424,0.000000,0.000000
0.101550,33.034544,5.941821,6.559864,25.060105,0.409192,0.000000,0.000000
0.101700,33.100187,5.899951,6.519707,24.984924,0.407965,0.000000,0.000000
0.101850,33.165973,5.858140,6.479632,24.909969,0.406741,0.000000,0.000000
0.102000,33.231904,5.816388,6.439638,24.835240,0.405521,0.000000,0.000000
0.102150,33.297983,5.774696,6.399727,24.760734,0.404304,0.000000,0.000000
0.102300,33.364212,5.733066,6.359901,24.686452,0.403091,0.000000,0.000000
0.102450,33.430593,5.691497,6.320161,24.612392,0.401882,0.000000,0.000000
0.102600,33.497129,5.649991,6.280507,24.538555,0.400676,0.000000,0.000000
0.102750,33.563822,5.608548,6.240942,24.464939,0.399474,0.000000,0.000000
0.102900,33.630671,5.567169,6.201466,24.391545,0.398276,0.000000,0.000000
0.103050,33.697679,5.525856,6.162081,24.318370,0.397081,0.000000,0.000000
0.103200,33.764844,5.484608,6.122788,24.245415,0.395890,0.000000,0.000000
0.103350,33.832167,5.443427,6.083589,24.172679,0.394702,0.000000,0.000000
0.103500,33.899645,5.402314,6.044484,24.100161,0.393518,0.000000,0.000000
0.103650,33.967277,5.361269,6.005476,24.027860,0.392337,0.000000,0.000000
0.103800,34.035061,5.320294,5.966566,23.955777,0.391160,0.000000,0.000000
0.103950,34.102992,5.279389,5.927755,23.883909,0.389987,0.000000,0.000000
0.104100,34.171067,5.238555,5.889045,23.812257,0.388817,0.000000,0.000000
0.104250,34.239282,5.197793,5.850437,23.740821,0.387651,0.000000,0.000000
0.104400,34.307632,5.157104,5.811932,23.669598,0.386488,0.000000,0.000000
0.104550,34.376112,5.116490,5.773533,23.598589,0.385328,0.000000,0.000000
0.104700,34.444716,5.075950,5.735240,23.527794,0.384172,0.000000,0.000000
0.104850,34.513438,5.035485,5.697056,23.457210,0.383020,0.000000,0.000000
0.105000,34.582273,4.995098,5.658981,23.386839,0.381871,0.000000,0.000000
0.105150,34.651214,4.954788,5.621017,23.316678,0.380725,0.000000,0.000000
0.105300,34.720255,4.914558,5.583167,23.246728,0.379583,0.000000,0.000000
0.105450,34.789391,4.874406,5.545430,23.176988,0.378444,0.000000,0.000000
0.105600,34.858614,4.834336,5.507810,23.107457,0.377309,0.000000,0.000000
0.105750,34.927918,4.794347,5.470308,23.038135,0.376177,0.000000,0.000000
0.105900,34.997300,4.754441,5.432925,22.969020,0.375048,0.000000,0.000000
0.106050,35.066751,4.714619,5.395663,22.900113,0.373923,0.000000,0.000000
0.106200,35.136268,4.674881,5.358524,22.831413,0.372801,0.000000,0.000000
0.106350,35.205844,4.635229,5.321510,22.762919,0.371683,0.000000,0.000000
0.106500,35.275476,4.595664,5.284621,22.694630,0.370568,0.000000,0.000000
0.106650,35.345159,4.556186,5.247860,22.626546,0.369456,0.000000,0.000000
0.106800,35.414888,4.516798,5.211229,22.558666,0.368348,0.000000,0.000000
0.106950,35.484659,4.477499,5.174729,22.490990,0.367243,0.000000,0.000000
0.107100,35.554470,4.438291,5.138362,22.423517,0.366141,0.000000,0.000000
0.107250,35.624316,4.399175,5.102130,22.356247,0.365043,0.000000,0.000000
0.107400,35.694195,4.360152,5.066035,22.289178,0.363947,0.000000,0.000000
0.107550,35.764104,4.321223,5.030078,22.222310,0.362856,0.000000,0.000000
0.107700,35.834040,4.282389,4.994261,22.155644,0.361767,0.000000,0.000000
0.107850,35.904002,4.243651,4.958586,22.089177,0.360682,0.000000,0.000000
0.108000,35.973986,4.205010,4.923054,22.022909,0.359600,5.714286,0.000000
0.108150,36.043991,4.166468,4.887669,21.956840,0.358521,8.554286,0.000000
0.108300,36.114015,4.128024,4.852430,21.890970,0.357445,11.385766,0.000000
0.108450,36.184057,4.089681,4.817341,21.825297,0.356373,11.351608,0.000000
0.108600,36.254115,4.051439,4.782403,21.759821,0.355304,11.317554,0.000000
0.108750,36.324188,4.013300,4.747617,21.694542,0.354238,11.283601,0.000000
0.108900,36.394274,3.975263,4.712987,21.629458,0.353175,11.249750,0.000000
0.109050,36.464372,3.937332,4.678512,21.564570,0.352116,11.216001,0.000000
0.109200,36.534481,3.899505,4.644197,21.499876,0.351059,11.182353,0.000000
0.109350,36.604600,3.861785,4.610041,21.435376,0.350006,11.148806,0.000000
0.109500,36.674728,3.824172,4.576048,21.371070,0.348956,11.115359,0.000000
0.109650,36.744864,3.786668,4.542218,21.306957,0.347909,11.082013,0.000000
0.109800,36.815007,3.749273,4.508555,21.243036,0.346866,11.048767,0.000000
0.109950,36.885157,3.711988,4.475059,21.179307,0.345825,11.015621,0.000000
0.110100,36.955313,3.674815,4.441732,21.115769,0.344788,10.982574,0.000000
0.110250,37.025474,3.637754,4.408577,21.052422,0.343753,10.949626,0.000000
0.110400,37.095640,3.600807,4.375595,20.989264,0.342722,10.916778,0.000000
0.110550,37.165810,3.563973,4.342788,20.926297,0.341694,10.884027,0.000000
0.110700,37.235983,3.527255,4.310158,20.863518,0.340669,10.851375,0.000000
0.110850,37.306160,3.490653,4.277707,20.800927,0.339647,10.818821,0.000000
0.111000,37.376338,3.454168,4.245436,20.738524,0.338628,10.786365,0.000000
0.111150,37.446519,3.417801,4.213348,20.676309,0.337612,10.754005,0.000000
0.111300,37.516700,3.381553,4.181444,20.614280,0.336599,10.721743,0.000000
0.111450,37.586883,3.345424,4.149726,20.552437,0.335589,10.689578,0.000000
0.111600,37.657065,3.309416,4.118196,20.490780,0.334582,10.657509,0.000000
0.111750,37.727247,3.273529,4.086855,20.429307,0.333579,10.625537,0.000000
0.111900,37.797428,3.237764,4.055706,20.368020,0.332578,10.593660,0.000000
0.112050,37.867606,3.202123,4.024750,20.306915,0.331580,10.561879,0.000000
0.112200,37.937783,3.166605,3.993989,20.245995,0.330585,10.530194,0.000000
0.112350,38.007956,3.131212,3.963425,20.185257,0.329594,10.498603,0.000000
0.112500,38.078125,3.095943,3.933059,20.124701,0.328605,10.467107,0.000000
0.112650,38.148289,3.060802,3.902894,20.064327,0.327619,10.435706,0.000000
0.112800,38.218448,3.025786,3.872930,20.004134,0.326636,10.404399,0.000000
0.112950,38.288600,2.990898,3.843170,19.944121,0.325656,10.373186,0.000000
0.113100,38.358746,2.956139,3.813616,19.884289,0.324679,10.342066,0.000000
0.113250,38.428884,2.921508,3.784268,19.824636,0.323705,10.311040,0.000000
0.113400,38.499012,2.887006,3.755129,19.765162,0.322734,10.280107,0.000000
0.113550,38.569132,2.852635,3.726201,19.705867,0.321766,10.249266,0.000000
0.113700,38.639241,2.818394,3.697484,19.646749,0.320801,10.218519,0.000000
0.113850,38.709338,2.784284,3.668981,19.587809,0.319838,10.187863,0.000000
0.114000,38.779422,2.750306,3.640693,19.529046,0.318879,10.157300,0.095238
0.114150,38.849482,2.716460,3.612622,19.470458,0.317922,10.126828,0.142571
0.114300,38.919478,2.682746,3.584769,19.412047,0.316968,10.096447,0.244185
0.114450,38.989326,2.649166,3.557135,19.353811,0.316018,10.066158,0.243452
0.114600,39.058912,2.615719,3.529724,19.295749,0.315069,10.035959,0.242722
0.114750,39.128118,2.582406,3.502535,19.237862,0.314124,10.005851,0.241993
0.114900,39.196823,2.549228,3.475570,19.180149,0.313182,9.975834,0.241267
0.115050,39.264908,2.516184,3.448831,19.122608,0.312242,9.945906,0.240544
0.115200,39.332258,2.483275,3.422319,19.065240,0.311306,9.916069,0.239822
0.115350,39.398765,2.450502,3.396036,19.008045,0.310372,9.886320,0.239103
0.115500,39.464327,2.417864,3.369983,18.951021,0.309441,9.856661,0.238385
0.115650,39.528856,2.385362,3.344161,18.894167,0.308512,9.827092,0.237670
0.115800,39.592271,2.352996,3.318572,18.837485,0.307587,9.797610,0.236957
0.115950,39.654505,2.320766,3.293217,18.780973,0.306664,9.768217,0.236246
0.116100,39.715504,2.288673,3.268097,18.724630,0.305744,9.738913,0.235537
0.116250,39.775227,2.256716,3.243214,18.668456,0.304827,9.709696,0.234831
0.116400,39.833646,2.224895,3.218568,18.612450,0.303912,9.680567,0.234126
0.116550,39.890747,2.193211,3.194162,18.556613,0.303001,9.651525,0.233424
0.116700,39.946527,2.161664,3.169996,18.500943,0.302092,9.622571,0.232724
0.116850,40.000997,2.130254,3.146072,18.445440,0.301185,9.593703,0.232026
0.117000,40.054181,2.098980,3.122390,18.390104,0.300282,9.564922,0.231329
0.117150,40.106110,2.067843,3.098952,18.334934,0.299381,9.536227,0.230635
0.117300,40.156828,2.036843,3.075758,18.279929,0.298483,9.507618,0.229944
0.117450,40.206388,2.005978,3.052811,18.225089,0.297587,9.479096,0.229254
0.117600,40.254847,1.975250,3.030111,18.170414,0.296694,9.450658,0.228566
0.117750,40.302272,1.944659,3.007658,18.115903,0.295804,9.422306,0.227880
0.117900,40.348732,1.914203,2.985455,18.061555,0.294917,9.394039,0.227197
0.118050,40.394303,1.883882,2.963502,18.007370,0.294032,9.365857,0.226515
0.118200,40.439060,1.853698,2.941799,17.953348,0.293150,9.337760,0.225836
0.118350,40.483080,1.823648,2.920349,17.899488,0.292271,9.309746,0.225158
0.118500,40.526439,1.793733,2.899151,17.845790,0.291394,9.281817,0.224483
0.118650,40.569211,1.763952,2.878207,17.792252,0.290520,9.253972,0.223809
0.118800,40.611470,1.734306,2.857518,17.738875,0.289648,9.226210,0.223138
0.118950,40.653281,1.704793,2.837084,17.685659,0.288779,9.198531,0.222468
0.119100,40.694709,1.675413,2.816907,17.632602,0.287913,9.170936,0.221801
0.119250,40.735809,1.646166,2.796986,17.579704,0.287049,9.143423,0.221135
0.119400,40.776631,1.617051,2.777323,17.526965,0.286188,9.115992,0.220472
0.119550,40.817219,1.588067,2.757919,17.474384,0.285329,9.088644,0.219811
0.119700,40.857609,1.559215,2.738774,17.421961,0.284473,9.061379,0.219151
0.119850,40.897827,1.530493,2.719889,17.369695,0.283620,9.034194,0.218494
0.120000,40.937894,1.501902,2.701265,17.317586,0.282769,9.007092,0.217838
0.120150,40.977822,1.473439,2.682902,17.265633,0.281921,8.980071,0.217185
0.120300,41.017615,1.445105,2.664802,17.213836,0.281075,8.953130,0.216533
0.120450,41.057271,1.416899,2.646963,17.162195,0.280232,8.926271,0.215884
0.120600,41.096780,1.388820,2.629388,17.110708,0.279391,8.899492,0.215236
0.120750,41.136128,1.360867,2.612077,17.059376,0.278553,8.872794,0.214590
0.120900,41.175294,1.333040,2.595030,17.008198,0.277717,8.846175,0.213946
0.121050,41.214252,1.305337,2.578248,16.957173,0.276884,8.819637,0.213305
0.121200,41.252976,1.277760,2.561154,16.906302,0.276054,8.793178,0.212665
0.121350,41.291433,1.250311,2.543753,16.855583,0.275225,8.766798,0.212027
0.121500,41.329592,1.222991,2.526741,16.805016,0.274400,8.740498,0.211391
0.121650,41.367419,1.195797,2.511010,16.754601,0.273576,8.714276,0.210756
0.121800,41.404881,1.168723,2.495553,16.704337,0.272756,8.688134,0.210124
0.121950,41.441948,1.141768,2.480364,16.654224,0.271937,8.662069,0.209494
0.122100,41.478589,1.114932,2.465443,16.604262,0.271122,8.636083,0.208865
0.122250,41.514779,1.088214,2.450790,16.554449,0.270308,8.610175,0.208239
0.122400,41.550495,1.061612,2.436406,16.504785,0.269497,8.584344,0.207614
0.122550,41.585718,1.035125,2.422291,16.455271,0.268689,8.558591,0.206991
0.122700,41.620435,1.008753,2.408446,16.405905,0.267883,8.532915,0.206370
0.122850,41.654636,0.982493,2.394870,16.356688,0.267079,8.507317,0.205751
0.123000,41.688318,0.956346,2.381565,16.307618,0.266278,8.481795,0.205134
0.123150,41.721484,0.930310,2.368530,16.258695,0.265479,8.456349,0.204518
0.123300,41.754139,0.904384,2.355766,16.209919,0.264683,8.430980,0.203905
0.123450,41.786297,0.878566,2.343273,16.161289,0.263889,8.405687,0.203293
0.123600,41.817973,0.852855,2.331051,16.112805,0.263097,8.380470,0.202683
0.123750,41.849190,0.827251,2.319101,16.064467,0.262308,8.355329,0.202075
0.123900,41.879973,0.801751,2.307423,16.016273,0.261521,8.330263,0.201469
0.124050,41.910350,0.776355,2.296017,15.968224,0.260736,8.305272,0.200865
0.124200,41.940352,0.751062,2.284883,15.920320,0.259954,8.280356,0.200262
0.124350,41.970013,0.725869,2.274022,15.872559,0.259174,8.255515,0.199661
0.124500,41.999365,0.700776,2.263433,15.824941,0.258397,8.230749,0.199062
0.124650,42.028444,0.675781,2.253118,15.777466,0.257621,8.206056,0.198465
0.124800,42.057284,0.650883,2.243075,15.730134,0.256849,8.181438,0.197870
0.124950,42.085918,0.626081,2.233306,15.682943,0.256078,8.156894,0.197276
0.125100,42.114377,0.601373,2.223810,15.635895,0.255310,8.132423,0.196684
0.125250,42.142689,0.576757,2.214588,15.588987,0.254544,8.108026,0.196094
0.125400,42.170880,0.552233,2.205640,15.542220,0.253780,8.083702,0.195506
0.125550,42.198973,0.527798,2.196966,15.495593,0.253019,8.059451,0.194919
0.125700,42.226986,0.503452,2.188566,15.449107,0.252260,8.035272,0.194335
0.125850,42.254933,0.479193,2.180440,15.402759,0.251503,8.011167,0.193752
0.126000,42.282826,0.455019,2.172589,15.356551,0.250749,7.987133,0.193170
0.126150,42.310673,0.430930,2.165012,15.310481,0.249996,7.963172,0.192591
0.126300,42.338481,0.406922,2.157710,15.264550,0.249246,7.939282,0.192013
0.126450,42.366256,0.382995,2.150683,15.218756,0.248499,7.915464,0.191437
0.126600,42.394003,0.359148,2.143931,15.173100,0.247753,7.891718,0.190863
0.126750,42.421723,0.335378,2.137453,15.127581,0.247010,7.868043,0.190290
0.126900,42.449419,0.311684,2.131251,15.082198,0.246269,7.844439,0.189719
0.127050,42.477089,0.288065,2.125325,15.036951,0.245530,7.820905,0.189150
0.127200,42.504731,0.264519,2.119673,14.991840,0.244793,7.797443,0.188583
0.127350,42.532342,0.241044,2.114298,14.946865,0.244059,7.774050,0.188017
0.127500,42.559916,0.217638,2.109197,14.902024,0.243327,7.750728,0.187453
0.127650,42.587449,0.194301,2.104373,14.857318,0.242597,7.727476,0.186891
0.127800,42.614932,0.171030,2.099824,14.812746,0.241869,7.704294,0.186330
0.127950,42.642359,0.147824,2.095551,14.768308,0.241143,7.681181,0.185771
0.128100,42.669721,0.124681,2.091555,14.724003,0.240420,7.658137,0.185214
0.128250,42.697011,0.101599,2.087834,14.679831,0.239699,7.635163,0.184658
0.128400,42.724220,0.078577,2.084390,14.635792,0.238980,7.612257,0.184104
0.128550,42.751340,0.055613,2.081222,14.591884,0.238263,7.589420,0.183552
0.128700,42.778364,0.032706,2.078331,14.548109,0.237548,7.566652,0.183001
0.128850,42.805284,0.009853,2.075716,14.504464,0.236835,7.543952,0.182452
0.129000,42.832095,-0.012947,2.073378,14.460951,0.236125,7.521320,0.181905
0.129150,42.858792,-0.035696,2.071316,14.417568,0.235416,7.498756,0.181359
0.129300,42.885368,-0.058396,2.069532,14.374315,0.234710,7.476260,0.180815
0.129450,42.911819,-0.081048,2.068024,14.331192,0.234006,7.453831,0.180272
0.129600,42.938141,-0.103654,2.066794,14.288199,0.233304,7.431470,0.179732
0.129750,42.964330,-0.126215,2.065841,14.245334,0.232604,7.409175,0.179192
0.129900,42.990383,-0.148735,2.065165,14.202598,0.231906,7.386948,0.178655
0.130050,43.016299,-0.171213,2.064766,14.159990,0.231211,7.364787,0.178119
0.130200,43.042076,-0.193653,2.064646,14.117510,0.230517,7.342693,0.177584
0.130350,43.067714,-0.216056,2.064802,14.075158,0.229825,7.320665,0.177052
0.130500,43.093214,-0.238423,2.065237,14.032932,0.229136,7.298703,0.176521
0.130650,43.118579,-0.260757,2.065950,13.990834,0.228448,7.276807,0.175991
0.130800,43.143812,-0.283059,2.066941,13.948861,0.227763,7.254976,0.175463
0.130950,43.168916,-0.305331,2.068210,13.907015,0.227080,7.233211,0.174937
0.131100,43.193895,-0.327575,2.069757,13.865293,0.226399,7.211512,0.174412
0.131250,43.218756,-0.349792,2.071583,13.823698,0.225719,7.189877,0.173889
0.131400,43.243504,-0.371985,2.073687,13.782227,0.225042,7.168307,0.173367
0.131550,43.268146,-0.394155,2.076071,13.740880,0.224367,7.146803,0.172847
0.131700,43.292688,-0.416304,2.078733,13.699657,0.223694,7.125362,0.172328
0.131850,43.317136,-0.438433,2.081674,13.658558,0.223023,7.103986,0.171811
0.132000,43.341498,-0.460546,2.084895,13.617583,0.222354,7.082674,0.171296
0.132150,43.365779,-0.482643,2.088395,13.576730,0.221687,7.061426,0.170782
0.132300,43.389987,-0.504726,2.092174,13.536000,0.221022,7.040242,0.170270
0.132450,43.414126,-0.526797,2.096233,13.495392,0.220359,7.019121,0.169759
0.132600,43.438203,-0.548857,2.100572,13.454905,0.219698,6.998064,0.169250
0.132750,43.462222,-0.570910,2.105191,13.414541,0.219039,6.977069,0.168742
0.132900,43.486186,-0.592956,2.110091,13.374297,0.218381,6.956138,0.168236
0.133050,43.510100,-0.614997,2.115270,13.334174,0.217726,6.935270,0.167731
0.133200,43.533967,-0.637035,2.120731,13.294172,0.217073,6.914464,0.167228
0.133350,43.557788,-0.659071,2.126471,13.254289,0.216422,6.893721,0.166726
0.133500,43.581565,-0.681109,2.132493,13.214526,0.215773,6.873039,0.166226
0.133650,43.605298,-0.703149,2.138796,13.174883,0.215125,6.852420,0.165727
0.133800,43.628989,-0.725193,2.145381,13.135358,0.214480,6.831863,0.165230
0.133950,43.652638,-0.747243,2.152246,13.095952,0.213836,6.811368,0.164734
0.134100,43.676243,-0.769300,2.159394,13.056664,0.213195,6.790933,0.164240
0.134250,43.699804,-0.791367,2.166823,13.017494,0.212555,6.770561,0.163747
0.134400,43.723320,-0.813446,2.174534,12.978442,0.211918,6.750249,0.163256
0.134550,43.746790,-0.835537,2.182528,12.939506,0.211282,6.729998,0.162766
0.134700,43.770214,-0.857643,2.190803,12.900688,0.210648,6.709808,0.162278
0.134850,43.793591,-0.879766,2.199362,12.861986,0.210016,6.689679,0.161791
0.135000,43.816919,-0.901907,2.208203,12.823400,0.209386,6.669610,0.161306
0.135150,43.840199,-0.924067,2.217327,12.784930,0.208758,6.649601,0.160822
0.135300,43.863430,-0.946250,2.226735,12.746575,0.208132,6.629652,0.160339
0.135450,43.886614,-0.968456,2.236426,12.708335,0.207507,6.609763,0.159858
0.135600,43.909749,-0.990687,2.246400,12.670210,0.206885,6.589934,0.159379
0.135750,43.932839,-1.012945,2.256658,12.632199,0.206264,6.570164,0.158901
0.135900,43.955884,-1.035231,2.267200,12.594303,0.205645,6.550454,0.158424
0.136050,43.978886,-1.057547,2.278027,12.556520,0.205028,6.530802,0.157949
0.136200,44.001847,-1.079896,2.289137,12.518850,0.204413,6.511210,0.157475
0.136350,44.024770,-1.102278,2.300532,12.481294,0.203800,6.491676,0.157002
0.136500,44.047659,-1.124694,2.312212,12.443850,0.203189,6.472201,0.156531
0.136650,44.070515,-1.147148,2.324177,12.406518,0.202579,6.452785,0.156062
0.136800,44.093343,-1.169640,2.336427,12.369299,0.201971,6.433426,0.155594
0.136950,44.116145,-1.192172,2.348962,12.332191,0.201365,6.414126,0.155127
0.137100,44.138926,-1.214745,2.361782,12.295194,0.200761,6.394884,0.154661
0.137250,44.161687,-1.237362,2.374888,12.258309,0.200159,6.375699,0.154198
0.137400,44.184433,-1.260023,2.388280,12.221534,0.199559,6.356572,0.153735
0.137550,44.207167,-1.282730,2.401958,12.184869,0.198960,6.337502,0.153274
0.137700,44.229890,-1.305485,2.415921,12.148315,0.198363,6.318490,0.152814
0.137850,44.252605,-1.328289,2.430171,12.111870,0.197768,6.299534,0.152355
0.138000,44.275315,-1.351144,2.444708,12.075534,0.197175,6.280635,0.151898
0.138150,44.298020,-1.374052,2.459530,12.039307,0.196583,6.261794,0.151443
0.138300,44.320723,-1.397012,2.474640,12.003190,0.195993,6.243008,0.150988
0.138450,44.343423,-1.420028,2.490036,11.967180,0.195405,6.224279,0.150535
0.138600,44.366121,-1.443100,2.505719,11.931278,0.194819,6.205606,0.150084
0.138750,44.388818,-1.466231,2.521689,11.895485,0.194235,6.186990,0.149634
0.138900,44.411511,-1.489420,2.537946,11.859798,0.193652,6.168429,0.149185
0.139050,44.434201,-1.512670,2.554490,11.824219,0.193071,6.149923,0.148737
0.139200,44.456886,-1.535982,2.571321,11.788746,0.192492,6.131473,0.148291
0.139350,44.479565,-1.559357,2.588440,11.753380,0.191914,6.113079,0.147846
0.139500,44.502234,-1.582797,2.605845,11.718120,0.191339,6.094740,0.147402
0.139650,44.524892,-1.606302,2.623539,11.682965,0.190765,6.076456,0.146960
0.139800,44.547536,-1.629875,2.641519,11.647916,0.190192,6.058226,0.146519
0.139950,44.570164,-1.653515,2.659788,11.612973,0.189622,6.040052,0.146080
0.140100,44.592771,-1.677225,2.678343,11.578134,0.189053,6.021931,0.145642
0.140250,44.615356,-1.701006,2.697186,11.543399,0.188486,6.003866,0.145205
0.140400,44.637915,-1.724858,2.716317,11.508769,0.187920,5.985854,0.144769
0.140550,44.660444,-1.748784,2.735735,11.474243,0.187356,5.967896,0.144335
0.140700,44.682942,-1.772783,2.755440,11.439820,0.186794,5.949993,0.143902
0.140850,44.705404,-1.796857,2.775433,11.405501,0.186234,5.932143,0.143470
0.141000,44.727829,-1.821007,2.795713,11.371284,0.185675,5.914346,0.143040
0.141150,44.750213,-1.845234,2.816280,11.337170,0.185118,5.896603,0.142610
0.141300,44.772553,-1.869539,2.837134,11.303159,0.184563,5.878914,0.142183
0.141450,44.794849,-1.893923,2.858275,11.269249,0.184009,5.861277,0.141756
0.141600,44.817098,-1.918386,2.879703,11.235442,0.183457,5.843693,0.141331
0.141750,44.839298,-1.942931,2.901417,11.201735,0.182907,5.826162,0.140907
0.141900,44.861448,-1.967556,2.923418,11.168130,0.182358,5.808683,0.140484
0.142050,44.883546,-1.992265,2.945705,11.134626,0.181811,5.791257,0.140063
0.142200,44.905591,-2.017056,2.968279,11.101222,0.181266,5.773884,0.139642
0.142350,44.927583,-2.041931,2.991138,11.067918,0.180722,5.756562,0.139224
0.142500,44.949521,-2.066891,3.014282,11.034714,0.180180,5.739292,0.138806
0.142650,44.971405,-2.091936,3.037712,11.001610,0.179639,5.722074,0.138389
0.142800,44.993234,-2.117067,3.061428,10.968605,0.179100,5.704908,0.137974
0.142950,45.015007,-2.142285,3.085427,10.935700,0.178563,5.687793,0.137560
0.143100,45.036726,-2.167590,3.109712,10.902893,0.178027,5.670730,0.137148
0.143250,45.058388,-2.192983,3.134280,10.870184,0.177493,5.653718,0.136736
0.143400,45.079996,-2.218463,3.159132,10.837573,0.176961,5.636757,0.136326
0.143550,45.101548,-2.244033,3.184267,10.805061,0.176430,5.619846,0.135917
0.143700,45.123044,-2.269692,3.209685,10.772645,0.175900,5.602987,0.135509
0.143850,45.144485,-2.295440,3.235385,10.740327,0.175373,5.586178,0.135103
0.144000,45.165869,-2.321279,3.261367,10.708106,0.174847,5.569419,0.134697
0.144150,45.187197,-2.347207,3.287631,10.675982,0.174322,5.552711,0.134293
0.144300,45.208469,-2.373227,3.314175,10.643954,0.173799,5.536053,0.133891
0.144450,45.229684,-2.399337,3.341000,10.612022,0.173278,5.519445,0.133489
0.144600,45.250842,-2.425538,3.368105,10.580186,0.172758,5.502886,0.133088
0.144750,45.271942,-2.451831,3.395488,10.548446,0.172240,5.486378,0.132689
0.144900,45.292984,-2.478216,3.423151,10.516800,0.171723,5.469919,0.132291
0.145050,45.313966,-2.504692,3.451091,10.485250,0.171208,5.453509,0.131894
0.145200,45.334889,-2.531260,3.479308,10.453794,0.170694,5.437148,0.131498
0.145350,45.355752,-2.557919,3.507802,10.422433,0.170182,5.420837,0.131104
0.145500,45.376554,-2.584671,3.536571,10.391166,0.169672,5.404574,0.130711
0.145650,45.397294,-2.611514,3.565616,10.359992,0.169162,5.388361,0.130319
0.145800,45.417972,-2.638449,3.594935,10.328912,0.168655,5.372196,0.129928
0.145950,45.438587,-2.665476,3.624527,10.297925,0.168149,5.356079,0.129538
0.146100,45.459138,-2.692595,3.654391,10.267032,0.167645,5.340011,0.129149
0.146250,45.479626,-2.719804,3.684528,10.236230,0.167142,5.323991,0.128762
0.146400,45.500048,-2.747105,3.714310,10.205522,0.166640,5.308019,0.128375
0.146550,45.520406,-2.774492,3.743303,10.174905,0.166140,5.292095,0.127990
0.146700,45.540699,-2.801963,3.772609,10.144381,0.165642,5.276218,0.127606
0.146850,45.560926,-2.829521,3.803775,10.113947,0.165145,5.260390,0.127224
0.147000,45.581087,-2.857169,3.835246,10.083606,0.164650,5.244609,0.126842
0.147150,45.601183,-2.884907,3.866982,10.053355,0.164156,5.228875,0.126461
0.147300,45.621212,-2.912734,3.898983,10.023195,0.163663,5.213188,0.126082
0.147450,45.641176,-2.940651,3.931248,9.993125,0.163172,5.197549,0.125704
0.147600,45.661075,-2.968656,3.963775,9.963146,0.162683,5.181956,0.125327
0.147750,45.680908,-2.996749,3.996564,9.933256,0.162195,5.166410,0.124951
0.147900,45.700676,-3.024930,4.029613,9.903456,0.161708,5.150911,0.124576
0.148050,45.720379,-3.053198,4.062920,9.873746,0.161223,5.135458,0.124202
0.148200,45.740017,-3.081552,4.096485,9.844125,0.160739,5.120052,0.123829
0.148350,45.759592,-3.109993,4.130307,9.814592,0.160257,5.104692,0.123458
0.148500,45.779102,-3.138518,4.164383,9.785149,0.159776,5.089378,0.123088
0.148650,45.798550,-3.167128,4.198713,9.755793,0.159297,5.074109,0.122718
0.148800,45.817934,-3.195823,4.233296,9.726526,0.158819,5.058887,0.122350
0.148950,45.837256,-3.224600,4.268129,9.697346,0.158343,5.043710,0.121983
0.149100,45.856515,-3.253459,4.303212,9.668254,0.157867,5.028579,0.121617
0.149250,45.875712,-3.282400,4.338543,9.639250,0.157394,5.013494,0.121252
0.149400,45.894848,-3.311422,4.374120,9.610332,0.156922,4.998453,0.120889
0.149550,45.913922,-3.340524,4.409942,9.581501,0.156451,4.983458,0.120526
0.149700,45.932935,-3.369705,4.446008,9.552756,0.155982,4.968507,0.120164
0.149850,45.951887,-3.398964,4.482316,9.524098,0.155514,4.953602,0.119804
0.150000,45.970777,-3.428300,4.518864,9.495526,0.155047,4.938741,0.119444
0.150150,45.989606,-3.457713,4.555650,9.467039,0.154582,4.923925,0.119086
0.150300,46.008366,-3.487201,4.592674,9.438638,0.154118,4.909153,0.118729
0.150450,46.027050,-3.516764,4.629932,9.410322,0.153656,4.894426,0.118373
0.150600,46.045643,-3.546399,4.667425,9.382091,0.153195,4.879742,0.118018
0.150750,46.064134,-3.576107,4.705149,9.353945,0.152735,4.865103,0.117663
0.150900,46.082510,-3.605887,4.743103,9.325883,0.152277,4.850508,0.117310
0.151050,46.100758,-3.635737,4.781285,9.297905,0.151820,4.835956,0.116959
0.151200,46.118869,-3.665656,4.819694,9.270012,0.151365,4.821448,0.116608
0.151350,46.136833,-3.695643,4.858328,9.242202,0.150911,4.806984,0.116258
0.151500,46.154646,-3.725696,4.897184,9.214475,0.150458,4.792563,0.115909
0.151650,46.172302,-3.755816,4.936261,9.186832,0.150007,4.778185,0.115561
0.151800,46.189802,-3.786001,4.975556,9.159271,0.149557,4.763851,0.115215
0.151950,46.207146,-3.816248,5.015069,9.131793,0.149108,4.749559,0.114869
0.152100,46.224339,-3.846559,5.054797,9.104398,0.148661,4.735311,0.114524
0.152250,46.241386,-3.876930,5.094738,9.077085,0.148215,4.721105,0.114181
0.152400,46.258296,-3.907361,5.134889,9.049853,0.147770,4.706941,0.113838
0.152550,46.275078,-3.937851,5.175250,9.022704,0.147327,4.692821,0.113497
0.152700,46.291745,-3.968399,5.215817,8.995636,0.146885,4.678742,0.113156
0.152850,46.308307,-3.999002,5.256589,8.968649,0.146444,4.664706,0.112817
0.153000,46.324777,-4.029661,5.297564,8.941743,0.146005,4.650712,0.112478
0.153150,46.341168,-4.060373,5.338739,8.914918,0.145567,4.636760,0.112141
0.153300,46.357493,-4.091138,5.380113,8.888173,0.145130,4.622849,0.111805
0.153450,46.373764,-4.121954,5.421683,8.861508,0.144695,4.608981,0.111469
0.153600,46.389991,-4.152820,5.463447,8.834924,0.144261,4.595154,0.111135
0.153750,46.406184,-4.183735,5.505402,8.808419,0.143828,4.581368,0.110801
0.153900,46.422352,-4.214697,5.547548,8.781994,0.143396,4.567624,0.110469
0.154050,46.438502,-4.245705,5.589880,8.755648,0.142966,4.553921,0.110137
0.154200,46.454637,-4.276757,5.632398,8.729381,0.142537,4.540260,0.109807
0.154350,46.470762,-4.307853,5.675098,8.703193,0.142110,4.526639,0.109478
0.154500,46.486878,-4.338991,5.717979,8.677083,0.141683,4.513059,0.109149
0.154650,46.502983,-4.370170,5.761038,8.651052,0.141258,4.499520,0.108822
0.154800,46.519077,-4.401389,5.804273,8.625099,0.140834,4.486021,0.108495
0.154950,46.535155,-4.432645,5.847681,8.599224,0.140412,4.472563,0.108170
0.155100,46.551213,-4.463939,5.891260,8.573426,0.139991,4.459145,0.107845
0.155250,46.567244,-4.495268,5.935008,8.547706,0.139571,4.445768,0.107522
0.155400,46.583242,-4.526631,5.978923,8.522062,0.139152,4.432431,0.107199
0.155550,46.599198,-4.558027,6.023001,8.496496,0.138735,4.419133,0.106878
0.155700,46.615106,-4.589454,6.067241,8.471007,0.138318,4.405876,0.106557
0.155850,46.630958,-4.620912,6.111640,8.445594,0.137903,4.392658,0.106237
0.156000,46.646745,-4.652398,6.156195,8.420257,0.137490,4.379480,0.105919
0.156150,46.662461,-4.683913,6.200905,8.394996,0.137077,4.366342,0.105601
0.156300,46.678100,-4.715453,6.245766,8.369811,0.136666,4.353243,0.105284
0.156450,46.693655,-4.747019,6.290776,8.344702,0.136256,4.340183,0.104968
0.156600,46.709123,-4.778608,6.335933,8.319668,0.135847,4.327163,0.104653
0.156750,46.724499,-4.810220,6.381234,8.294709,0.135440,4.314181,0.104339
0.156900,46.739781,-4.841852,6.426677,8.269825,0.135033,4.301239,0.104026
0.157050,46.754968,-4.873505,6.472259,8.245015,0.134628,4.288335,0.103714
0.157200,46.770061,-4.905176,6.517978,8.220280,0.134224,4.275470,0.103403
0.157350,46.785059,-4.936864,6.563831,8.195619,0.133822,4.262643,0.103093
0.157500,46.799966,-4.968569,6.609815,8.171032,0.133420,4.249856,0.102784
0.157650,46.814784,-5.000288,6.655928,8.146519,0.133020,4.237106,0.102475
0.157800,46.829517,-5.032020,6.702168,8.122080,0.132621,4.224395,0.102168
0.157950,46.844171,-5.063765,6.748531,8.097713,0.132223,4.211721,0.101861
0.158100,46.858750,-5.095521,6.795016,8.073420,0.131826,4.199086,0.101556
0.158250,46.873258,-5.127286,6.841619,8.049200,0.131431,4.186489,0.101251
0.158400,46.887703,-5.159060,6.888339,8.025052,0.131037,4.173930,0.100947
0.158550,46.902089,-5.190841,6.935172,8.000977,0.130643,4.161408,0.100644
0.158700,46.916422,-5.222628,6.982116,7.976974,0.130252,4.148924,0.100343
0.158850,46.930706,-5.254420,7.029168,7.953043,0.129861,4.136477,0.100041
0.159000,46.944946,-5.286216,7.076325,7.929184,0.129471,4.124067,0.099741
0.159150,46.959145,-5.318014,7.123586,7.905397,0.129083,4.111695,0.099442
0.159300,46.973307,-5.349814,7.170948,7.881681,0.128696,4.099360,0.099144
0.159450,46.987434,-5.381613,7.218407,7.858036,0.128309,4.087062,0.098846
0.159600,47.001527,-5.413412,7.265961,7.834461,0.127925,4.074801,0.098550
0.159750,47.015587,-5.445208,7.313608,7.810958,0.127541,4.062576,0.098254
0.159900,47.029614,-5.477001,7.361345,7.787525,0.127158,4.050389,0.097959
0.160050,47.043608,-5.508790,7.409170,7.764163,0.126777,4.038238,0.097666
0.160200,47.057566,-5.540573,7.457079,7.740870,0.126396,4.026123,0.097373
0.160350,47.071486,-5.572349,7.505070,7.717647,0.126017,4.014044,0.097080
0.160500,47.085367,-5.604117,7.553141,7.694495,0.125639,4.002002,0.096789
0.160650,47.099206,-5.635877,7.601288,7.671411,0.125262,3.989996,0.096499
0.160800,47.112998,-5.667626,7.649510,7.648397,0.124886,3.978026,0.096209
0.160950,47.126742,-5.699365,7.697804,7.625452,0.124512,3.966092,0.095921
0.161100,47.140433,-5.731091,7.746167,7.602575,0.124138,3.954194,0.095633
0.161250,47.154069,-5.762804,7.794596,7.579768,0.123766,3.942331,0.095346
0.161400,47.167647,-5.794503,7.843089,7.557028,0.123394,3.930504,0.095060
0.161550,47.181163,-5.826187,7.891643,7.534357,0.123024,3.918713,0.094775
0.161700,47.194616,-5.857854,7.940256,7.511754,0.122655,3.906957,0.094491
0.161850,47.208004,-5.889504,7.988925,7.489219,0.122287,3.895236,0.094207
0.162000,47.221326,-5.921136,8.037647,7.466751,0.121920,3.883550,0.093924
0.162150,47.234580,-5.952748,8.086420,7.444351,0.121555,3.871900,0.093643
0.162300,47.247767,-5.984340,8.135241,7.422018,0.121190,3.860284,0.093362
0.162450,47.260886,-6.015911,8.184108,7.399752,0.120826,3.848703,0.093082
0.162600,47.273938,-6.047459,8.233018,7.377553,0.120464,3.837157,0.092802
0.162750,47.286925,-6.078985,8.281969,7.355420,0.120103,3.825645,0.092524
0.162900,47.299848,-6.110486,8.330958,7.333354,0.119742,3.814168,0.092246
0.163050,47.312709,-6.141962,8.379982,7.311354,0.119383,3.802726,0.091970
0.163200,47.325510,-6.173412,8.429039,7.289420,0.119025,3.791318,0.091694
0.163350,47.338253,-6.204835,8.478126,7.267551,0.118668,3.779944,0.091419
0.163500,47.350941,-6.236230,8.527241,7.245749,0.118312,3.768604,0.091144
0.163650,47.363576,-6.267597,8.576381,7.224011,0.117957,3.757298,0.090871
0.163800,47.376161,-6.298934,8.625544,7.202339,0.117603,3.746026,0.090598
0.163950,47.388697,-6.330240,8.674727,7.180732,0.117250,3.734788,0.090327
0.164100,47.401188,-6.361515,8.723928,7.159190,0.116898,3.723584,0.090056
0.164250,47.413634,-6.392758,8.773144,7.137713,0.116548,3.712413,0.089785
0.164400,47.426038,-6.423967,8.822373,7.116299,0.116198,3.701276,0.089516
0.164550,47.438399,-6.455143,8.871612,7.094950,0.115849,3.690172,0.089248
0.164700,47.450720,-6.486284,8.920859,7.073666,0.115502,3.679101,0.088980
0.164850,47.463001,-6.517389,8.970111,7.052445,0.115155,3.668064,0.088713
0.165000,47.475241,-6.548458,9.019366,7.031287,0.114810,3.657060,0.088447
0.165150,47.487440,-6.579490,9.068621,7.010193,0.114466,3.646089,0.088181
0.165300,47.499597,-6.610484,9.117875,6.989163,0.114122,3.635151,0.087917
0.165450,47.511712,-6.641438,9.167124,6.968195,0.113780,3.624245,0.087653
0.165600,47.523784,-6.672354,9.216366,6.947291,0.113438,3.613372,0.087390
0.165750,47.535811,-6.703228,9.265599,6.926449,0.113098,3.602532,0.087128
0.165900,47.547791,-6.734062,9.314820,6.905670,0.112759,3.591725,0.086867
0.166050,47.559724,-6.764854,9.364028,6.884953,0.112421,3.580949,0.086606
0.166200,47.571607,-6.795603,9.413219,6.864298,0.112083,3.570207,0.086346
0.166350,47.583440,-6.826309,9.462391,6.843705,0.111747,3.559496,0.086087
0.166500,47.595221,-6.856971,9.511543,6.823174,0.111412,3.548818,0.085829
0.166650,47.606949,-6.887587,9.560671,6.802704,0.111078,3.538171,0.085571
0.166800,47.618623,-6.918159,9.609774,6.782296,0.110744,3.527557,0.085315
0.166950,47.630243,-6.948683,9.658848,6.761949,0.110412,3.516974,0.085059
0.167100,47.641807,-6.979161,9.707893,6.741663,0.110081,3.506423,0.084804
0.167250,47.653317,-7.009592,9.756905,6.721438,0.109751,3.495904,0.084549
0.167400,47.664771,-7.039974,9.805882,6.701274,0.109421,3.485416,0.084295
0.167550,47.676171,-7.070306,9.854822,6.681170,0.109093,3.474960,0.084043
0.167700,47.687516,-7.100589,9.903723,6.661127,0.108766,3.464535,0.083790
0.167850,47.698807,-7.130822,9.952583,6.641143,0.108440,3.454141,0.083539
0.168000,47.710046,-7.161004,10.001399,6.621220,0.108114,3.443779,0.083288
0.168150,47.721234,-7.191134,10.050169,6.601356,0.107790,3.433447,0.083039
0.168300,47.732371,-7.221211,10.098891,6.581552,0.107466,3.423147,0.082789
0.168450,47.743458,-7.251236,10.147564,6.561808,0.107144,3.412878,0.082541
0.168600,47.754499,-7.281207,10.196184,6.542122,0.106823,3.402639,0.082293
0.168750,47.765492,-7.311124,10.244749,6.522496,0.106502,3.392431,0.082047
0.168900,47.776440,-7.340986,10.293258,6.502928,0.106183,3.382254,0.081800
0.169050,47.787344,-7.370792,10.341709,6.483419,0.105864,3.372107,0.081555
0.169200,47.798206,-7.400542,10.390099,6.463969,0.105547,3.361991,0.081310
0.169350,47.809024,-7.430236,10.438426,6.444577,0.105230,3.351905,0.081066
0.169500,47.819802,-7.459872,10.486689,6.425244,0.104914,3.341849,0.080823
0.169650,47.830538,-7.489451,10.534885,6.405968,0.104599,3.331824,0.080581
0.169800,47.841235,-7.518971,10.583012,6.386750,0.104286,3.321828,0.080339
0.169950,47.851891,-7.548431,10.631068,6.367590,0.103973,3.311863,0.080098
0.170100,47.862507,-7.577833,10.679051,6.348487,0.103661,3.301927,0.079858
0.170250,47.873083,-7.607174,10.726960,6.329441,0.103350,3.292021,0.079618
0.170400,47.883619,-7.636454,10.774792,6.310453,0.103040,3.282145,0.079379
0.170550,47.894114,-7.665673,10.822546,6.291522,0.102731,3.272299,0.079141
0.170700,47.904569,-7.694830,10.870219,6.272647,0.102423,3.262482,0.078904
0.170850,47.914981,-7.723925,10.917810,6.253829,0.102115,3.252694,0.078667
0.171000,47.925352,-7.752957,10.965316,6.235068,0.101809,3.242936,0.078431
0.171150,47.935680,-7.781926,11.012736,6.216363,0.101503,3.233207,0.078196
0.171300,47.945965,-7.810830,11.060069,6.197713,0.101199,3.223508,0.077961
0.171450,47.956207,-7.839670,11.107311,6.179120,0.100895,3.213837,0.077727
0.171600,47.966404,-7.868445,11.154462,6.160583,0.100593,3.204196,0.077494
0.171750,47.976557,-7.897154,11.201520,6.142101,0.100291,3.194583,0.077262
0.171900,47.986666,-7.925798,11.248482,6.123675,0.099990,3.184999,0.077030
0.172050,47.996729,-7.954374,11.295348,6.105304,0.099690,3.175444,0.076799
0.172200,48.006748,-7.982884,11.342115,6.086988,0.099391,3.165918,0.076568
0.172350,48.016722,-8.011326,11.388781,6.068727,0.099093,3.156420,0.076339
0.172500,48.026651,-8.039700,11.435346,6.050521,0.098796,3.146951,0.076110
0.172650,48.036536,-8.068006,11.481807,6.032369,0.098499,3.137510,0.075881
0.172800,48.046377,-8.096243,11.528162,6.014272,0.098204,3.128098,0.075654
0.172950,48.056175,-8.124410,11.574411,5.996229,0.097909,3.118713,0.075427
0.173100,48.065930,-8.152507,11.620550,5.978241,0.097615,3.109357,0.075200
0.173250,48.075643,-8.180534,11.666576,5.960306,0.097322,3.100029,0.074975
0.173400,48.085315,-8.208490,11.707281,5.942425,0.097031,3.090729,0.074750
0.173550,48.094946,-8.236374,11.747814,5.924598,0.096739,3.081457,0.074526
0.173700,48.104537,-8.264186,11.791313,5.906824,0.096449,3.072213,0.074302
0.173850,48.114088,-8.291925,11.836898,5.889103,0.096160,3.062996,0.074079
0.174000,48.123601,-8.319592,11.882366,5.871436,0.095871,3.053807,0.073857
0.174150,48.133076,-8.347186,11.927714,5.853822,0.095584,3.044646,0.073635
0.174300,48.142514,-8.374706,11.972942,5.836260,0.095297,3.035512,0.073414
0.174450,48.151915,-8.402153,12.018048,5.818752,0.095011,3.026405,0.073194
0.174600,48.161279,-8.429525,12.063030,5.801295,0.094726,3.017326,0.072975
0.174750,48.170608,-8.456822,12.107887,5.783891,0.094442,3.008274,0.072756
0.174900,48.179900,-8.484044,12.152618,5.766540,0.094159,2.999249,0.072537
0.175050,48.189157,-8.511190,12.197222,5.749240,0.093876,2.990251,0.072320
0.175200,48.198379,-8.538261,12.241696,5.731992,0.093594,2.981281,0.072103
0.175350,48.207565,-8.565255,12.286039,5.714796,0.093314,2.972337,0.071887
0.175500,48.216716,-8.592172,12.330251,5.697652,0.093034,2.963420,0.071671
0.175650,48.225831,-8.619012,12.374330,5.680559,0.092755,2.954529,0.071456
0.175800,48.234911,-8.645774,12.418274,5.663517,0.092476,2.945666,0.071242
0.175950,48.243955,-8.672458,12.462083,5.646527,0.092199,2.936829,0.071028
0.176100,48.252963,-8.699064,12.505754,5.629587,0.091922,2.928018,0.070815
0.176250,48.261936,-8.725591,12.549288,5.612699,0.091647,2.919234,0.070602
0.176400,48.270872,-8.752038,12.592682,5.595860,0.091372,2.910477,0.070390
0.176550,48.279772,-8.778407,12.635935,5.579073,0.091098,2.901745,0.070179
0.176700,48.288636,-8.804695,12.679047,5.562336,0.090824,2.893040,0.069969
0.176850,48.297463,-8.830903,12.722015,5.545649,0.090552,2.884361,0.069759
0.177000,48.306255,-8.857030,12.764840,5.529012,0.090280,2.875708,0.069550
0.177150,48.315010,-8.883076,12.807519,5.512425,0.090009,2.867081,0.069341
0.177300,48.323729,-8.909041,12.850051,5.495887,0.089739,2.858479,0.069133
0.177450,48.332413,-8.934924,12.892437,5.479400,0.089470,2.849904,0.068925
0.177600,48.341061,-8.960725,12.934673,5.462962,0.089202,2.841354,0.068719
0.177750,48.349674,-8.986444,12.976760,5.446573,0.088934,2.832830,0.068513
0.177900,48.358252,-9.012080,13.018696,5.430233,0.088667,2.824332,0.068307
0.178050,48.366796,-9.037632,13.060481,5.413942,0.088401,2.815859,0.068102
0.178200,48.375306,-9.063102,13.102113,5.397700,0.088136,2.807411,0.067898
0.178350,48.383782,-9.088487,13.143591,5.381507,0.087872,2.798989,0.067694
0.178500,48.392226,-9.113788,13.184914,5.365363,0.087608,2.790592,0.067491
0.178650,48.400637,-9.139005,13.226082,5.349267,0.087345,2.782220,0.067289
0.178800,48.409016,-9.164137,13.267093,5.333219,0.087083,2.773873,0.067087
0.178950,48.417364,-9.189184,13.307947,5.317219,0.086822,2.765552,0.066885
0.179100,48.425680,-9.214145,13.348642,5.301268,0.086561,2.757255,0.066685
0.179250,48.433966,-9.239021,13.389178,5.285364,0.086302,2.748983,0.066485
0.179400,48.442221,-9.263811,13.429554,5.269508,0.086043,2.740736,0.066285
0.179550,48.450447,-9.288514,13.469769,5.253699,0.085785,2.732514,0.066086
0.179700,48.458643,-9.313131,13.509822,5.237938,0.085527,2.724317,0.065888
0.179850,48.466809,-9.337661,13.549712,5.222224,0.085271,2.716144,0.065690
0.180000,48.474947,-9.362103,13.589438,5.206558,0.085015,2.707995,0.065493
0.180150,48.483055,-9.386458,13.629001,5.190938,0.084760,2.699871,0.065297
0.180300,48.491135,-9.410725,13.668398,5.175365,0.084506,2.691772,0.065101
0.180450,48.499186,-9.434904,13.707630,5.159839,0.084252,2.683696,0.064906
0.180600,48.507208,-9.458994,13.746695,5.144359,0.083999,2.675645,0.064711
0.180750,48.515202,-9.482996,13.785593,5.128926,0.083747,2.667618,0.064517
0.180900,48.523167,-9.506909,13.824323,5.113540,0.083496,2.659616,0.064323
0.181050,48.531104,-9.530732,13.862884,5.098199,0.083246,2.651637,0.064130
0.181200,48.539012,-9.554466,13.901276,5.082904,0.082996,2.643682,0.063938
0.181350,48.546892,-9.578111,13.939498,5.067656,0.082747,2.635751,0.063746
0.181500,48.554744,-9.601665,13.977549,5.052453,0.082499,2.627844,0.063555
0.181650,48.562568,-9.625128,14.015429,5.037295,0.082251,2.619960,0.063364
0.181800,48.570363,-9.648502,14.053138,5.022183,0.082004,2.612100,0.063174
0.181950,48.578130,-9.671784,14.090673,5.007117,0.081758,2.604264,0.062985
0.182100,48.585870,-9.694975,14.128036,4.992096,0.081513,2.596451,0.062796
0.182250,48.593582,-9.718075,14.165226,4.977119,0.081269,2.588662,0.062607
0.182400,48.601266,-9.741083,14.202241,4.962188,0.081025,2.580896,0.062419
0.182550,48.608923,-9.763999,14.239081,4.947301,0.080782,2.573153,0.062232
0.182700,48.616553,-9.786824,14.275747,4.932459,0.080539,2.565434,0.062046
0.182850,48.624157,-9.809556,14.312236,4.917662,0.080298,2.557737,0.061859
0.183000,48.631734,-9.832195,14.348550,4.902909,0.080057,2.550064,0.061674
0.183150,48.639285,-9.854741,14.384687,4.888200,0.079817,2.542414,0.061489
0.183300,48.646811,-9.877195,14.420647,4.873536,0.079577,2.534787,0.061304
0.183450,48.654311,-9.899555,14.456430,4.858915,0.079338,2.527182,0.061120
0.183600,48.661786,-9.921822,14.492034,4.844338,0.079100,2.519601,0.060937
0.183750,48.669236,-9.943994,14.527460,4.829805,0.078863,2.512042,0.060754
0.183900,48.676662,-9.966073,14.562708,4.815316,0.078627,2.504506,0.060572
0.184050,48.684064,-9.988058,14.597776,4.800870,0.078391,2.496992,0.060390
0.184200,48.691441,-10.009949,14.632665,4.786467,0.078156,2.489501,0.060209
0.184350,48.698796,-10.031744,14.667374,4.772108,0.077921,2.482033,0.060028
0.184500,48.706127,-10.053445,14.701902,4.757792,0.077687,2.474587,0.059848
0.184650,48.713434,-10.075051,14.736251,4.743518,0.077454,2.467163,0.059669
0.184800,48.720719,-10.096562,14.770418,4.729288,0.077222,2.459761,0.059490
0.184950,48.727981,-10.117977,14.804404,4.715100,0.076990,2.452382,0.059311
0.185100,48.735220,-10.139297,14.838209,4.700955,0.076759,2.445025,0.059133
0.185250,48.742436,-10.160521,14.871832,4.686852,0.076529,2.437690,0.058956
0.185400,48.749630,-10.181649,14.905273,4.672791,0.076299,2.430377,0.058779
0.185550,48.756802,-10.202681,14.938532,4.658773,0.076070,2.423086,0.058603
0.185700,48.763951,-10.223616,14.971609,4.644797,0.075842,2.415816,0.058427
0.185850,48.771078,-10.244455,15.004503,4.630862,0.075615,2.408569,0.058252
0.186000,48.778182,-10.265197,15.037214,4.616970,0.075388,2.401343,0.058077
0.186150,48.785264,-10.285842,15.069742,4.603119,0.075162,2.394139,0.057903
0.186300,48.792324,-10.306390,15.102086,4.589309,0.074936,2.386957,0.057729
0.186450,48.799362,-10.326840,15.134247,4.575541,0.074711,2.379796,0.057556
0.186600,48.806377,-10.347193,15.166225,4.561815,0.074487,2.372657,0.057383
0.186750,48.813370,-10.367449,15.198019,4.548129,0.074264,2.365539,0.057211
0.186900,48.820341,-10.387607,15.229629,4.534485,0.074041,2.358442,0.057039
0.187050,48.827290,-10.407666,15.261055,4.520881,0.073819,2.351367,0.056868
0.187200,48.834217,-10.427628,15.292297,4.507319,0.073597,2.344313,0.056698
0.187350,48.841122,-10.447491,15.323354,4.493797,0.073377,2.337280,0.056528
0.187500,48.848005,-10.467256,15.354227,4.480315,0.073157,2.330268,0.056358
0.187650,48.854867,-10.486923,15.384916,4.466874,0.072937,2.323277,0.056189
0.187800,48.861707,-10.506490,15.415421,4.453474,0.072718,2.316307,0.056020
0.187950,48.868525,-10.525959,15.445741,4.440113,0.072500,2.309358,0.055852
0.188100,48.875322,-10.545328,15.475876,4.426793,0.072283,2.302430,0.055685
0.188250,48.882098,-10.564599,15.505827,4.413513,0.072066,2.295523,0.055518
0.188400,48.888853,-10.583770,15.535593,4.400272,0.071850,2.288636,0.055351
0.188550,48.895587,-10.602842,15.565174,4.387071,0.071634,2.281770,0.055185
0.188700,48.902300,-10.621814,15.594571,4.373910,0.071419,2.274925,0.055020
0.188850,48.908992,-10.640686,15.623784,4.360788,0.071205,2.268100,0.054854
0.189000,48.915663,-10.659458,15.652811,4.347706,0.070991,2.261296,0.054690
0.189150,48.922314,-10.678131,15.681654,4.334663,0.070778,2.254512,0.054526
0.189300,48.928944,-10.696703,15.710313,4.321659,0.070566,2.247749,0.054362
0.189450,48.935554,-10.715175,15.738787,4.308694,0.070354,2.241005,0.054199
0.189600,48.942143,-10.733547,15.767076,4.295768,0.070143,2.234282,0.054037
0.189750,48.948712,-10.751818,15.795181,4.282881,0.069933,2.227579,0.053874
0.189900,48.955260,-10.769989,15.823102,4.270032,0.069723,2.220897,0.053713
0.190050,48.961788,-10.788058,15.850839,4.257222,0.069514,2.214234,0.053552
0.190200,48.968296,-10.806027,15.878392,4.244450,0.069305,2.207591,0.053391
0.190350,48.974783,-10.823895,15.905760,4.231717,0.069097,2.200969,0.053231
0.190500,48.981249,-10.841662,15.932945,4.219022,0.068890,2.194366,0.053071
0.190650,48.987695,-10.859328,15.959946,4.206365,0.068683,2.187783,0.052912
0.190800,48.994120,-10.876893,15.986763,4.193746,0.068477,2.181219,0.052753
0.190950,49.000524,-10.894356,16.013397,4.181164,0.068272,2.174676,0.052595
0.191100,49.006907,-10.911717,16.039847,4.168621,0.068067,2.168152,0.052437
0.191250,49.013270,-10.928977,16.066115,4.156115,0.067863,2.161647,0.052280
0.191400,49.019611,-10.946136,16.092199,4.143647,0.067659,2.155162,0.052123
0.191550,49.025932,-10.963193,16.118100,4.131216,0.067456,2.148697,0.051967
0.191700,49.032232,-10.980147,16.143819,4.118822,0.067254,2.142251,0.051811
0.191850,49.038510,-10.997000,16.169355,4.106466,0.067052,2.135824,0.051655
0.192000,49.044767,-11.013751,16.194710,4.094146,0.066851,2.129416,0.051500
0.192150,49.051003,-11.030400,16.219882,4.081864,0.066650,2.123028,0.051346
0.192300,49.057218,-11.046946,16.244872,4.069618,0.066451,2.116659,0.051192
0.192450,49.063412,-11.063390,16.269680,4.057409,0.066251,2.110309,0.051038
0.192600,49.069585,-11.079732,16.294308,4.045237,0.066052,2.103978,0.050885
0.192750,49.075736,-11.095972,16.318754,4.033101,0.065854,2.097666,0.050732
0.192900,49.081866,-11.112109,16.343019,4.021002,0.065657,2.091373,0.050580
0.193050,49.087975,-11.128143,16.367104,4.008939,0.065460,2.085099,0.050429
0.193200,49.094063,-11.144075,16.391008,3.996912,0.065263,2.078844,0.050277
0.193350,49.100130,-11.159904,16.414732,3.984921,0.065068,2.072607,0.050126
0.193500,49.106175,-11.175630,16.438276,3.972967,0.064872,7.780675,0.049976
0.193650,49.112200,-11.191254,16.461641,3.961048,0.064678,10.614476,0.049826
0.193800,49.118203,-11.206774,16.484826,3.949165,0.064484,10.582633,0.049677
0.193950,49.124186,-11.222192,16.507833,3.937317,0.064290,10.550885,0.049528
0.194100,49.130147,-11.237506,16.530661,3.925505,0.064097,10.519232,0.049379
0.194250,49.136087,-11.252718,16.553311,3.913729,0.063905,10.487674,0.049231
0.194400,49.142006,-11.267826,16.575782,3.901988,0.063713,21.884783,0.049083
0.194550,49.147904,-11.282831,16.598076,3.890282,0.063522,21.819128,0.048936
0.194700,49.153781,-11.297733,16.620192,3.878611,0.063332,21.753671,0.048789
0.194850,49.159637,-11.312532,16.642132,3.866975,0.063142,21.688410,0.048643
0.195000,49.165471,-11.327227,16.663895,3.855374,0.062952,21.623345,0.048497
0.195150,49.171284,-11.341819,16.685481,3.843808,0.062763,21.558475,0.048351
0.195300,49.177077,-11.356307,16.706892,3.832276,0.062575,21.493799,0.048206
0.195450,49.182848,-11.370693,16.728126,3.820780,0.062387,21.429318,0.048062
0.195600,49.188597,-11.384974,16.749186,3.809317,0.062200,21.365030,0.047917
0.195750,49.194326,-11.399152,16.770071,3.797889,0.062014,21.300935,0.047774
0.195900,49.200034,-11.413227,16.790781,3.786496,0.061828,21.237032,0.047630
0.196050,49.205720,-11.427198,16.811317,3.775136,0.061642,21.173321,0.047488
0.196200,49.211385,-11.441065,16.831679,3.763811,0.061457,21.109801,0.047345
0.196350,49.217028,-11.454829,16.851868,3.752519,0.061273,21.046472,0.047203
0.196500,49.222651,-11.468489,16.871884,3.741262,0.061089,20.983332,0.047061
0.196650,49.228252,-11.482045,16.891728,3.730038,0.060906,20.920382,0.046920
0.196800,49.233832,-11.495498,16.911399,3.718848,0.060723,20.857621,0.046779
0.196950,49.239390,-11.508847,16.930898,3.707691,0.060541,20.795048,0.046639
0.197100,49.244927,-11.522092,16.950227,3.696568,0.060359,20.732663,0.046499
0.197250,49.250442,-11.535233,16.969384,3.685478,0.060178,20.670465,0.046360
0.197400,49.255936,-11.548270,16.988371,3.674422,0.059998,20.608454,0.046221
0.197550,49.261408,-11.561204,17.007188,3.663399,0.059818,20.546628,0.046082
0.197700,49.266858,-11.574034,17.025835,3.652409,0.059638,20.484988,0.045944
0.197850,49.272287,-11.586760,17.044313,3.641451,0.059459,20.423533,0.045806
0.198000,49.277695,-11.599382,17.062623,3.630527,0.059281,20.362263,0.045668
0.198150,49.283081,-11.611900,17.080764,3.619635,0.059103,20.301176,0.045531
0.198300,49.288445,-11.624315,17.098737,3.608777,0.058926,20.240272,0.045395
0.198450,49.293787,-11.636625,17.116543,3.597950,0.058749,20.179552,0.045259
0.198600,49.299108,-11.648832,17.134182,3.587156,0.058573,20.119013,0.045123
0.198750,49.304408,-11.660935,17.151655,3.576395,0.058397,20.058656,0.044988
0.198900,49.309686,-11.672934,17.168962,3.565666,0.058222,19.998480,0.044853
0.199050,49.314942,-11.684829,17.186103,3.554969,0.058047,19.938485,0.044718
0.199200,49.320177,-11.696620,17.203079,3.544304,0.057873,19.878669,0.044584
0.199350,49.325390,-11.708307,17.219891,3.533671,0.057699,19.819033,0.044450
0.199500,49.330582,-11.719890,17.236539,3.523070,0.057526,19.759576,0.129605
0.199650,49.335748,-11.731370,17.253023,3.512501,0.057354,19.700297,0.176835
0.199800,49.340840,-11.742746,17.269344,3.501963,0.057182,19.641196,0.176304
0.199950,49.345733,-11.754017,17.285503,3.491457,0.057010,19.582273,0.175775
0.200100,49.350234,-11.765185,17.301499,3.480983,0.056839,19.523526,0.175248
0.200250,49.354100,-11.776250,17.317334,3.470540,0.056668,19.464955,0.174722
0.200400,49.357061,-11.787210,17.333008,3.460128,0.056498,19.406561,0.419096
0.200550,49.358825,-11.798067,17.348522,3.449748,0.056329,19.348341,0.417839
0.200700,49.359089,-11.808819,17.363875,3.439399,0.056160,19.290296,0.416585
0.200850,49.357560,-11.819469,17.379069,3.429081,0.055992,19.232425,0.415336
0.201000,49.353968,-11.830014,17.394104,3.418793,0.055824,19.174728,0.414090
0.201150,49.348086,-11.840455,17.408981,3.408537,0.055656,19.117203,0.412847
0.201300,49.339736,-11.850793,17.423699,3.398311,0.055489,19.059852,0.411609
0.201450,49.328808,-11.861028,17.438260,3.388116,0.055323,19.002672,0.410374
0.201600,49.315260,-11.871158,17.452664,3.377952,0.055157,18.945664,0.409143
0.201750,49.299121,-11.881185,17.466912,3.367818,0.054991,18.888827,0.407915
0.201900,49.280499,-11.891109,17.481004,3.357715,0.054826,18.832161,0.406692
0.202050,49.259570,-11.900928,17.494941,3.347642,0.054662,18.775664,0.405472
0.202200,49.236576,-11.910645,17.508722,3.337599,0.054498,18.719337,0.404255
0.202350,49.211818,-11.920258,17.522350,3.327586,0.054334,18.663179,0.403042
0.202500,49.185642,-11.929767,17.531845,3.317603,0.054171,18.607190,0.401833
0.202650,49.158429,-11.939173,17.537302,3.307650,0.054009,18.551368,0.400628
0.202800,49.130583,-11.948475,17.543738,3.297727,0.053847,18.495714,0.399426
0.202950,49.102512,-11.957674,17.556790,3.287834,0.053685,18.440227,0.398228
0.203100,49.074615,-11.966770,17.569714,3.277971,0.053524,18.384906,0.397033
0.203250,49.047267,-11.975763,17.582486,3.268137,0.053364,18.329752,0.395842
0.203400,49.020802,-11.984652,17.595108,3.258332,0.053203,18.274762,0.394654
0.203550,48.995506,-11.993438,17.607581,3.248557,0.053044,18.219938,0.393470
0.203700,48.971598,-12.002121,17.619904,3.238812,0.052885,18.165278,0.392290
0.203850,48.949228,-12.010701,17.632079,3.229095,0.052726,18.110782,0.391113
0.204000,48.928467,-12.019177,17.644105,3.219408,0.052568,18.056450,0.389940
0.204150,48.909308,-12.027551,17.655984,3.209750,0.052410,18.002281,0.388770
0.204300,48.891662,-12.035822,17.667717,3.200120,0.052253,17.948274,0.387604
0.204450,48.875365,-12.043990,17.679302,3.190520,0.052096,17.894429,0.386441
0.204600,48.860187,-12.052054,17.690742,3.180949,0.051940,17.840746,0.385281
0.204750,48.845837,-12.060017,17.702037,3.171406,0.051784,17.787223,0.384126
0.204900,48.831981,-12.067876,17.713187,3.161891,0.051629,17.733862,0.382973
0.205050,48.818254,-12.075632,17.724193,3.152406,0.051474,17.680660,0.381824
0.205200,48.804273,-12.083286,17.735055,3.142949,0.051319,17.627618,0.380679
0.205350,48.789661,-12.090838,17.745775,3.133520,0.051165,17.574735,0.379537
0.205500,48.774056,-12.098286,17.756352,3.124119,0.051012,17.522011,0.378398
0.205650,48.757132,-12.105632,17.766787,3.114747,0.050859,17.469445,0.377263
0.205800,48.738613,-12.112876,17.777081,3.105403,0.050706,17.417037,0.376131
0.205950,48.718283,-12.120017,17.787234,3.096086,0.050554,17.364786,0.375003
0.206100,48.696000,-12.127056,17.797247,3.086798,0.050403,17.312691,0.373878
0.206250,48.671699,-12.133993,17.807121,3.077538,0.050251,17.260753,0.372756
0.206400,48.645396,-12.140828,17.816856,3.068305,0.050101,17.208971,0.371638
0.206550,48.617188,-12.147560,17.826452,3.059100,0.049950,17.157344,0.370523
0.206700,48.587249,-12.154190,17.835911,3.049923,0.049800,17.105872,0.369411
0.206850,48.555820,-12.160719,17.845232,3.040773,0.049651,17.054554,0.368303
0.207000,48.523199,-12.167145,17.854417,3.031651,0.049502,17.003391,0.367198
0.207150,48.489725,-12.173469,17.863466,3.022556,0.049354,16.952381,0.366097
0.207300,48.455764,-12.179692,17.872380,3.013488,0.049206,16.901523,0.364998
0.207450,48.421685,-12.185812,17.881158,3.004448,0.049058,16.850819,0.363903
0.207600,48.387848,-12.191831,17.889803,2.995434,0.048911,16.800266,0.362812
0.207750,48.354581,-12.197749,17.898313,2.986448,0.048764,16.749866,0.361723
0.207900,48.322164,-12.203565,17.906691,2.977489,0.048618,16.699616,0.360638
0.208050,48.290812,-12.209279,17.914936,2.968556,0.048472,16.649517,0.359556
0.208200,48.260668,-12.214892,17.923049,2.959651,0.048326,16.599569,0.358478
0.208350,48.231792,-12.220404,17.931031,2.950772,0.048181,16.549770,0.357402
0.208500,48.204158,-12.225814,17.938882,2.941919,0.048037,16.500121,0.356330
0.208650,48.177653,-12.231123,17.946603,2.933094,0.047893,16.450620,0.355261
0.208800,48.152090,-12.236331,17.954195,2.924294,0.047749,16.401268,0.354195
0.208950,48.127210,-12.241438,17.961657,2.915521,0.047606,16.352065,0.353133
0.209100,48.102698,-12.246444,17.968991,2.906775,0.047463,16.303008,0.352073
0.209250,48.078199,-12.251349,17.976197,2.898054,0.047321,16.254099,0.351017
0.209400,48.053337,-12.256153,17.983276,2.889360,0.047179,16.205337,0.349964
0.209550,48.027727,-12.260856,17.990229,2.880692,0.047037,16.156721,0.348914
0.209700,48.000996,-12.265459,17.997055,2.872050,0.046896,16.108251,0.347867
0.209850,47.972800,-12.269961,18.003756,2.863434,0.046755,16.059926,0.346824
0.210000,47.942835,-12.274363,18.010333,2.854844,0.046615,16.011746,0.345783
0.210150,47.910855,-12.278664,18.016785,2.846279,0.046475,15.963711,0.344746
0.210300,47.876680,-12.282865,18.023113,2.837740,0.046336,15.915820,0.343712
0.210450,47.840204,-12.286965,18.029318,2.829227,0.046197,15.868073,0.342680
0.210600,47.801395,-12.290965,18.035401,2.820739,0.046058,15.820468,0.341652
0.210750,47.760295,-12.294865,18.041362,2.812277,0.045920,15.773007,0.340627
0.210900,47.717012,-12.298666,18.047201,2.803840,0.045782,15.725688,0.339606
0.211050,47.671718,-12.302366,18.052920,2.795429,0.045645,15.678511,0.338587
0.211200,47.624632,-12.305966,18.058519,2.787043,0.045508,15.631475,0.337571
0.211350,47.576013,-12.309467,18.063998,2.778681,0.045372,15.584581,0.336558
0.211500,47.526146,-12.312867,18.069358,2.770345,0.045235,15.537827,0.335549
0.211650,47.475325,-12.316168,18.074600,2.762034,0.045100,15.491214,0.334542
0.211800,47.423844,-12.319370,18.079724,2.753748,0.044964,15.444740,0.333538
0.211950,47.371982,-12.322472,18.084731,2.745487,0.044830,15.398406,0.332538
0.212100,47.319994,-12.325475,18.089621,2.737251,0.044695,15.352211,0.331540
0.212250,47.268100,-12.328379,18.094395,2.729039,0.044561,15.306154,0.330545
0.212400,47.216480,-12.331183,18.099054,2.720852,0.044427,15.260235,0.329554
0.212550,47.165268,-12.333888,18.103598,2.712689,0.044294,15.214455,0.328565
0.212700,47.114549,-12.336494,18.108028,2.704551,0.044161,15.168811,0.327579
0.212850,47.064365,-12.339002,18.112344,2.696437,0.044029,15.123305,0.326597
0.213000,47.014708,-12.341410,18.116547,2.688348,0.043897,15.077935,0.325617
0.213150,46.965533,-12.343720,18.120638,2.680283,0.043765,15.032701,0.324640
0.213300,46.916759,-12.345931,18.124616,2.672242,0.043634,14.987603,0.323666
0.213450,46.868277,-12.348043,18.128483,2.664225,0.043503,14.942640,0.322695
0.213600,46.819957,-12.350057,18.132240,2.656233,0.043372,14.897812,0.321727
0.213750,46.771659,-12.351973,18.135886,2.648264,0.043242,14.853119,0.320762
0.213900,46.723238,-12.353790,18.139422,2.640319,0.043112,14.808560,0.319800
0.214050,46.674553,-12.355509,18.142850,2.632398,0.042983,14.764134,0.318840
0.214200,46.625473,-12.357130,18.146169,2.624501,0.042854,14.719842,0.317884
0.214350,46.575886,-12.358653,18.149380,2.616628,0.042725,14.675682,0.316930
0.214500,46.525698,-12.360078,18.152484,2.608778,0.042597,14.631655,0.315979
0.214650,46.474842,-12.361405,18.155482,2.600951,0.042469,14.587760,0.315031
0.214800,46.423276,-12.362634,18.158373,2.593149,0.042342,14.543997,0.314086
0.214950,46.370987,-12.363766,18.161158,2.585369,0.042215,14.500365,0.313144
0.215100,46.317986,-12.364800,18.163839,2.577613,0.042088,14.456864,0.312205
0.215250,46.264310,-12.365737,18.166415,2.569880,0.041962,14.413493,0.311268
0.215400,46.210014,-12.366576,18.168887,2.562171,0.041836,14.370253,0.310334
0.215550,46.155174,-12.367318,18.171256,2.554484,0.041711,14.327142,0.309403
0.215700,46.099877,-12.367963,18.173522,2.546821,0.041586,14.284160,0.308475
0.215850,46.044217,-12.368511,18.175686,2.539180,0.041461,14.241308,0.307549
0.216000,45.988292,-12.368962,18.177748,2.531563,0.041336,14.198584,0.306627
0.216150,45.932200,-12.369315,18.179709,2.523968,0.041212,14.155988,0.305707
0.216300,45.876031,-12.369572,18.181570,2.516396,0.041089,14.113520,0.304790
0.216450,45.819868,-12.369733,18.183331,2.508847,0.040966,14.071180,0.303875
0.216600,45.763778,-12.369796,18.184993,2.501320,0.040843,14.028966,0.302964
0.216750,45.707818,-12.369763,18.186556,2.493816,0.040720,13.986879,0.302055
0.216900,45.652025,-12.369634,18.188020,2.486335,0.040598,13.944919,0.301149
0.217050,45.596424,-12.369409,18.189387,2.478876,0.040476,13.903084,0.300245
0.217200,45.541021,-12.369087,18.190657,2.471439,0.040355,13.861375,0.299345
0.217350,45.485808,-12.368669,18.191830,2.464025,0.040234,13.819791,0.298447
0.217500,45.430762,-12.368155,18.192908,2.456633,0.040113,13.778331,0.297551
0.217650,45.375853,-12.367545,18.193889,2.449263,0.039993,13.736996,0.296659
0.217800,45.321039,-12.366839,18.194776,2.441915,0.039873,13.695785,0.295769
0.217950,45.266274,-12.366037,18.195569,2.434589,0.039753,13.654698,0.294881
0.218100,45.211507,-12.365140,18.196268,2.427286,0.039634,13.613734,0.293997
0.218250,45.156690,-12.364147,18.196873,2.420004,0.039515,13.572893,0.293115
0.218400,45.101775,-12.363058,18.197386,2.412744,0.039396,13.532174,0.292235
0.218550,45.046719,-12.361875,18.197807,2.405506,0.039278,13.491577,0.291359
0.218700,44.991486,-12.360596,18.198136,2.398289,0.039160,13.451103,0.290485
0.218850,44.936048,-12.359221,18.198374,2.391094,0.039043,13.410749,0.289613
0.219000,44.880385,-12.357752,18.198522,2.383921,0.038926,13.370517,0.288744
0.219150,44.824487,-12.356188,18.198579,2.376769,0.038809,13.330405,0.287878
0.219300,44.768354,-12.354529,18.198547,2.369639,0.038693,13.290414,0.287014
0.219450,44.711993,-12.352775,18.198426,2.362530,0.038576,13.250543,0.286153
0.219600,44.655419,-12.350926,18.198217,2.355442,0.038461,13.210791,0.285295
0.219750,44.598655,-12.348983,18.197920,2.348376,0.038345,13.171159,0.284439
0.219900,44.541728,-12.346945,18.197536,2.341331,0.038230,13.131646,0.283586
0.220050,44.484669,-12.344813,18.197065,2.334307,0.038116,13.092251,0.282735
0.220200,44.427512,-12.342586,18.196507,2.327304,0.038001,13.052974,0.281887
0.220350,44.370289,-12.340265,18.195864,2.320322,0.037887,13.013815,0.281041
0.220500,44.313033,-12.337850,18.195136,2.313361,0.037774,12.974773,0.280198
0.220650,44.255774,-12.335342,18.194323,2.306421,0.037660,12.935849,0.279357
0.220800,44.198536,-12.332739,18.193426,2.299502,0.037547,12.897042,0.278519
0.220950,44.141342,-12.330042,18.192446,2.292603,0.037435,12.858350,0.277684
0.221100,44.084206,-12.327251,18.191382,2.285725,0.037322,12.819775,0.276851
0.221250,44.027139,-12.324367,18.190235,2.278868,0.037210,12.781316,0.276020
0.221400,43.970146,-12.321390,18.189007,2.272032,0.037099,12.742972,0.275192
0.221550,43.913225,-12.318319,18.187697,2.265216,0.036987,12.704743,0.274366
0.221700,43.856371,-12.315154,18.186306,2.258420,0.036876,12.666629,0.273543
0.221850,43.799575,-12.311896,18.184835,2.251645,0.036766,12.628629,0.272723
0.222000,43.742822,-12.308545,18.183283,2.244890,0.036656,12.590743,0.271905
0.222150,43.686098,-12.305101,18.181653,2.238155,0.036546,12.552971,0.271089
0.222300,43.629385,-12.301564,18.179943,2.231441,0.036436,12.515312,0.270276
0.222450,43.572665,-12.297934,18.178154,2.224746,0.036327,12.477766,0.269465
0.222600,43.515921,-12.294212,18.176288,2.218072,0.036218,12.440333,0.268656
0.222750,43.459137,-12.290396,18.174344,2.211418,0.036109,12.403012,0.267850
0.222900,43.402300,-12.286488,18.172323,2.204784,0.036001,12.365803,0.267047
0.223050,43.345398,-12.282488,18.170226,2.198169,0.035893,12.328705,0.266246
0.223200,43.288422,-12.278395,18.168053,2.191575,0.035785,12.291719,0.265447
0.223350,43.231366,-12.274209,18.165805,2.185000,0.035678,12.254844,0.264651
0.223500,43.174230,-12.269932,18.163481,2.178445,0.035571,12.218080,0.263857
0.223650,43.117012,-12.265562,18.161083,2.171910,0.035464,12.181425,0.263065
0.223800,43.059718,-12.261100,18.158611,2.165394,0.035358,12.144881,0.262276
0.223950,43.002354,-12.256547,18.156065,2.158898,0.035251,12.108446,0.261489
0.224100,42.944926,-12.251901,18.153447,2.152421,0.035146,12.072121,0.260705
0.224250,42.887447,-12.247164,18.150756,2.145964,0.035040,12.035905,0.259922
0.224400,42.829925,-12.242335,18.147993,2.139526,0.034935,11.999797,0.259143
0.224550,42.772372,-12.237414,18.145158,2.133107,0.034830,11.963798,0.258365
0.224700,42.714799,-12.232402,18.142252,2.126708,0.034726,11.927906,0.257590
0.224850,42.657216,-12.227298,18.139276,2.120328,0.034622,11.892123,0.256817
0.225000,42.599632,-12.222103,18.136230,2.113967,0.034518,11.856446,0.256047
0.225150,42.542055,-12.216817,18.133114,2.107625,0.034414,11.820877,0.255279
0.225300,42.484492,-12.211440,18.129929,2.101302,0.034311,11.785414,0.254513
0.225450,42.426945,-12.205971,18.126675,2.094998,0.034208,11.750058,0.253749
0.225600,42.369419,-12.200412,18.123353,2.088713,0.034105,11.714808,0.252988
0.225750,42.311912,-12.194762,18.119963,2.082447,0.034003,11.679663,0.252229
0.225900,42.254425,-12.189021,18.116506,2.076200,0.033901,11.644624,0.251473
0.226050,42.196954,-12.183189,18.112982,2.069971,0.033799,11.609690,0.250718
0.226200,42.139496,-12.177267,18.109392,2.063761,0.033698,11.574861,0.249966
0.226350,42.082046,-12.171254,18.105736,2.057570,0.033597,11.540137,0.249216
0.226500,42.024599,-12.165150,18.102014,2.051397,0.033496,11.505516,0.248468
0.226650,41.967148,-12.158957,18.098228,2.045243,0.033396,11.471000,0.247723
0.226800,41.909688,-12.152673,18.094377,2.039107,0.033295,11.436587,0.246980
0.226950,41.852213,-12.146299,18.090462,2.032990,0.033196,11.402277,0.246239
0.227100,41.794720,-12.139834,18.086483,2.026891,0.033096,11.368070,0.245500
0.227250,41.737203,-12.133280,18.082442,2.020810,0.032997,11.333966,0.244764
0.227400,41.679659,-12.126636,18.078337,2.014748,0.032898,11.299964,0.244029
0.227550,41.622087,-12.119902,18.074171,2.008704,0.032799,11.266064,0.243297
0.227700,41.564485,-12.113078,18.069942,2.002678,0.032701,11.232266,0.242567
0.227850,41.506853,-12.106164,18.065653,1.996669,0.032602,11.198569,0.241840
0.228000,41.449192,-12.099161,18.061302,1.990679,0.032505,11.164974,0.241114
0.228150,41.391505,-12.092068,18.056891,1.984707,0.032407,11.131479,0.240391
0.228300,41.333793,-12.084886,18.052420,1.978753,0.032310,11.098084,0.239670
0.228450,41.276060,-12.077614,18.047889,1.972817,0.032213,11.064790,0.238951
0.228600,41.218309,-12.070254,18.043299,1.966899,0.032116,11.031596,0.238234
0.228750,41.160544,-12.062804,18.038651,1.960998,0.032020,10.998501,0.237519
0.228900,41.102769,-12.055264,18.033944,1.955115,0.031924,10.965505,0.236807
0.229050,41.044988,-12.047636,18.029179,1.949250,0.031828,10.932609,0.236096
0.229200,40.987203,-12.039919,18.024357,1.943402,0.031733,10.899811,0.235388
0.229350,40.929419,-12.032113,18.019478,1.937572,0.031638,10.867112,0.234682
0.229500,40.871636,-12.024218,18.014542,1.931759,0.031543,10.834510,0.233978
0.229650,40.813857,-12.016235,18.009550,1.925964,0.031448,10.802007,0.233276
0.229800,40.756084,-12.008162,18.004503,1.920186,0.031354,10.769601,0.232576
0.229950,40.698316,-12.000001,17.999400,1.914425,0.031260,10.737292,0.231878
0.230100,40.640554,-11.991752,17.994242,1.908682,0.031166,10.705080,0.231183
0.230250,40.582798,-11.983414,17.989030,1.902956,0.031072,10.672965,0.230489
0.230400,40.525045,-11.974988,17.983763,1.897247,0.030979,10.640946,0.229798
0.230550,40.467296,-11.966474,17.978443,1.891555,0.030886,10.609023,0.229108
0.230700,40.409548,-11.957871,17.973070,1.885881,0.030793,10.577196,0.228421
0.230850,40.351799,-11.949180,17.967644,1.880223,0.030701,10.545464,0.227736
0.231000,40.294049,-11.940401,17.962166,1.874582,0.030609,10.513828,0.227052
0.231150,40.236294,-11.931535,17.956635,1.868959,0.030517,10.482286,0.226371
0.231300,40.178534,-11.922580,17.951053,1.863352,0.030426,10.450840,0.225692
0.231450,40.120768,-11.913537,17.945420,1.857762,0.030334,10.419487,0.225015
0.231600,40.062993,-11.904407,17.939736,1.852188,0.030243,10.388229,0.224340
0.231750,40.005210,-11.895189,17.934001,1.846632,0.030153,10.357064,0.223667
0.231900,39.947418,-11.885883,17.928217,1.841092,0.030062,10.325993,0.222996
0.232050,39.889617,-11.876489,17.922382,1.835569,0.029972,10.295015,0.222327
0.232200,39.831807,-11.867008,17.916499,1.830062,0.029882,10.264130,0.221660
0.232350,39.773989,-11.857440,17.910567,1.824572,0.029792,10.233337,0.220995
0.232500,39.716163,-11.847784,17.904586,1.819098,0.029703,10.202637,0.220332
0.232650,39.658332,-11.838041,17.898557,1.813641,0.029614,10.172029,0.219671
0.232800,39.600495,-11.828211,17.892481,1.808200,0.029525,10.141513,0.219012
0.232950,39.542655,-11.818294,17.886357,1.802775,0.029437,10.111089,0.218355
0.233100,39.484813,-11.808289,17.880186,1.797367,0.029348,10.080756,0.217700
0.233250,39.426970,-11.798197,17.873969,1.791975,0.029260,10.050513,0.217047
0.233400,39.369127,-11.788019,17.867705,1.786599,0.029172,10.020362,0.216396
0.233550,39.311285,-11.777753,17.861396,1.781239,0.029085,9.990301,0.215746
0.233700,39.253446,-11.767400,17.855041,1.775895,0.028998,9.960330,0.215099
0.233850,39.195610,-11.756961,17.848642,1.770568,0.028911,9.930449,0.214454
0.234000,39.137779,-11.746435,17.842197,1.765256,0.028824,9.900657,0.213811
0.234150,39.079951,-11.735822,17.835708,1.759960,0.028737,9.870955,0.213169
0.234300,39.022128,-11.725123,17.829176,1.754680,0.028651,9.841343,0.212530
0.234450,38.964310,-11.714337,17.822600,1.749416,0.028565,9.811819,0.211892
0.234600,38.906496,-11.703464,17.815980,1.744168,0.028480,9.782383,0.211256
0.234750,38.848687,-11.692505,17.809318,1.738935,0.028394,9.753036,0.210623
0.234900,38.790881,-11.681460,17.802613,1.733719,0.028309,9.723777,0.209991
0.235050,38.733078,-11.670328,17.795866,1.728517,0.028224,9.694605,0.209361
0.235200,38.675278,-11.659110,17.789077,1.723332,0.028139,9.665522,0.208733
0.235350,38.617481,-11.647806,17.782247,1.718162,0.028055,9.636525,0.208106
0.235500,38.559686,-11.636415,17.775375,1.713007,0.027971,9.607616,0.207482
0.235650,38.501892,-11.624938,17.768463,1.707868,0.027887,9.578793,0.206860
0.235800,38.444099,-11.613376,17.761511,1.702745,0.027803,9.550056,0.206239
0.235950,38.386308,-11.601727,17.754518,1.697637,0.027720,9.521406,0.205620
0.236100,38.328517,-11.589992,17.747486,1.692544,0.027637,9.492842,0.205004
0.236250,38.270728,-11.578171,17.740414,1.687466,0.027554,9.464363,0.204389
0.236400,38.212939,-11.566264,17.733304,1.682404,0.027471,9.435970,0.203775
0.236550,38.155152,-11.554272,17.726154,1.677356,0.027389,9.407662,0.203164
0.236700,38.097366,-11.542193,17.718967,1.672324,0.027306,9.379439,0.202555
0.236850,38.039583,-11.530029,17.711741,1.667307,0.027225,9.351301,0.201947
0.237000,37.981802,-11.517779,17.704477,1.662305,0.027143,9.323247,0.201341
0.237150,37.924024,-11.505443,17.697177,1.657319,0.027061,9.295277,0.200737
0.237300,37.866249,-11.493022,17.689839,1.652347,0.026980,9.267392,0.200135
0.237450,37.808478,-11.480515,17.682464,1.647390,0.026899,9.239589,0.199534
0.237600,37.750712,-11.467923,17.675054,1.642447,0.026819,9.211871,0.198936
0.237750,37.692952,-11.455245,17.667607,1.637520,0.026738,9.184235,0.198339
0.237900,37.635196,-11.442482,17.660124,1.632607,0.026658,9.156682,0.197744
0.238050,37.577447,-11.429633,17.652606,1.627710,0.026578,9.129212,0.197151
0.238200,37.519704,-11.416699,17.645053,1.622827,0.026498,9.101825,0.196559
0.238350,37.461967,-11.403679,17.637465,1.617958,0.026419,9.074519,0.195970
0.238500,37.404237,-11.390574,17.629842,1.613104,0.026339,9.047296,0.195382
0.238650,37.346514,-11.377384,17.622186,1.608265,0.026260,9.020154,0.194796
0.238800,37.288798,-11.364108,17.614495,1.603440,0.026182,8.993093,0.194211
0.238950,37.231089,-11.350748,17.606771,1.598630,0.026103,8.966114,0.193629
0.239100,37.173387,-11.337302,17.599014,1.593834,0.026025,8.939216,0.193048
0.239250,37.115692,-11.323771,17.591224,1.589052,0.025947,8.912398,0.192469
0.239400,37.058004,-11.310155,17.583401,1.584285,0.025869,8.885661,0.191891
0.239550,37.000323,-11.296453,17.575546,1.579532,0.025791,8.859004,0.191315
0.239700,36.942648,-11.278395,17.567659,1.574794,0.025714,8.832427,0.190741
0.239850,36.884980,-11.259439,17.559739,1.570069,0.025637,8.805930,0.190169
0.240000,36.827319,-11.242871,17.551787,1.565359,0.025560,8.779512,0.189599
0.240150,36.769665,-11.228806,17.543803,1.560663,0.025483,8.753173,0.189030
0.240300,36.712017,-11.214655,17.535789,1.555981,0.025407,8.726914,0.188463
0.240450,36.654376,-11.200420,17.527744,1.551313,0.025331,8.700733,0.187897
0.240600,36.596742,-11.186099,17.519669,1.546659,0.025255,8.674631,0.187334
0.240750,36.539115,-11.171694,17.511564,1.542019,0.025179,8.648607,0.186772
0.240900,36.481495,-11.157204,17.503429,1.537393,0.025103,8.622661,0.186211
0.241050,36.423882,-11.142630,17.495265,1.532781,0.025028,8.596793,0.185653
0.241200,36.366277,-11.127970,17.487072,1.528183,0.024953,8.571003,0.185096
0.241350,36.308680,-11.113225,17.478850,1.523598,0.024878,8.545290,0.184541
0.241500,36.251090,-11.098396,17.470599,1.519027,0.024803,8.519654,0.183987
0.241650,36.193509,-11.083482,17.462319,1.514470,0.024729,8.494095,0.183435
0.241800,36.135937,-11.068484,17.454012,1.509927,0.024655,8.468613,0.182885
0.241950,36.078373,-11.053400,17.445677,1.505397,0.024581,8.443207,0.182336
0.242100,36.020818,-11.038232,17.437314,1.500881,0.024507,8.417877,0.181789
0.242250,35.963273,-11.022979,17.428925,1.496378,0.024434,8.392623,0.181244
0.242400,35.905737,-11.007642,17.420508,1.491889,0.024360,8.367446,0.180700
0.242550,35.848211,-10.992220,17.412064,1.487413,0.024287,8.342343,0.180158
0.242700,35.790694,-10.976713,17.403594,1.482951,0.024214,8.317316,0.179617
0.242850,35.733188,-10.961121,17.395098,1.478502,0.024142,8.292364,0.179079
0.243000,35.675691,-10.945445,17.386576,1.474067,0.024069,8.267487,0.178541
0.243150,35.618205,-10.929684,17.378028,1.469645,0.023997,8.242685,0.178006
0.243300,35.560728,-10.913839,17.369454,1.465236,0.023925,8.217957,0.177472
0.243450,35.503262,-10.897909,17.360856,1.460840,0.023853,8.193303,0.176939
0.243600,35.445807,-10.881894,17.352232,1.456457,0.023782,8.168723,0.176408
0.243750,35.388361,-10.865795,17.343584,1.452088,0.023710,8.144217,0.175879
0.243900,35.330927,-10.849611,17.334912,1.447732,0.023639,8.119784,0.175352
0.244050,35.273502,-10.833342,17.326215,1.443389,0.023568,8.095425,0.174825
0.244200,35.216088,-10.816989,17.317494,1.439058,0.023498,8.071138,0.174301
0.244350,35.158685,-10.800551,17.308749,1.434741,0.023427,8.046925,0.173778
0.244500,35.101293,-10.784029,17.299981,1.430437,0.023357,8.022784,0.173257
0.244650,35.043911,-10.767422,17.291190,1.426146,0.023287,7.998716,0.172737
0.244800,34.986540,-10.750730,17.282376,1.421867,0.023217,7.974720,0.172219
0.244950,34.929180,-10.733954,17.273538,1.417602,0.023147,7.950796,0.171702
0.245100,34.871831,-10.717093,17.264679,1.413349,0.023078,7.926943,0.171187
0.245250,34.814493,-10.700148,17.255797,1.409109,0.023009,7.903162,0.170673
0.245400,34.757166,-10.683118,17.246893,1.404882,0.022940,7.879453,0.170161
0.245550,34.699851,-10.666003,17.237967,1.400667,0.022871,7.855815,0.169651
0.245700,34.642547,-10.648803,17.229019,1.396465,0.022802,7.832247,0.169142
0.245850,34.585255,-10.631519,17.220050,1.392275,0.022734,7.808750,0.168635
0.246000,34.527975,-10.614151,17.211060,1.388099,0.022665,7.785324,0.168129
0.246150,34.470707,-10.596697,17.202048,1.383934,0.022597,7.761968,0.167624
0.246300,34.413451,-10.579159,17.193016,1.379783,0.022530,7.738682,0.167121
0.246450,34.356207,-10.561536,17.183964,1.375643,0.022462,7.715466,0.166620
0.246600,34.298976,-10.543828,17.174890,1.371516,0.022395,7.692320,0.166120
0.246750,34.241757,-10.526036,17.165797,1.367402,0.022328,7.669243,0.165622
0.246900,34.184551,-10.508158,17.156684,1.363300,0.022261,7.646235,0.165125
0.247050,34.127357,-10.490196,17.147551,1.359210,0.022194,7.623296,0.164630
0.247200,34.070176,-10.472149,17.138399,1.355132,0.022127,7.600427,0.164136
0.247350,34.013009,-10.454018,17.129227,1.351067,0.022061,7.577625,0.163643
0.247500,33.955854,-10.435801,17.120036,1.347013,0.021995,7.554892,0.163152
0.247650,33.898712,-10.417500,17.110826,1.342972,0.021929,7.532228,0.162663
0.247800,33.841584,-10.399113,17.101597,1.338943,0.021863,7.509631,0.162175
0.247950,33.784469,-10.380642,17.092350,1.334927,0.021797,7.487102,0.161688
0.248100,33.727367,-10.362086,17.083084,1.330922,0.021732,7.464641,0.161203
0.248250,33.670279,-10.343445,17.073800,1.326929,0.021667,7.442247,0.160720
0.248400,33.613204,-10.324718,17.064499,1.322948,0.021602,7.419920,0.160238
0.248550,33.556143,-10.305907,17.055179,1.318979,0.021537,7.397660,0.159757
0.248700,33.499095,-10.287011,17.045842,1.315022,0.021472,7.375467,0.159278
0.248850,33.442061,-10.268029,17.036487,1.311077,0.021408,7.353341,0.158800
0.249000,33.385041,-10.248962,17.027115,1.307144,0.021344,7.331281,0.158323
0.249150,33.328034,-10.229811,17.017726,1.303223,0.021280,7.309287,0.157848
0.249300,33.271042,-10.210574,17.008320,1.299313,0.021216,7.287359,0.157375
0.249450,33.214064,-10.191251,16.998897,1.295415,0.021152,7.265497,0.156903
0.249600,33.157100,-10.171844,16.989457,1.291529,0.021089,7.243701,0.156432
0.249750,33.100150,-10.152351,16.980001,1.287654,0.021025,7.221970,0.155963
0.249900,33.043214,-10.132772,16.970529,1.283791,0.020962,7.200304,0.155495
0.250050,32.986293,-10.113109,16.961041,1.279940,0.020899,7.178703,0.155028
0.250200,32.929386,-10.093359,16.951537,1.276100,0.020837,7.157167,0.154563
0.250350,32.872494,-10.073525,16.942017,1.272272,0.020774,7.135695,0.154100
0.250500,32.815616,-10.053605,16.932481,1.268455,0.020712,7.114288,0.153637
0.250650,32.758753,-10.033599,16.922930,1.264650,0.020650,7.092945,0.153176
0.250800,32.701906,-10.013507,16.913363,1.260856,0.020588,7.071666,0.152717
0.250950,32.645073,-9.993330,16.903782,1.257073,0.020526,7.050451,0.152259
0.251100,32.588255,-9.973067,16.894185,1.253302,0.020464,7.029300,0.151802
0.251250,32.531452,-9.952719,16.884573,1.249542,0.020403,7.008212,0.151346
0.251400,32.474665,-9.932284,16.874947,1.245793,0.020342,6.987187,0.150892
0.251550,32.417893,-9.911764,16.865306,1.242056,0.020281,6.966226,0.150440
0.251700,32.361136,-9.891157,16.855651,1.238330,0.020220,6.945327,0.149988
0.251850,32.304395,-9.870465,16.845981,1.234615,0.020159,6.924491,0.149538
0.252000,32.247669,-9.849687,16.836297,1.230911,0.020099,6.903718,0.149090
0.252150,32.190959,-9.828822,16.826599,1.227218,0.020039,6.883007,0.148643
0.252300,32.134265,-9.807872,16.816887,1.223537,0.019978,6.862358,0.148197
0.252450,32.077586,-9.786835,16.807161,1.219866,0.019919,6.841771,0.147752
0.252600,32.020924,-9.765711,16.797421,1.216206,0.019859,6.821245,0.147309
0.252750,31.964277,-9.744502,16.787668,1.212558,0.019799,6.800781,0.146867
0.252900,31.907646,-9.723206,16.777902,1.208920,0.019740,6.780379,0.146426
0.253050,31.851031,-9.701823,16.768122,1.205293,0.019681,6.760038,0.145987
0.253200,31.794432,-9.680354,16.758328,1.201678,0.019622,6.739758,0.145549
0.253350,31.737849,-9.658799,16.748522,1.198072,0.019563,6.719539,0.145112
0.253500,31.681283,-9.637157,16.738703,1.194478,0.019504,6.699380,0.144677
0.253650,31.624732,-9.615428,16.728870,1.190895,0.019445,6.679282,0.144243
0.253800,31.568199,-9.593612,16.719025,1.187322,0.019387,6.659244,0.143810
0.253950,31.511681,-9.571709,16.709167,1.183760,0.019329,6.639266,0.143379
0.254100,31.455180,-9.549719,16.699297,1.180209,0.019271,6.619348,0.142949
0.254250,31.398696,-9.527642,16.689414,1.176668,0.019213,6.599490,0.142520
0.254400,31.342228,-9.505478,16.679518,1.173138,0.019156,6.579692,0.142092
0.254550,31.285777,-9.483227,16.669611,1.169619,0.019098,6.559953,0.141666
0.254700,31.229343,-9.460889,16.659691,1.166110,0.019041,6.540273,0.141241
0.254850,31.172926,-9.438463,16.649758,1.162612,0.018984,6.520652,0.140817
0.255000,31.116525,-9.415950,16.639814,1.159124,0.018927,6.501090,0.140395
0.255150,31.060142,-9.393350,16.629858,1.155646,0.018870,6.481587,0.139974
0.255300,31.003775,-9.370661,16.619889,1.152180,0.018813,6.462142,0.139554
0.255450,30.947426,-9.347885,16.609909,1.148723,0.018757,6.442756,0.139135
0.255600,30.891094,-9.325022,16.599917,1.145277,0.018701,6.423428,0.138718
0.255750,30.834779,-9.302070,16.589913,1.141841,0.018644,6.404157,0.138302
0.255900,30.778482,-9.279031,16.579898,1.138415,0.018589,6.384945,0.137887
0.256050,30.722202,-9.255903,16.569870,1.135000,0.018533,6.365790,0.137473
0.256200,30.665939,-9.232688,16.559832,1.131595,0.018477,6.346693,0.137061
0.256350,30.609694,-9.209384,16.549782,1.128200,0.018422,6.327653,0.136649
0.256500,30.553466,-9.185992,16.539720,1.124816,0.018366,6.308670,0.136239
0.256650,30.497256,-9.162511,16.529647,1.121441,0.018311,6.289744,0.135831
0.256800,30.441064,-9.138942,16.519562,1.118077,0.018256,6.270874,0.135423
0.256950,30.384889,-9.115285,16.509466,1.114723,0.018202,6.252062,0.135017
0.257100,30.328732,-9.091539,16.499359,1.111379,0.018147,6.233305,0.134612
0.257250,30.272593,-9.067704,16.489241,1.108045,0.018093,6.214606,0.134208
0.257400,30.216472,-9.043780,16.479111,1.104720,0.018038,6.195962,0.133805
0.257550,30.160369,-9.019767,16.468970,1.101406,0.017984,6.177374,0.133404
0.257700,30.104284,-8.995665,16.458818,1.098102,0.017930,6.158842,0.133004
0.257850,30.048217,-8.971474,16.448655,1.094808,0.017877,11.854651,0.132605
0.258000,29.992168,-8.947194,16.438480,1.091523,0.017823,14.676230,0.132207
0.258150,29.936137,-8.922824,16.428294,1.088249,0.017769,17.489344,0.131810
0.258300,29.880124,-8.898365,16.418098,1.084984,0.017716,17.436876,0.131415
0.258450,29.824130,-8.873816,16.407890,1.081729,0.017663,17.384565,0.131021
0.258600,29.768154,-8.849177,16.397671,1.078484,0.017610,17.332412,0.130628
0.258750,29.712196,-8.824449,16.387441,1.075248,0.017557,20.137557,0.130236
0.258900,29.656257,-8.799631,16.377199,1.072023,0.017504,22.934287,0.129845
0.259050,29.600337,-8.774723,16.366947,1.068807,0.017452,22.865485,0.129456
0.259200,29.544434,-8.749724,16.356683,1.065600,0.017400,22.796888,0.129067
0.259350,29.488551,-8.724636,16.346408,1.062403,0.017347,22.728497,0.128680
0.259500,29.432686,-8.699457,16.336122,1.059216,0.017295,22.660312,0.128294
0.259650,29.376840,-8.674187,16.325825,1.056038,0.017243,22.592331,0.127909
0.259800,29.321012,-8.648827,16.315516,1.052870,0.017192,25.381697,0.127525
0.259950,29.265204,-8.623376,16.305196,1.049712,0.017140,25.305552,0.127143
0.260100,29.209414,-8.597835,16.294865,1.046563,0.017089,25.229635,0.126761
0.260250,29.153643,-8.572202,16.284522,1.043423,0.017037,25.153946,0.126381
0.260400,29.097891,-8.546478,16.274168,1.040293,0.016986,25.078484,0.126002
0.260550,29.042158,-8.520663,16.263802,1.037172,0.016935,25.003249,0.125624
0.260700,28.986444,-8.494757,16.253425,1.034060,0.016885,24.928239,0.125247
0.260850,28.930750,-8.468759,16.243036,1.030958,0.016834,24.853455,0.124871
0.261000,28.875074,-8.442670,16.232636,1.027865,0.016783,24.778894,0.124497
0.261150,28.819417,-8.416489,16.222223,1.024782,0.016733,24.704557,0.124123
0.261300,28.763780,-8.390216,16.211799,1.021707,0.016683,24.630444,0.123751
0.261450,28.708162,-8.363851,16.201363,1.018642,0.016633,24.556552,0.123380
0.261600,28.652564,-8.337394,16.190915,1.015586,0.016583,24.482883,0.123009
0.261750,28.596984,-8.310845,16.180455,1.012539,0.016533,24.409434,0.122640
0.261900,28.541424,-8.284204,16.169983,1.009502,0.016484,24.336206,0.122272
0.262050,28.485884,-8.257470,16.159498,1.006473,0.016434,24.263197,0.121906
0.262200,28.430363,-8.230643,16.149001,1.003454,0.016385,24.190408,0.121540
0.262350,28.374861,-8.203724,16.138491,1.000444,0.016336,24.117836,0.121175
0.262500,28.319380,-8.176711,16.127969,0.997442,0.016287,24.045483,0.120812
0.262650,28.263917,-8.149606,16.117434,0.994450,0.016238,23.973346,0.120449
0.262800,28.208475,-8.122408,16.106886,0.991467,0.016189,23.901426,0.120088
0.262950,28.153052,-8.095116,16.096325,0.988492,0.016141,23.829722,0.119728
0.263100,28.097649,-8.067730,16.085751,0.985527,0.016092,23.758233,0.119369
0.263250,28.042265,-8.040252,16.075163,0.982570,0.016044,23.686958,0.119010
0.263400,27.986902,-8.012679,16.064562,0.979622,0.015996,23.615897,0.118653
0.263550,27.931558,-7.985012,16.053947,0.976684,0.015948,23.545050,0.118297
0.263700,27.876234,-7.957252,16.043319,0.973753,0.015900,23.474415,0.117943
0.263850,27.820930,-7.929397,16.032676,0.970832,0.015852,23.403991,0.212827
0.264000,27.765646,-7.901448,16.022020,0.967920,0.015805,23.333779,0.259807
0.264150,27.710379,-7.873405,16.011349,0.965016,0.015757,23.263778,0.361069
0.264300,27.655126,-7.845267,16.000663,0.962121,0.015710,23.193987,0.359986
0.264450,27.599875,-7.817034,15.989963,0.959235,0.015663,23.124405,0.358906
0.264600,27.544612,-7.788706,15.979247,0.956357,0.015616,23.055032,0.357829
0.264750,27.489316,-7.760283,15.968517,0.953488,0.015569,22.985866,0.399399
0.264900,27.433962,-7.731765,15.957771,0.950627,0.015522,22.916909,0.440845
0.265050,27.378512,-7.703152,15.947010,0.947775,0.015476,22.848158,0.439523
0.265200,27.322913,-7.674443,15.936232,0.944932,0.015429,22.779614,0.438204
0.265350,27.267101,-7.645638,15.925439,0.942097,0.015383,22.711275,0.436889
0.265500,27.211002,-7.616738,15.914629,0.939271,0.015337,22.643141,0.435579
0.265650,27.154536,-7.587741,15.903802,0.936453,0.015291,22.575212,0.434272
0.265800,27.097624,-7.558649,15.892959,0.933644,0.015245,22.507486,0.480588
0.265950,27.040184,-7.529460,15.882098,0.930843,0.015199,22.439963,0.479146
0.266100,26.982138,-7.500175,15.871220,0.928050,0.015154,22.372644,0.477709
0.266250,26.923411,-7.470793,15.860324,0.925266,0.015108,22.305526,0.476276
0.266400,26.863938,-7.441314,15.849410,0.922490,0.015063,22.238609,0.474847
0.266550,26.803661,-7.411738,15.838478,0.919723,0.015018,22.171893,0.473422
0.266700,26.742536,-7.382066,15.827527,0.916964,0.014973,22.105378,0.472002
0.266850,26.680531,-7.352296,15.816557,0.914213,0.014928,22.039061,0.470586
0.267000,26.617627,-7.322428,15.805568,0.911470,0.014883,21.972944,0.469174
0.267150,26.553820,-7.292463,15.794559,0.908736,0.014838,21.907025,0.467767
0.267300,26.489118,-7.262401,15.783529,0.906010,0.014794,21.841304,0.466364
0.267450,26.423542,-7.232240,15.772480,0.903292,0.014749,21.775780,0.464965
0.267600,26.357124,-7.201982,15.761409,0.900582,0.014705,21.710453,0.463570
0.267750,26.289904,-7.171625,15.750318,0.897880,0.014661,21.645322,0.462179
0.267900,26.221930,-7.141169,15.739204,0.895186,0.014617,21.580386,0.460792
0.268050,26.153254,-7.110616,15.728069,0.892501,0.014573,21.515645,0.459410
0.268200,26.083933,-7.079963,15.716911,0.889823,0.014529,21.451098,0.458032
0.268350,26.014022,-7.049212,15.705730,0.887154,0.014486,21.386744,0.456658
0.268500,25.943575,-7.018361,15.694526,0.884492,0.014442,21.322584,0.455288
0.268650,25.872645,-6.987411,15.683299,0.881839,0.014399,21.258616,0.453922
0.268800,25.801277,-6.956362,15.672047,0.879193,0.014356,21.194841,0.452560
0.268950,25.729513,-6.925214,15.660770,0.876556,0.014313,21.131256,0.451202
0.269100,25.657385,-6.893965,15.649468,0.873926,0.014270,21.067862,0.449849
0.269250,25.584922,-6.862617,15.638140,0.871304,0.014227,21.004659,0.448499
0.269400,25.512141,-6.831169,15.626786,0.868690,0.014184,20.941645,0.447154
0.269550,25.439054,-6.799620,15.615405,0.866084,0.014142,20.878820,0.445812
0.269700,25.365664,-6.767971,15.603997,0.863486,0.014099,20.816183,0.444475
0.269850,25.291971,-6.736222,15.592562,0.860896,0.014057,20.753735,0.443141
0.270000,25.217966,-6.704371,15.581097,0.858313,0.014015,20.691474,0.441812
0.270150,25.143638,-6.672420,15.569604,0.855738,0.013973,20.629399,0.440487
0.270300,25.068971,-6.640368,15.558081,0.853171,0.013931,20.567511,0.439165
0.270450,24.993947,-6.608214,15.546527,0.850611,0.013889,20.505808,0.437848
0.270600,24.918549,-6.575959,15.534943,0.848059,0.013847,20.444291,0.436534
0.270750,24.842759,-6.543603,15.523328,0.845515,0.013806,20.382958,0.435224
0.270900,24.766561,-6.511144,15.511680,0.842979,0.013765,20.321809,0.433919
0.271050,24.689939,-6.478584,15.499999,0.840450,0.013723,20.260844,0.432617
0.271200,24.612882,-6.445922,15.488285,0.837928,0.013682,20.200061,0.431319
0.271350,24.535383,-6.413157,15.476537,0.835415,0.013641,20.139461,0.430025
0.271500,24.457438,-6.380290,15.464753,0.832908,0.013600,20.079043,0.428735
0.271650,24.379046,-6.347320,15.452934,0.830410,0.013559,20.018806,0.427449
0.271800,24.300212,-6.314248,15.441079,0.827918,0.013519,19.958749,0.426167
0.271950,24.220944,-6.281073,15.429186,0.825435,0.013478,19.898873,0.424888
0.272100,24.141254,-6.247794,15.417256,0.822958,0.013438,19.839176,0.423613
0.272250,24.061156,-6.214412,15.405286,0.820490,0.013397,19.779659,0.422343
0.272400,23.980667,-6.180927,15.393277,0.818028,0.013357,19.720320,0.421076
0.272550,23.899807,-6.147338,15.381228,0.815574,0.013317,19.661159,0.419812
0.272700,23.818595,-6.113645,15.369137,0.813127,0.013277,19.602175,0.418553
0.272850,23.737053,-6.079849,15.357004,0.810688,0.013237,19.543369,0.417297
0.273000,23.655202,-6.045948,15.344827,0.808256,0.013198,19.484739,0.416045
0.273150,23.573061,-6.011943,15.332607,0.805831,0.013158,19.426284,0.414797
0.273300,23.490650,-5.977834,15.320342,0.803414,0.013118,19.368006,0.413553
0.273450,23.407985,-5.943620,15.308030,0.801003,0.013079,19.309902,0.412312
0.273600,23.325083,-5.909301,15.295672,0.798600,0.013040,19.251972,0.411075
0.273750,23.241955,-5.874877,15.283266,0.796204,0.013001,19.194216,0.409842
0.273900,23.158614,-5.840348,15.270811,0.793816,0.012962,19.136633,0.408612
0.274050,23.075068,-5.805714,15.258306,0.791434,0.012923,19.079223,0.407387
0.274200,22.991321,-5.770974,15.245750,0.789060,0.012884,19.021986,0.406164
0.274350,22.907379,-5.736129,15.233141,0.786693,0.012845,18.964920,0.404946
0.274500,22.823243,-5.701178,15.220479,0.784333,0.012807,18.908025,0.403731
0.274650,22.738913,-5.665319,15.207763,0.781980,0.012769,18.851301,0.402520
0.274800,22.654389,-5.627608,15.194987,0.779634,0.012730,18.794747,0.401312
0.274950,22.569667,-5.589809,15.182148,0.777295,0.012692,18.738363,0.400108
0.275100,22.484745,-5.554170,15.169247,0.774963,0.012654,18.682148,0.398908
0.275250,22.399620,-5.518666,15.156287,0.772638,0.012616,18.626101,0.397711
0.275400,22.314289,-5.483054,15.143266,0.770320,0.012578,18.570223,0.396518
0.275550,22.228749,-5.447336,15.130182,0.768009,0.012540,18.514512,0.395329
0.275700,22.142998,-5.411511,15.117035,0.765705,0.012503,18.458969,0.394143
0.275850,22.057035,-5.375578,15.103824,0.763408,0.012465,18.403592,0.392960
0.276000,21.970859,-5.339539,15.090546,0.761118,0.012428,18.348381,0.391781
0.276150,21.884471,-5.303392,15.077201,0.758835,0.012391,18.293336,0.390606
0.276300,21.797872,-5.267137,15.063787,0.756558,0.012353,18.238456,0.389434
0.276450,21.711066,-5.230775,15.050302,0.754288,0.012316,18.183741,0.388266
0.276600,21.624057,-5.194304,15.036745,0.752026,0.012279,18.129189,0.387101
0.276750,21.536849,-5.157726,15.023115,0.749770,0.012243,18.074802,0.385940
0.276900,21.449450,-5.121040,15.009410,0.747520,0.012206,18.020577,0.384782
0.277050,21.361864,-5.084245,14.995628,0.745278,0.012169,17.966516,0.383628
0.277200,21.274101,-5.047342,14.981768,0.743042,0.012133,17.912616,0.382477
0.277350,21.186167,-5.010331,14.967828,0.740813,0.012096,17.858878,0.381329
0.277500,21.098070,-4.973211,14.953807,0.738590,0.012060,17.805302,0.380185
0.277650,21.009818,-4.935982,14.939702,0.736374,0.012024,17.751886,0.379045
0.277800,20.921417,-4.898644,14.925512,0.734165,0.011988,17.698630,0.377908
0.277950,20.832875,-4.861197,14.911235,0.731963,0.011952,17.645534,0.376774
0.278100,20.744198,-4.823641,14.896869,0.729767,0.011916,17.592598,0.375644
0.278250,20.655391,-4.785976,14.882413,0.727578,0.011880,17.539820,0.374517
0.278400,20.566460,-4.748201,14.867865,0.725395,0.011845,17.487200,0.373393
0.278550,20.477407,-4.710317,14.853222,0.723219,0.011809,17.434739,0.372273
0.278700,20.388237,-4.672324,14.838483,0.721049,0.011774,17.382434,0.371156
0.278850,20.298953,-4.634220,14.823646,0.718886,0.011738,17.330287,0.370043
0.279000,20.209557,-4.596007,14.808709,0.716729,0.011703,17.278296,0.368933
0.279150,20.120051,-4.557684,14.793669,0.714579,0.011668,17.226461,0.367826
0.279300,20.030435,-4.519251,14.778524,0.712435,0.011633,17.174782,0.366722
0.279450,19.940711,-4.480708,14.763273,0.710298,0.011598,17.123258,0.365622
0.279600,19.850879,-4.442055,14.747914,0.708167,0.011563,17.071888,0.364525
0.279750,19.760938,-4.403292,14.732443,0.706043,0.011529,17.020672,0.363432
0.279900,19.670889,-4.364418,14.716859,0.703925,0.011494,16.969610,0.362341
0.280050,19.580731,-4.325434,14.701160,0.701813,0.011460,16.918701,0.361254
0.280200,19.490465,-4.286339,14.685342,0.699707,0.011425,16.867945,0.360171
0.280350,19.400090,-4.247134,14.669404,0.697608,0.011391,16.817341,0.359090
0.280500,19.309607,-4.207818,14.653344,0.695515,0.011357,16.766889,0.358013
0.280650,19.219017,-4.168392,14.637159,0.693429,0.011323,16.716589,0.356939
0.280800,19.128321,-4.128855,14.620846,0.691349,0.011289,16.666439,0.355868
0.280950,19.037521,-4.089207,14.604402,0.689275,0.011255,16.616440,0.354800
0.281100,18.946618,-4.049448,14.587826,0.687207,0.011221,16.566590,0.353736
0.281250,18.855615,-4.009578,14.571115,0.685145,0.011187,16.516891,0.352675
0.281400,18.764516,-3.969597,14.554266,0.683090,0.011154,16.467340,0.351617
0.281550,18.673322,-3.929506,14.537276,0.681040,0.011120,16.417938,0.350562
0.281700,18.582038,-3.889303,14.520143,0.678997,0.011087,16.368684,0.349510
0.281850,18.490666,-3.848989,14.502863,0.676960,0.011054,16.319578,0.348462
0.282000,18.399211,-3.808564,14.485434,0.674929,0.011021,16.270619,0.347416
0.282150,18.307675,-3.768028,14.467854,0.672905,0.010987,16.221807,0.346374
0.282300,18.216063,-3.727381,14.450119,0.670886,0.010955,16.173142,0.345335
0.282450,18.124379,-3.686623,14.432226,0.668873,0.010922,16.124623,0.344299
0.282600,18.032624,-3.645753,14.414172,0.666867,0.010889,16.076249,0.343266
0.282750,17.940802,-3.604773,14.395954,0.664866,0.010856,16.028020,0.342236
0.282900,17.848916,-3.563681,14.377570,0.662871,0.010824,15.979936,0.341210
0.283050,17.756967,-3.522478,14.359016,0.660883,0.010791,15.931996,0.340186
0.283200,17.664958,-3.481164,14.340289,0.658900,0.010759,15.884200,0.339165
0.283350,17.572889,-3.439739,14.321385,0.656923,0.010727,15.836548,0.338148
0.283500,17.480763,-3.398203,14.302302,0.654953,0.010694,15.789038,0.337133
0.283650,17.388580,-3.356556,14.283037,0.652988,0.010662,15.741671,0.336122
0.283800,17.296340,-3.314798,14.263585,0.651029,0.010630,15.694446,0.335114
0.283950,17.204044,-3.272929,14.243944,0.649076,0.010598,15.647362,0.334108
0.284100,17.111692,-3.230949,14.224110,0.647129,0.010567,15.600420,0.333106
0.284250,17.019283,-3.188858,14.204080,0.645187,0.010535,15.553619,0.332107
0.284400,16.926818,-3.146656,14.183850,0.643252,0.010503,15.506958,0.331110
0.284550,16.834295,-3.104343,14.163418,0.641322,0.010472,15.460437,0.330117
0.284700,16.741715,-3.061920,14.142778,0.639398,0.010440,15.414056,0.329127
0.284850,16.649077,-3.019386,14.121929,0.637480,0.010409,15.367814,0.328139
0.285000,16.556382,-2.976742,14.100866,0.635567,0.010378,15.321710,0.327155
0.285150,16.463628,-2.933987,14.079585,0.633661,0.010347,15.275745,0.326173
0.285300,16.370816,-2.891122,14.058084,0.631760,0.010316,15.229918,0.325195
0.285450,16.277946,-2.848147,14.036358,0.629864,0.010285,15.184228,0.324219
0.285600,16.185018,-2.805061,14.014403,0.627975,0.010254,15.138676,0.323247
0.285750,16.092032,-2.761866,13.992217,0.626091,0.010223,15.093260,0.322277
0.285900,15.998989,-2.718561,13.969794,0.624212,0.010192,15.047980,0.321310
0.286050,15.905889,-2.675146,13.947132,0.622340,0.010162,15.002836,0.320346
0.286200,15.812734,-2.631621,13.924227,0.620473,0.010131,14.957827,0.319385
0.286350,15.719523,-2.587987,13.901075,0.618611,0.010101,14.912954,0.318427
0.286500,15.626259,-2.544244,13.877671,0.616756,0.010071,14.868215,0.317472
0.286650,15.532942,-2.500392,13.854013,0.614905,0.010040,14.823610,0.316519
0.286800,15.439572,-2.456430,13.830096,0.613061,0.010010,14.779140,0.315570
0.286950,15.346152,-2.412360,13.805917,0.611221,0.009980,14.734802,0.314623
0.287100,15.252682,-2.368181,13.781471,0.609388,0.009950,14.690598,0.313679
0.287250,15.159164,-2.323894,13.756755,0.607560,0.009920,14.646526,0.312738
0.287400,15.065597,-2.279499,13.731765,0.605737,0.009891,14.602586,0.311800
0.287550,14.971984,-2.234996,13.706496,0.603920,0.009861,14.558779,0.310864
0.287700,14.878325,-2.190385,13.680946,0.602108,0.009831,14.515102,0.309932
0.287850,14.784621,-2.145667,13.655110,0.600302,0.009802,14.471557,0.309002
0.288000,14.690873,-2.100841,13.628984,0.598501,0.009773,14.428142,0.308075
0.288150,14.597081,-2.055909,13.602565,0.596705,0.009743,14.384858,0.307151
0.288300,14.503246,-2.010869,13.575849,0.594915,0.009714,14.341703,0.306229
0.288450,14.409368,-1.965723,13.548831,0.593130,0.009685,14.298678,0.305311
0.288600,14.315449,-1.920471,13.521508,0.591351,0.009656,14.255782,0.304395
0.288750,14.221487,-1.875113,13.493876,0.589577,0.009627,14.213015,0.303482
0.288900,14.127484,-1.829649,13.465932,0.587808,0.009598,14.170376,0.302571
0.289050,14.033439,-1.784080,13.437671,0.586045,0.009569,14.127865,0.301663
0.289200,13.939353,-1.738406,13.409090,0.584287,0.009540,14.085481,0.300758
0.289350,13.845226,-1.692627,13.380186,0.582534,0.009512,14.043225,0.299856
0.289500,13.751058,-1.646744,13.350954,0.580786,0.009483,14.001095,0.298957
0.289650,13.656850,-1.600757,13.321391,0.579044,0.009455,13.959092,0.298060
0.289800,13.562600,-1.554666,13.291493,0.577307,0.009427,13.917214,0.297166
0.289950,13.468311,-1.508472,13.261258,0.575575,0.009398,13.875463,0.296274
0.290100,13.373980,-1.462175,13.230681,0.573848,0.009370,13.833836,0.295385
0.290250,13.279610,-1.415775,13.199759,0.572126,0.009342,13.792335,0.294499
0.290400,13.185201,-1.369273,13.168489,0.570410,0.009314,13.750958,0.293616
0.290550,13.090751,-1.322669,13.136867,0.568699,0.009286,13.709705,0.292735
0.290700,12.996263,-1.275964,13.104891,0.566993,0.009258,13.668576,0.291856
0.290850,12.901735,-1.229158,13.072557,0.565292,0.009230,13.627570,0.290981
0.291000,12.807170,-1.182252,13.039862,0.563596,0.009203,13.586687,0.290108
0.291150,12.712566,-1.135245,13.006803,0.561905,0.009175,13.545927,0.289238
0.291300,12.617925,-1.088139,12.973377,0.560219,0.009148,13.505290,0.288370
0.291450,12.523247,-1.040934,12.939582,0.558539,0.009120,13.464774,0.287505
0.291600,12.428532,-0.993629,12.905414,0.556863,0.009093,13.424379,0.286642
0.291750,12.333782,-0.946227,12.870872,0.555193,0.009065,13.384106,0.285782
0.291900,12.238996,-0.898727,12.835952,0.553527,0.009038,13.343954,0.284925
0.292050,12.144175,-0.851130,12.800652,0.551866,0.009011,13.303922,0.284070
0.292200,12.049320,-0.803436,12.764970,0.550211,0.008984,13.264010,0.283218
0.292350,11.954431,-0.755646,12.728904,0.548560,0.008957,13.224218,0.282368
0.292500,11.859509,-0.707761,12.692451,0.546914,0.008930,13.184546,0.281521
0.292650,11.764554,-0.659780,12.655610,0.545274,0.008903,13.144992,0.280677
0.292800,11.669566,-0.611705,12.618378,0.543638,0.008877,13.105557,0.279835
0.292950,11.574546,-0.563536,12.580754,0.542007,0.008850,13.066240,0.278995
0.293100,11.479495,-0.515274,12.542737,0.540381,0.008824,13.027042,0.278158
0.293250,11.384413,-0.466919,12.504325,0.538760,0.008797,12.987960,0.277324
0.293400,11.289300,-0.418471,12.465516,0.537144,0.008771,12.948997,0.276492
0.293550,11.194156,-0.369933,12.426309,0.535532,0.008744,12.910150,0.275662
0.293700,11.098982,-0.321303,12.386703,0.533926,0.008718,12.871419,0.274835
0.293850,11.003778,-0.272583,12.346698,0.532324,0.008692,12.832805,0.274011
0.294000,10.908544,-0.223773,12.306293,0.530727,0.008666,12.794306,0.273189
0.294150,10.813281,-0.174875,12.265486,0.529135,0.008640,12.755924,0.272369
0.294300,10.717988,-0.125888,12.224277,0.527547,0.008614,12.717656,0.271552
0.294450,10.622667,-0.076814,12.182666,0.525965,0.008588,12.679503,0.270737
0.294600,10.527316,-0.027652,12.140653,0.524387,0.008562,12.641464,0.269925
0.294750,10.431938,0.021595,12.098238,0.522813,0.008537,12.603540,0.269115
0.294900,10.336531,0.070928,12.055421,0.521245,0.008511,12.565729,0.268308
0.295050,10.241095,0.120346,12.012201,0.519681,0.008486,12.528032,0.267503
0.295200,10.145632,0.169848,11.968580,0.518122,0.008460,12.490448,0.266701
0.295350,10.050142,0.219433,11.924557,0.516568,0.008435,12.452977,0.265901
0.295500,9.954624,0.269100,11.880135,0.515018,0.008409,12.415618,0.265103
0.295650,9.859079,0.318850,11.835313,0.513473,0.008384,12.378371,0.264308
0.295800,9.763507,0.368680,11.790092,0.511933,0.008359,12.341236,0.263515
0.295950,9.667908,0.418591,11.744474,0.510397,0.008334,12.304212,0.262724
0.296100,9.572283,0.468581,11.698459,0.508866,0.008309,12.267299,0.261936
0.296250,9.476633,0.518649,11.652051,0.507339,0.008284,12.230498,0.261150
0.296400,9.380956,0.568796,11.605249,0.505817,0.008259,12.193806,0.260367
0.296550,9.285255,0.619019,11.558056,0.504300,0.008234,12.157225,0.259586
0.296700,9.189528,0.669318,11.510473,0.502787,0.008210,12.120753,0.258807
0.296850,9.093776,0.719693,11.462504,0.501278,0.008185,12.084391,0.258030
0.297000,8.998000,0.770142,11.414149,0.499775,0.008161,12.048138,0.257256
0.297150,8.902199,0.820665,11.365411,20.498275,0.008136,12.011993,0.256485
0.297300,8.806375,0.871261,11.316294,20.436780,0.008112,11.975957,0.255715
0.297450,8.710527,0.921928,11.266798,20.375470,0.008087,11.940029,0.254948
0.297600,8.614656,0.972667,11.216928,20.314344,0.008063,11.904209,0.254183
0.297750,8.518762,1.023475,11.166685,20.253401,0.008039,11.868497,0.253421
0.297900,8.422845,1.074353,11.116074,20.192640,0.008015,11.832891,0.252660
0.298050,8.326906,1.125298,11.065096,20.132063,0.007991,11.797392,0.251902
0.298200,8.230944,1.176312,11.013756,20.071666,0.007967,11.762000,0.251147
0.298350,8.134961,1.227391,10.962057,20.011451,0.007943,11.726714,0.250393
0.298500,8.038955,1.278537,10.910002,19.951417,0.007919,11.691534,0.249642
0.298650,7.942928,1.329746,10.857594,19.891563,0.007895,11.656459,0.248893
0.298800,7.846880,1.381020,10.804838,19.831888,0.007872,11.621490,0.248146
0.298950,7.750811,1.432356,10.751738,19.772392,0.007848,11.586626,0.247402
0.299100,7.654720,1.483754,10.698296,19.713075,0.007824,11.551866,0.246660
0.299250,7.558609,1.535212,10.644518,19.653936,0.007801,11.517210,0.245920
0.299400,7.462478,1.586731,10.590407,19.594974,0.007778,11.482658,0.245182
0.299550,7.366326,1.638308,10.535967,19.536189,0.007754,11.448211,0.244446
0.299700,7.270154,1.689944,10.481203,19.477581,0.007731,11.413866,0.243713
0.299850,7.173962,1.741636,10.426119,19.419148,0.007708,11.379624,0.242982
0.300000,7.077750,1.793384,10.370719,19.360890,0.007685,11.345485,0.242253
0.300150,6.981519,1.845188,10.315008,19.302808,0.007662,11.311449,0.241526
0.300300,6.885268,1.897045,10.258990,19.244899,0.007639,11.277515,0.240802
0.300450,6.788998,1.948956,10.202670,19.187165,0.007616,11.243682,0.240079
0.300600,6.692709,2.000058,10.146055,19.129603,0.007593,11.209951,0.239359
0.300750,6.596401,2.051154,10.089155,19.072214,0.007570,11.176321,0.238641
0.300900,6.500074,2.102798,10.031972,19.014998,0.007547,11.142792,0.237925
0.301050,6.403729,2.154905,9.974507,18.957953,0.007525,11.109364,0.237211
0.301200,6.307365,2.207059,9.916763,18.901079,0.007502,11.076036,0.236500
0.301350,6.210984,2.259261,9.858745,18.844376,0.007480,11.042808,0.235790
0.301500,6.114584,2.311510,9.800457,18.787843,0.007457,11.009679,0.235083
0.301650,6.018166,2.363804,9.741905,18.731479,0.007435,10.976650,0.234377
0.301800,5.921731,2.416142,9.683094,18.675285,0.007412,10.943720,0.233674
0.301950,5.825278,2.468524,9.624028,18.619259,0.007390,10.910889,0.232973
0.302100,5.728807,2.520949,9.564712,18.563401,0.007368,10.878156,0.232274
0.302250,5.632320,2.573416,9.505150,18.507711,0.007346,10.845522,0.231578
0.302400,5.535816,2.625923,9.445349,18.452188,0.007324,10.812985,0.230883
0.302550,5.439295,2.678471,9.385313,18.396831,0.007302,10.780546,0.230190
0.302700,5.342757,2.731057,9.325046,18.341641,0.007280,10.748205,0.229500
0.302850,5.246203,2.783682,9.264553,18.286616,0.007258,10.715960,0.228811
0.303000,5.149632,2.836344,9.203839,18.231756,0.007236,10.683812,0.228125
0.303150,5.053057,2.889042,9.142910,18.177061,0.298165,10.651761,0.227440
0.303300,4.956678,2.941776,9.081769,18.122529,0.297271,10.619806,0.226758
0.303450,4.861038,2.994545,9.020421,18.068162,0.296379,10.587946,0.226078
0.303600,4.766983,3.047348,8.958872,18.013957,0.295490,10.556182,0.225400
0.303750,4.675531,3.100184,8.897125,17.959915,0.294604,10.524514,0.224723
0.303900,4.587782,3.153052,8.835186,17.906036,0.293720,10.492940,0.224049
0.304050,4.504825,3.205952,8.773058,17.852318,0.292839,10.461461,0.223377
0.304200,4.427654,3.258883,8.710747,17.798761,0.291960,10.430077,0.222707
0.304350,4.357108,3.311844,8.648257,17.745364,0.291084,10.398787,0.222039
0.304500,4.293824,3.364835,8.585593,17.692128,0.290211,10.367590,0.221373
0.304650,4.238204,3.417855,8.522758,17.639052,0.289340,10.336488,0.220709
0.304800,4.190387,3.470903,8.459757,17.586135,0.288472,10.305478,0.220046
0.304950,4.150237,3.523978,8.396595,17.533376,0.287607,10.274562,0.219386
0.305100,4.117338,3.577081,8.333275,17.480776,0.286744,10.243738,0.218728
0.305250,4.091002,3.630210,8.269802,17.428334,0.285884,10.213007,0.218072
0.305400,4.070292,3.683365,8.206180,17.376049,0.285026,10.182368,0.217418
0.305550,4.054047,3.736545,8.142413,17.323921,0.284171,10.151821,0.216765
0.305700,4.040932,3.789751,8.078505,17.271949,0.283319,10.121365,0.216115
0.305850,4.029482,3.842981,8.014459,17.220133,0.282469,10.091001,0.215467
0.306000,4.018173,3.896236,7.950280,17.168473,0.281621,10.060728,0.214820
0.306150,4.005480,3.949514,7.885971,17.116967,0.280776,10.030546,0.214176
0.306300,3.989949,4.002816,7.821537,17.065616,0.279934,10.000454,0.213533
0.306450,3.970271,4.056142,7.756980,17.014419,0.279094,9.970453,0.212893
0.306600,3.945337,4.109490,7.692304,16.963376,0.278257,9.940542,0.212254
0.306750,3.914305,4.162862,7.627513,16.912486,0.277422,9.910720,0.211617
0.306900,3.876641,4.216256,7.562610,16.861749,0.276590,9.880988,0.210983
0.307050,3.832151,4.269673,7.497599,16.811163,0.275760,9.851345,0.210350
0.307200,3.780994,4.323114,7.432482,16.760730,0.274933,9.821791,0.209719
0.307350,3.723685,4.376576,7.367264,16.710448,0.274108,9.792325,0.209089
0.307500,3.661066,4.430062,7.301946,16.660316,0.273286,9.762948,0.208462
0.307650,3.594269,4.483571,7.236533,16.610335,0.272466,9.733660,0.207837
0.307800,3.524663,4.537103,7.171027,16.560504,0.271648,9.704459,0.207213
0.307950,3.453780,4.590659,7.105431,16.510823,0.270834,9.675345,0.206592
0.308100,3.383240,4.644239,7.039748,16.461290,0.270021,9.646319,0.205972
0.308250,3.314666,4.697842,6.973980,16.411907,0.269211,9.617380,0.205354
0.308400,3.249594,4.751471,6.908131,16.362671,0.268403,9.588528,0.204738
0.308550,3.189393,4.805125,6.842204,16.313583,0.267598,9.559763,0.204124
0.308700,3.135190,4.858805,6.776199,16.264642,0.266795,9.531083,0.203511
0.308850,3.087801,4.912511,6.710121,16.215848,0.265995,9.502490,0.202901
0.309000,3.047690,4.966245,6.643972,16.167201,0.265197,9.473983,0.202292
0.309150,3.014935,5.020007,6.577753,16.118699,0.264401,9.445561,0.201685
0.309300,2.989227,5.073798,6.511467,16.070343,0.263608,9.417224,0.201080
0.309450,2.969878,5.127619,6.445117,16.022132,0.262817,9.388972,0.200477
0.309600,2.955861,5.181472,6.378705,29.307399,0.262029,9.360805,0.199875
0.309750,2.945864,5.235356,6.312232,35.886143,0.261243,9.332723,0.199276
0.309900,2.938360,5.289275,6.245700,35.778485,0.260459,9.304725,0.198678
0.310050,2.931696,5.343228,6.179113,35.671149,0.259678,9.276811,0.198082
0.310200,2.924184,5.397218,6.112471,35.564136,0.258899,9.248980,0.197488
0.310350,2.914202,5.451246,6.045776,35.457444,0.258122,9.221233,0.196895
0.310500,2.900290,5.505313,5.979031,35.351071,0.257348,9.193569,0.196304
0.310650,2.881241,5.559422,5.912237,35.245018,0.256576,9.165989,0.195716
0.310800,2.856176,5.613574,5.845395,35.139283,0.255806,9.138491,0.195128
0.310950,2.824599,5.667771,5.778507,35.033865,0.255038,9.111075,0.194543
0.311100,2.786435,5.722016,5.711575,34.928764,0.254273,9.083742,0.193959
0.311250,2.742029,5.776310,5.644600,34.823977,0.253510,9.056491,0.193378
0.311400,2.692131,5.830656,5.577585,34.719505,0.252750,9.029321,0.192797
0.311550,2.637839,5.885055,5.510529,34.615347,0.251992,9.002233,0.192219
0.311700,2.580532,5.939512,5.443434,34.511501,0.251236,8.975227,0.191642
0.311850,2.521771,5.994028,5.376302,34.407966,0.250482,8.948301,0.191067
0.312000,2.463190,6.048606,5.309135,34.304742,0.249731,8.921456,0.190494
0.312150,2.406381,6.103248,5.241932,34.201828,0.248981,8.894692,0.189923
0.312300,2.352780,6.157959,5.174696,34.099223,0.248234,8.868008,0.189353
0.312450,2.303563,6.212741,5.107427,33.996925,0.247490,8.841404,0.188785
0.312600,2.259571,6.267598,5.040126,33.894934,0.246747,8.814879,0.188219
0.312750,2.221262,6.322532,4.972795,33.793249,0.246007,8.788435,0.187654
0.312900,2.188707,6.377547,4.905435,33.691870,0.245269,8.762070,0.187091
0.313050,2.161605,6.432648,4.838046,33.590794,0.244533,8.735783,0.186530
0.313200,2.139326,6.487837,4.770629,33.490022,0.243800,8.709576,0.185970
0.313350,2.120960,6.543119,4.703185,33.389552,0.243068,8.683447,0.185412
0.313500,2.105385,6.598497,4.635715,33.289383,0.242339,8.657397,0.184856
0.313650,2.091339,6.653977,4.568220,33.189515,0.241612,8.631425,0.184301
0.313800,2.077502,6.709562,4.500700,33.089946,0.240887,8.605530,0.183748
0.313950,2.062577,6.765256,4.433156,32.990676,0.240164,8.579714,0.183197
0.314100,2.045376,6.821065,4.365589,32.891704,0.239444,8.553975,0.182648
0.314250,2.024900,6.876994,4.298000,32.793029,0.238726,8.528313,0.182100
0.314400,2.000396,6.933046,4.230389,32.694650,0.238009,8.502728,0.181553
0.314550,1.971411,6.989227,4.162756,32.596566,0.237295,8.477220,0.181009
0.314700,1.937811,7.045543,4.095103,32.498776,0.236584,8.451788,0.180466
0.314850,1.899789,7.101998,4.027429,32.401280,0.235874,8.426433,0.179924
0.315000,1.857834,7.158598,3.959735,32.304076,0.235166,8.401153,0.179385
0.315150,1.812689,7.215349,3.892022,32.207164,0.234461,8.375950,0.178846
0.315300,1.765277,7.272255,3.824291,32.110543,0.233757,8.350822,0.178310
0.315450,1.716623,7.329324,3.756541,32.014211,0.233056,8.325770,0.177775
0.315600,1.667771,7.386561,3.688772,31.918168,0.454579,8.300792,0.177242
0.315750,1.619728,7.443972,3.620987,31.822414,0.521944,8.275890,0.176710
0.315900,1.573489,7.501563,3.553184,31.726947,0.520378,8.251062,0.176180
0.316050,1.530053,7.559340,3.485363,31.631766,0.518817,8.226309,0.175651
0.316200,1.490336,7.617311,3.417527,31.536870,0.517260,8.201630,0.175124
0.316350,1.455061,7.675480,3.349674,31.442260,0.515709,8.177025,0.174599
0.316500,1.424692,7.733856,3.281805,31.347933,0.514162,8.152494,0.174075
0.316650,1.399385,7.792445,3.213920,31.253889,0.512619,8.128037,0.173553
0.316800,1.378973,7.851253,3.146019,31.160128,0.511081,8.103653,0.173032
0.316950,1.362972,7.910287,3.078104,31.066647,0.509548,8.079342,0.172513
0.317100,1.350611,7.969555,3.010173,30.973447,0.508019,8.055104,0.171996
0.317250,1.340884,8.029063,2.942228,30.880527,0.506495,8.030938,0.171480
0.317400,1.332623,8.088818,2.874267,30.787885,0.504976,8.006845,0.170965
0.317550,1.324583,8.148828,2.806293,30.695522,0.503461,7.982825,0.170452
0.317700,1.315532,8.209100,2.738304,30.603435,0.501950,7.958876,0.169941
0.317850,1.304350,8.269640,2.670301,30.511625,0.500445,7.935000,0.169431
0.318000,1.290111,8.330457,2.602284,30.420090,0.498943,7.911195,0.168923
0.318150,1.272155,8.391557,2.534254,30.328830,0.497446,7.887461,0.168416
0.318300,1.250144,8.452947,2.466209,30.237843,0.495954,7.863799,0.167911
0.318450,1.224085,8.514635,2.398152,30.147130,0.494466,7.840207,0.167407
0.318600,1.194333,8.576628,2.330081,30.056688,0.492983,7.816687,0.166905
0.318750,1.161559,8.638933,2.261997,29.966518,0.491504,7.793237,0.166404
0.318900,1.126695,8.701557,2.193899,29.876619,0.490029,7.769857,0.165905
0.319050,1.090860,8.764508,2.125789,29.786989,0.488559,7.746547,0.165407
0.319200,1.055264,8.827791,2.057666,29.697628,0.487094,7.723308,0.164911
0.319350,1.021112,8.891415,1.989531,29.608535,0.485632,7.700138,0.164416
0.319500,0.989503,8.955386,1.921383,29.519709,0.484175,7.677038,0.163923
0.319650,0.961334,9.019710,1.853222,29.431150,0.482723,7.654006,0.163431
0.319800,0.937234,9.084394,1.785049,29.342857,0.481275,7.631044,0.162941
0.319950,0.917506,9.149445,1.716864,29.254828,0.479831,7.608151,0.162452
0.320100,0.902100,9.214868,1.648667,29.167064,0.478391,7.585327,0.161965
0.320250,0.890621,9.280670,1.580458,29.079563,0.476956,7.562571,0.161479
0.320400,0.882359,9.346857,1.512237,28.992324,0.475525,7.539883,0.160994
0.320550,0.876349,9.413435,1.444004,28.905347,0.474099,7.517263,0.160511
0.320700,0.871454,9.480408,1.375760,28.818631,0.472677,7.494712,0.160030
0.320850,0.866460,9.547782,1.307504,28.732175,0.471258,7.472228,0.159550
0.321000,0.860183,9.615562,1.239237,28.645978,0.469845,7.449811,0.159071
0.321150,0.851572,9.683752,1.170959,28.560040,0.468435,7.427461,0.158594
0.321300,0.839801,9.752358,1.102670,28.474360,0.467030,7.405179,0.158118
0.321450,0.824342,9.821383,1.034369,28.388937,0.465629,7.382963,0.157644
0.321600,0.805013,9.890831,0.966058,28.303770,0.464232,7.360815,0.157171
0.321750,0.781995,9.960705,0.897737,28.218859,0.462839,7.338732,0.156699
0.321900,0.755811,10.031009,0.829405,28.134203,0.461451,7.316716,0.156229
0.322050,0.727285,10.101746,0.761062,28.049800,0.460066,7.294766,0.155761
0.322200,0.697459,10.172917,0.692710,27.965651,0.458686,7.272882,0.155293
0.322350,0.667503,10.244526,0.624348,27.881754,0.457310,7.251063,0.154827
0.322500,0.638605,10.316573,0.555976,27.798108,0.455938,7.229310,0.154363
0.322650,0.611863,10.389060,0.487594,27.714714,0.454570,7.207622,0.153900
0.322800,0.588182,10.461987,0.419203,27.631570,0.453207,7.185999,0.153438
0.322950,0.568195,10.535357,0.350803,27.548675,0.451847,7.164441,0.152978
0.323100,0.552201,10.609167,0.282394,27.466029,0.450491,7.142948,0.152519
0.323250,0.540140,10.683419,0.213976,27.383631,0.449140,7.121519,0.152061
0.323400,0.531600,10.758111,0.145550,27.301480,0.447793,7.100154,0.151605
0.323550,0.525852,10.833243,0.077116,27.219576,0.446449,7.078854,0.151150
0.323700,0.521922,10.908811,0.008673,27.137917,0.445110,7.057617,0.150697
0.323850,0.518682,10.984815,-0.059777,27.056503,0.443775,7.036444,0.150245
0.324000,0.514957,11.061252,-0.128234,26.975334,0.442443,7.015335,0.149794
0.324150,0.509634,11.138119,-0.196699,26.894408,0.441116,6.994289,0.149345
0.324300,0.501773,11.215412,-0.265171,26.813725,0.439793,6.973306,0.148897
0.324450,0.490696,11.293128,-0.333649,26.733283,0.438473,6.952386,0.148450
0.324600,0.476051,11.371262,-0.402133,26.653083,0.437158,6.931529,0.148005
0.324750,0.457844,11.449809,-0.470624,26.573124,0.435846,6.910734,0.147561
0.324900,0.436442,11.528765,-0.539120,26.493405,0.434539,6.890002,0.147118
0.325050,0.412531,11.608124,-0.607621,26.413925,0.433235,6.869332,0.146677
0.325200,0.387051,11.687879,-0.676127,26.334683,0.431935,6.848724,0.146236
0.325350,0.361095,11.768025,-0.744638,26.255679,0.430640,6.828178,0.145798
0.325500,0.335809,11.848554,-0.813153,26.176912,0.429348,6.807694,0.145360
0.325650,0.312269,11.929459,-0.881672,26.098381,0.428060,6.787270,0.144924
0.325800,0.291381,12.010732,-0.950195,26.020086,0.426775,6.766909,0.144490
0.325950,0.273786,12.092367,-1.018720,25.942026,0.425495,6.746608,0.144056
0.326100,0.259803,12.174353,-1.087249,25.864200,0.424219,6.726368,0.143624
0.326250,0.249393,12.256683,-1.155779,25.786607,0.422946,6.706189,0.143193
0.326400,0.242169,12.339347,-1.224311,25.709247,0.421677,6.686070,0.142763
0.326550,0.237433,12.422337,-1.292844,25.632119,0.420412,6.666012,0.142335
0.326700,0.234252,12.505641,-1.361379,25.555223,0.419151,6.646014,0.141908
0.326850,0.231548,12.589251,-1.429914,25.478557,0.417893,6.626076,0.141482
0.327000,0.228213,12.673157,-1.498448,25.402122,0.416640,6.606198,0.141058
0.327150,0.223220,12.757346,-1.566982,25.325915,0.415390,6.586379,0.140635
0.327300,0.215729,12.841810,-1.635515,25.249938,0.414144,6.566620,0.140213
0.327450,0.205171,12.926536,-1.704047,25.174188,0.412901,6.546920,0.139792
0.327600,0.191308,13.011513,-1.772576,25.098665,0.411662,6.527280,0.139373
0.327750,0.174254,13.096730,-1.841102,25.023369,0.410428,6.507698,0.138955
0.327900,0.154462,13.182176,-1.909626,24.948299,0.409196,6.488175,0.138538
0.328050,0.132674,13.267838,-1.978145,24.873454,0.407969,6.468710,0.138122
0.328200,0.109838,13.353705,-2.046660,24.798834,0.406745,6.449304,0.137708
0.328350,0.087010,13.439764,-2.115170,24.724437,0.405524,6.429956,0.137295
0.328500,0.065240,13.526004,-2.183675,24.650264,0.404308,6.410666,0.136883
0.328650,0.045460,13.612411,-2.252173,24.576313,0.403095,6.391434,0.136472
0.328800,0.028386,13.698973,-2.320664,24.502584,0.401886,6.372260,0.136063
0.328950,0.014448,13.785679,-2.389148,24.429077,0.400680,6.353143,0.135655
0.329100,0.003740,13.872514,-2.457624,24.355789,0.399478,6.334084,0.135248
0.329250,-0.003977,13.959467,-2.526091,24.282722,0.398280,6.315081,0.134842
0.329400,-0.009258,14.046526,-2.594548,24.209874,0.397085,6.296136,0.134437
0.329550,-0.012901,14.133676,-2.662995,24.137244,0.395893,6.277248,0.134034
0.329700,-0.015869,14.220906,-2.731431,24.064832,0.394706,6.258416,0.133632
0.329850,-0.019180,14.308203,-2.799855,23.992638,0.393522,6.239641,0.133231
0.330000,-0.023798,14.395555,-2.868267,23.920660,0.392341,6.220922,0.132831
0.330150,-0.030533,14.482948,-2.936666,23.848898,0.391164,6.202259,0.132433
0.330300,-0.039952,14.570370,-3.005050,23.777351,0.389991,6.183652,0.132036
0.330450,-0.052318,14.657808,-3.073420,23.706019,0.388821,6.165101,0.131640
0.330600,-0.067569,14.745251,-3.141774,23.634901,0.387654,6.146606,0.131245
0.330750,-0.085324,14.832685,-3.210112,23.563997,0.386491,6.128166,0.130851
0.330900,-0.104933,14.920099,-3.278433,23.493305,0.385332,6.109782,0.130458
0.331050,-0.125548,15.007480,-3.346736,23.422825,0.384176,6.091452,0.130067
0.331200,-0.146223,15.094817,-3.415019,23.352556,0.383023,6.073178,0.129677
0.331350,-0.166016,15.182096,-3.483283,23.282499,0.381874,6.054958,0.129288
0.331500,-0.184096,15.269307,-3.551527,23.212651,0.380729,6.036794,0.128900
0.331650,-0.199831,15.356438,-3.619748,23.143013,0.379586,6.018683,0.128513
0.331800,-0.212854,15.443477,-3.687948,23.073584,0.378448,6.000627,0.128128
0.331950,-0.223098,15.530412,-3.756123,23.004363,0.377312,5.982625,0.127743
0.332100,-0.230802,15.617233,-3.824275,22.935350,0.376180,5.964677,0.127360
0.332250,-0.236478,15.703928,-3.892401,22.866544,0.375052,5.946783,0.126978
0.332400,-0.240851,15.790487,-3.960501,22.797944,0.373927,5.928943,0.126597
0.332550,-0.244776,15.876898,-4.028574,22.729551,0.372805,5.911156,0.126217
0.332700,-0.249143,15.963151,-4.096618,22.661362,0.371686,5.893423,0.125839
0.332850,-0.254778,16.049236,-4.164634,22.593378,0.370571,5.875742,0.125461
0.333000,-0.262350,16.135142,-4.232619,22.525598,0.369460,5.858115,0.125085
0.333150,-0.272304,16.220858,-4.300573,22.458021,0.368351,5.840541,0.124709
0.333300,-0.284809,16.306377,-4.368494,22.390647,0.367246,5.823019,0.124335
0.333450,-0.299747,16.391686,-4.436382,22.323475,0.366144,5.805550,0.123962
0.333600,-0.316731,16.476778,-4.504236,22.256505,0.365046,5.788134,0.123590
0.333750,-0.335150,16.561642,-4.572054,22.189735,0.363951,5.770769,0.123220
0.333900,-0.354243,16.646270,-4.639836,22.123166,0.362859,5.753457,0.122850
0.334050,-0.373191,16.730653,-4.707580,22.056796,0.361770,5.736196,0.122481
0.334200,-0.391202,16.814781,-4.775285,21.990626,0.360685,5.718988,0.122114
0.334350,-0.407608,16.898646,-4.842950,21.924654,0.359603,5.701831,0.121748
0.334500,-0.421932,16.982240,-4.910574,21.858880,0.358524,5.684725,0.121382
0.334650,-0.433937,17.065555,-4.978156,21.793303,0.357449,5.667671,0.121018
0.334800,-0.443650,17.148583,-5.045694,21.727924,0.356376,5.650668,0.120655
0.334950,-0.451353,17.231315,-5.113188,21.662740,0.355307,5.633716,0.120293
0.335100,-0.457545,17.313745,-5.180636,21.597752,0.354241,5.616815,0.119932
0.335250,-0.462881,17.395864,-5.248037,21.532958,0.353179,5.599965,0.119573
0.335400,-0.468097,17.477666,-5.315390,21.468359,0.352119,5.583165,0.119214
0.335550,-0.473929,17.559143,-5.382693,21.403954,0.351063,5.566415,0.118856
0.335700,-0.481025,17.640290,-5.449946,21.339743,0.350010,5.549716,0.118500
0.335850,-0.489879,17.721098,-5.517147,21.275723,0.348959,5.533067,0.118144
0.336000,-0.500774,17.801562,-5.584295,21.211896,0.347913,5.516468,0.117790
0.336150,-0.513758,17.876919,-5.651389,21.148260,0.346869,5.499918,0.117436
0.336300,-0.528639,17.948636,-5.718427,21.084816,0.345828,5.483419,0.117084
0.336450,-0.545016,18.021710,-5.785408,21.021561,0.344791,5.466968,0.116733
0.336600,-0.562326,18.100778,-5.852331,20.958497,0.343756,5.450567,0.116383
0.336750,-0.579911,18.179478,-5.919195,20.895621,0.342725,5.434216,0.116033
0.336900,-0.597097,18.257800,-5.985998,20.832934,0.341697,5.417913,0.115685
0.337050,-0.613269,18.335737,-6.052738,20.770435,0.340672,5.401659,0.115338
0.337200,-0.627940,18.413284,-6.119416,20.708124,0.339650,5.385454,0.114992
0.337350,-0.640799,18.490438,-6.186028,20.646000,0.338631,5.369298,0.114647
0.337500,-0.651749,18.567192,-6.252575,20.584062,0.337615,5.353190,0.114303
0.337650,-0.660905,18.643542,-6.319054,20.522309,0.336602,5.337130,0.113960
0.337800,-0.668580,18.719484,-6.385465,20.460743,0.335592,5.321119,0.113619
0.337950,-0.675244,18.795014,-6.451806,20.399360,0.334586,5.305156,0.113278
0.338100,-0.681467,18.870126,-6.518075,20.338162,0.333582,5.289240,0.112938
0.338250,-0.687855,18.944819,-6.584271,20.277148,0.332581,5.273373,0.112599
0.338400,-0.694978,19.019086,-6.650394,20.216316,0.331583,5.257552,0.112261
0.338550,-0.703310,19.092926,-6.716441,20.155667,0.330589,5.241780,0.111924
0.338700,-0.713172,19.166333,-6.782411,20.095200,0.329597,5.226054,0.111589
0.338850,-0.724707,19.239305,-6.848303,20.034915,0.328608,5.210376,0.111254
0.339000,-0.737861,19.311839,-6.914115,19.974810,0.327622,5.194745,0.110920
0.339150,-0.752397,19.383931,-6.979846,19.914886,0.326639,5.179161,0.110587
0.339300,-0.767924,19.455579,-7.045495,19.855141,0.325659,5.163623,0.110256
0.339450,-0.783946,19.526779,-7.111060,19.795576,0.324682,5.148133,0.109925
0.339600,-0.799922,19.597528,-7.176540,19.736189,0.323708,5.132688,0.109595
0.339750,-0.815326,19.667824,-7.241934,19.676980,0.322737,5.117290,0.109266
0.339900,-0.829707,19.737665,-7.307239,19.617949,0.321769,5.101938,0.108938
0.340050,-0.842740,19.807048,-7.372455,19.559095,0.320804,5.086632,0.108612
0.340200,-0.854255,19.875971,-7.437580,19.500418,0.319841,5.071372,0.108286
0.340350,-0.864255,19.944431,-7.502613,19.441917,0.318882,5.056158,0.107961
0.340500,-0.872912,20.012427,-7.567553,19.383591,0.317925,5.040990,0.107637
0.340650,-0.880540,20.079956,-7.632397,19.325440,0.316971,5.025867,0.107314
0.340800,-0.887558,20.147017,-7.697145,19.267464,0.316020,5.010789,0.106992
0.340950,-0.894443,20.213608,-7.761795,19.209662,0.315072,4.995757,0.106671
0.341100,-0.901670,20.279728,-7.826346,19.152033,0.314127,4.980770,0.106351
0.341250,-0.909661,20.345374,-7.890796,19.094577,0.313185,4.965827,0.106032
0.341400,-0.918741,20.410545,-7.955144,19.037293,0.312245,4.950930,0.105714
0.341550,-0.929100,20.475241,-8.019388,18.980181,0.311309,4.936077,0.105397
0.341700,-0.940775,20.539459,-8.083528,18.923240,0.310375,4.921269,0.105081
0.341850,-0.953651,20.603198,-8.147561,18.866471,0.309443,4.906505,0.104766
0.342000,-0.967477,20.666459,-8.211487,18.809871,0.308515,4.891786,0.104451
0.342150,-0.981896,20.729238,-8.275303,18.753442,0.307590,4.877110,0.104138
0.342300,-0.996493,20.791536,-8.339009,18.697181,0.306667,4.862479,0.103825
0.342450,-1.010837,20.853352,-8.402603,18.641090,0.305747,4.847891,0.103514
0.342600,-1.024534,20.914685,-8.466084,18.585167,0.304830,4.833348,0.103203
0.342750,-1.037271,20.975535,-8.529450,18.529411,0.303915,4.818848,0.102894
0.342900,-1.048847,21.035900,-8.592700,18.473823,0.303003,4.804391,0.102585
0.343050,-1.059195,21.095780,-8.655832,18.418401,0.302094,4.789978,0.102277
0.343200,-1.068384,21.155175,-8.718845,18.363146,0.301188,4.775608,0.101971
0.343350,-1.076609,21.214085,-8.781738,18.308057,0.300285,4.761281,0.101665
0.343500,-1.084166,21.272509,-8.844509,18.253133,0.299384,4.746997,0.101360
0.343650,-1.091414,21.330446,-8.907158,18.198373,0.298486,4.732756,0.101056
0.343800,-1.098737,21.387898,-8.969681,18.143778,0.297590,4.718558,0.100752
0.343950,-1.106497,21.444863,-9.032080,18.089347,0.296697,4.704402,0.100450
0.344100,-1.114995,21.501341,-9.094350,18.035079,0.295807,4.690289,0.100149
0.344250,-1.124441,21.557334,-9.156493,17.980973,0.294920,4.676218,0.099848
0.344400,-1.134926,21.612840,-9.218505,17.927030,0.294035,4.662190,0.099549
0.344550,-1.146422,21.667860,-9.280387,17.873249,0.293153,4.648203,0.099250
0.344700,-1.158783,21.722394,-9.342136,17.819630,0.292273,4.634259,0.098952
0.344850,-1.171766,21.776442,-9.403750,17.766171,0.291397,4.620356,0.098656
0.345000,-1.185062,21.830006,-9.465230,17.712872,0.290522,4.606495,0.098360
0.345150,-1.198330,21.883084,-9.526573,17.659734,0.289651,4.592675,0.098065
0.345300,-1.211238,21.935677,-9.587779,17.606754,0.288782,4.578897,0.097770
0.345450,-1.223502,21.987787,-9.648845,17.553934,0.287916,4.565160,0.097477
0.345600,-1.234913,22.039413,-9.709771,17.501272,0.287052,4.551465,0.097185
0.345750,-1.245360,22.090556,-9.770555,17.448769,0.286191,4.537811,0.096893
0.345900,-1.254841,22.141217,-9.831196,17.396422,0.285332,4.524197,0.096602
0.346050,-1.263461,22.191395,-9.891693,17.344233,0.284476,4.510625,0.096313
0.346200,-1.271414,22.241093,-9.952044,17.292200,0.283623,4.497093,0.096024
0.346350,-1.278962,22.290311,-10.012249,17.240324,0.282772,4.483601,0.095736
0.346500,-1.286405,22.339049,-10.072305,17.188603,0.281923,4.470151,0.095448
0.346650,-1.294042,22.387309,-10.132213,17.137037,0.281078,4.456740,0.095162
0.346800,-1.302143,22.435091,-10.191969,17.085626,0.280234,4.443370,0.094876
0.346950,-1.310915,22.482396,-10.251574,17.034369,0.279394,4.430040,0.094592
0.347100,-1.320482,22.529225,-10.311026,16.983266,0.278556,4.416750,0.094308
0.347250,-1.330875,22.575579,-10.370324,16.932316,0.277720,4.403499,0.094025
0.347400,-1.342027,22.621459,-10.429466,16.881519,0.276887,4.390289,0.093743
0.347550,-1.353785,22.666867,-10.488452,16.830874,0.276056,4.377118,0.093462
0.347700,-1.365930,22.711802,-10.547281,16.780382,0.275228,4.363987,0.093181
0.347850,-1.378201,22.756267,-10.605950,16.730041,0.274402,4.350895,0.092902
0.348000,-1.390330,22.800263,-10.664459,16.679851,0.273579,4.337842,0.092623
0.348150,-1.402064,22.843790,-10.722808,16.629811,0.272758,4.324829,0.092345
0.348300,-1.413204,22.886850,-10.780993,16.579922,0.271940,4.311854,0.092068
0.348450,-1.423615,22.929444,-10.839016,16.530182,0.271124,4.298919,0.091792
0.348600,-1.433248,22.971574,-10.896874,16.480591,0.270311,4.286022,0.091517
0.348750,-1.442139,23.013240,-10.954566,16.431150,0.269500,4.273164,0.091242
0.348900,-1.450402,23.054445,-11.012092,16.381856,0.268691,4.260344,0.090968
0.349050,-1.458220,23.095189,-11.069449,16.332711,0.267885,4.247563,0.090696
0.349200,-1.465815,23.135473,-11.126638,16.283712,0.267082,4.234821,0.090423
0.349350,-1.473428,23.175300,-11.183657,16.234861,0.266280,4.222116,0.090152
0.349500,-1.481290,23.214671,-11.240505,16.186157,0.265482,4.209450,0.089882
0.349650,-1.489597,23.253586,-11.297181,16.137598,0.264685,4.196821,0.089612
0.349800,-1.498488,23.292048,-11.353683,16.089185,0.263891,4.184231,0.089343
0.349950,-1.508030,23.330059,-11.410012,16.040918,0.263099,4.171678,0.089075
0.350100,-1.518217,23.367618,-11.466166,15.992795,0.262310,4.159163,0.088808
0.350250,-1.528965,23.404729,-11.522144,15.944817,0.261523,4.146686,0.088542
0.350400,-1.540131,23.441392,-11.577944,15.896982,0.260739,4.134246,0.088276
0.350550,-1.551524,23.477610,-11.633567,15.849291,0.259956,4.121843,0.088011
0.350700,-1.562932,23.513383,-11.689010,15.801743,0.259177,4.109477,0.087747
0.350850,-1.574146,23.548714,-11.744274,15.754338,0.258399,4.097149,0.087484
0.351000,-1.584978,23.583604,-11.799357,15.707075,0.257624,4.084857,0.087221
0.351150,-1.595289,23.618055,-11.854259,15.659954,0.256851,4.072603,0.086960
0.351300,-1.604998,23.652068,-11.908977,15.612974,0.256080,4.060385,0.086699
0.351450,-1.614091,23.685645,-11.963512,15.566135,0.255312,4.048204,0.086439
0.351600,-1.622623,23.718788,-12.017863,15.519437,0.254546,4.036059,0.086179
0.351750,-1.630705,23.751499,-12.072028,15.472878,0.253783,4.023951,0.085921
0.351900,-1.638497,23.783778,-12.126008,15.426460,0.253021,4.011879,0.085663
0.352050,-1.646183,23.815629,-12.179800,15.380180,0.252262,3.999844,0.085406
0.352200,-1.653955,23.847052,-12.233405,15.334040,0.251505,3.987844,0.085150
0.352350,-1.661986,23.878050,-12.286820,15.288038,0.250751,3.975881,0.084894
0.352500,-1.670418,23.908624,-12.340047,15.242174,0.249999,3.963953,0.084640
0.352650,-1.679343,23.938776,-12.393083,15.196447,0.249249,3.952061,0.084386
0.352800,-1.688792,23.968508,-12.445929,15.150858,0.248501,3.940205,0.084133
0.352950,-1.698739,23.997822,-12.498582,15.105405,0.247755,3.928384,0.083880
0.353100,-1.709101,24.026719,-12.551043,15.060089,0.247012,3.916599,0.083629
0.353250,-1.719749,24.055201,-12.603311,15.014909,0.246271,3.904849,0.083378
0.353400,-1.730524,24.083271,-12.655385,14.969864,0.245532,3.893135,0.083128
0.353550,-1.741256,24.110930,-12.707264,14.924954,0.244796,3.881455,0.082878
0.353700,-1.751785,24.138179,-12.758947,14.880180,0.244061,3.869811,0.082630
0.353850,-1.761972,24.165022,-12.810435,14.835539,0.243329,3.858202,0.082382
0.354000,-1.771720,24.191459,-12.861726,34.791032,0.242599,3.846627,0.082135
0.354150,-1.780983,24.217492,-12.912819,34.686659,0.241871,3.835087,0.081888
0.354300,-1.789767,24.243124,-12.963714,34.582599,0.241146,3.823582,0.081643
0.354450,-1.798129,24.268357,-13.014411,34.478852,0.240422,3.812111,0.081398
0.354600,-1.806172,24.293192,-13.064908,34.375415,0.239701,3.800675,0.081153
0.354750,-1.814028,24.317630,-13.115205,34.272289,0.238982,3.789273,0.080910
0.354900,-1.821848,24.341676,-13.165301,34.169472,0.238265,3.777905,0.080667
0.355050,-1.829780,24.365329,-13.215197,34.066963,0.237550,3.766571,0.080425
0.355200,-1.837957,24.388592,-13.264890,33.964763,0.236837,3.755271,0.080184
0.355350,-1.846480,24.411467,-13.314382,33.862868,0.236127,3.744006,0.079943
0.355500,-1.855409,24.433956,-13.363670,33.761280,0.235419,3.732774,0.079704
0.355650,-1.864756,24.456061,-13.412755,33.659996,0.234712,3.721575,0.079464
0.355800,-1.874488,24.477784,-13.461636,33.559016,0.234008,3.710411,0.079226
0.355950,-1.884529,24.499127,-13.510312,33.458339,0.233306,3.699279,0.078988
0.356100,-1.894770,24.520091,-13.558784,33.357964,0.232606,3.688182,0.078751
0.356250,-1.905082,24.540679,-13.607050,33.257890,0.231908,3.677117,0.078515
0.356400,-1.915330,24.560893,-13.655110,33.158116,0.231213,3.666086,0.078280
0.356550,-1.925391,24.580734,-13.702964,33.058642,0.230519,3.655087,0.078045
0.356700,-1.935164,24.600205,-13.750610,32.959466,0.229828,3.644122,0.077811
0.356850,-1.944580,24.619308,-13.798050,32.860588,0.229138,3.633190,0.077577
0.357000,-1.953612,24.638045,-13.845281,32.762006,0.228451,3.622290,0.077344
0.357150,-1.962274,24.656417,-13.892305,32.663720,0.227765,3.611423,0.077112
0.357300,-1.970621,24.674427,-13.939120,32.565729,0.227082,3.600589,0.076881
0.357450,-1.978738,24.692076,-13.985726,32.468031,0.226401,3.589787,0.076650
0.357600,-1.986735,24.709367,-14.032122,32.370627,0.225722,3.579018,0.076421
0.357750,-1.994730,24.726302,-14.078309,32.273515,0.225044,3.568281,0.076191
0.357900,-2.002840,24.742882,-14.124286,32.176695,0.224369,3.557576,0.075963
0.358050,-2.011165,24.759110,-14.170052,32.080165,0.223696,3.546903,0.075735
0.358200,-2.019778,24.774988,-14.215607,31.983924,0.223025,3.536263,0.075508
0.358350,-2.028721,24.790517,-14.260952,31.887973,0.222356,3.525654,0.075281
0.358500,-2.037997,24.805700,-14.306084,31.792309,0.221689,3.515077,0.075055
0.358650,-2.047573,24.820539,-14.351006,31.696932,0.221024,3.504532,0.074830
0.358800,-2.057384,24.835035,-14.395715,31.601841,0.220361,3.494018,0.074606
0.358950,-2.067342,24.849191,-14.440211,31.507035,0.219700,3.483536,0.074382
0.359100,-2.077345,24.863008,-14.484495,31.412514,0.219041,3.473085,0.074159
0.359250,-2.087287,24.876489,-14.528567,31.318277,0.218383,3.462666,0.073936
0.359400,-2.097072,24.889636,-14.572425,31.224322,0.217728,3.452278,0.073714
0.359550,-2.106626,24.902451,-14.616069,31.130649,0.217075,3.441921,0.073493
0.359700,-2.115897,24.914935,-14.659500,31.037257,0.216424,3.431595,0.073273
0.359850,-2.124869,24.927091,-14.702718,30.944145,0.215775,3.421301,0.073053
0.360000,-2.133557,24.938920,-14.745721,30.851313,0.506078,3.411037,0.072834
0.360150,-2.141987,24.950425,-14.788510,30.758759,0.504560,3.400804,0.072615
0.360300,-2.150180,24.961608,-14.831085,30.666483,0.503046,3.390601,0.072397
0.360450,-2.158149,24.972470,-14.873445,30.574483,0.501537,3.380429,0.072180
0.360600,-2.165896,24.983014,-14.915590,30.482760,0.500032,3.370288,0.071964
0.360750,-2.173425,24.993241,-14.957521,30.391311,0.498532,3.360177,0.071748
0.360900,-2.180734,25.003155,-14.999236,30.300137,0.497037,3.350097,0.071533
0.361050,-2.187826,25.012755,-15.040736,30.209237,0.495546,3.340047,0.071318
0.361200,-2.194706,25.022046,-15.082021,30.118609,0.494059,3.330026,0.071104
0.361350,-2.201383,25.031027,-15.123090,30.028254,0.492577,3.320036,0.070891
0.361500,-2.207871,25.039703,-15.163944,29.938169,0.491099,3.310076,0.070678
0.361650,-2.214186,25.048073,-15.204583,29.848354,0.489626,3.300146,0.070466
0.361800,-2.220349,25.056141,-15.245005,29.758809,0.488157,3.290246,0.070255
0.361950,-2.226383,25.063909,-15.285212,29.669533,0.486692,3.280375,0.070044
0.362100,-2.232310,25.071378,-15.325202,29.580524,0.485232,3.270534,0.069834
0.362250,-2.238151,25.078550,-15.364977,29.491783,0.483777,3.260722,0.069624
0.362400,-2.243925,25.085428,-15.404536,29.403307,0.482325,3.250940,0.069415
0.362550,-2.249645,25.092013,-15.443879,29.315097,0.480878,3.241187,0.069207
0.362700,-2.255320,25.098307,-15.483006,29.227152,0.479436,3.231464,0.068999
0.362850,-2.260951,25.104312,-15.521916,29.139471,0.477997,3.221769,0.068792
0.363000,-2.266536,25.110030,-15.560611,29.052052,0.476563,3.212104,0.068586
0.363150,-2.272068,25.115463,-15.599089,28.964896,0.475134,3.202467,0.068380
0.363300,-2.277536,25.120613,-15.637352,28.878001,0.473708,3.192860,0.068175
0.363450,-2.282927,25.125482,-15.675398,28.791367,0.472287,3.183282,0.067971
0.363600,-2.288228,25.130072,-15.713228,28.704993,0.470870,3.173732,0.067767
0.363750,-2.293428,25.134384,-15.750842,28.618878,0.469458,3.164210,0.067563
0.363900,-2.298519,25.138421,-15.788240,28.533022,0.468049,3.154718,0.067361
0.364050,-2.303496,25.142185,-15.825422,28.447423,0.466645,3.145254,0.067159
0.364200,-2.308360,25.145677,-15.862388,28.362080,0.465245,3.135818,0.066957
0.364350,-2.313117,25.148899,-15.899138,28.276994,0.463849,3.126410,0.066756
0.364500,-2.317777,25.151853,-15.935673,28.192163,0.462458,3.117031,0.066556
0.364650,-2.322353,25.154542,-15.971991,28.107587,0.461071,3.107680,0.066356
0.364800,-2.326862,25.156966,-16.008094,28.023264,0.459687,3.098357,0.066157
0.364950,-2.331319,25.159129,-16.043982,27.939194,0.458308,3.089062,0.065959
0.365100,-2.335741,25.161031,-16.079654,27.855376,0.456933,3.079795,0.065761
0.365250,-2.340139,25.162675,-16.115111,27.771810,0.455563,3.070555,0.065564
0.365400,-2.344524,25.164062,-16.150352,27.688495,0.454196,3.061344,0.065367
0.365550,-2.348900,25.165194,-16.185378,27.605429,0.452833,3.052160,0.065171
0.365700,-2.353267,25.166074,-16.220190,27.522613,0.451475,3.043003,0.064975
0.365850,-2.357619,25.166703,-16.254786,27.440045,0.450120,3.033874,0.064780
0.366000,-2.361949,25.167082,-16.289168,27.357725,0.448770,3.024773,0.064586
0.366150,-2.366243,25.167215,-16.323335,27.275652,0.447424,3.015698,0.064392
0.366300,-2.370489,25.167102,-16.357288,27.193825,0.446081,3.006651,0.064199
0.366450,-2.374675,25.166745,-16.391026,27.112244,0.444743,2.997631,0.064007
0.366600,-2.378788,25.166146,-16.424550,27.030907,0.443409,2.988638,0.063815
0.366750,-2.382820,25.165307,-16.457861,26.949814,0.442079,2.979672,0.063623
0.366900,-2.386768,25.164230,-16.490958,26.868965,0.440752,2.970733,0.063432
0.367050,-2.390631,25.162917,-16.523841,26.788358,0.439430,2.961821,0.063242
0.367200,-2.394414,25.161369,-16.556511,26.707993,0.438112,2.952936,0.063052
0.367350,-2.398126,25.159588,-16.588967,26.627869,0.436798,2.944077,0.062863
0.367500,-2.401780,25.157576,-16.621211,26.547985,0.435487,2.935245,0.062674
0.367650,-2.405388,25.155334,-16.653242,26.468341,0.434181,2.926439,0.062486
0.367800,-2.408965,25.152866,-16.685061,26.388936,0.432878,2.917660,0.062299
0.367950,-2.412526,25.150171,-16.716667,26.309769,0.431580,2.908907,0.062112
0.368100,-2.416080,25.147252,-16.748061,26.230840,0.430285,2.900180,0.061926
0.368250,-2.419634,25.144112,-16.779244,26.152147,0.428994,2.891479,0.061740
0.368400,-2.423193,25.140750,-16.810214,26.073691,0.427707,2.882805,0.061555
0.368550,-2.426755,25.137170,-16.840974,25.995470,0.426424,2.874157,0.061370
0.368700,-2.430313,25.133373,-16.871522,25.917484,0.425145,2.865534,0.061186
0.368850,-2.433860,25.129360,-16.901860,25.839731,0.423869,2.856938,0.061002
0.369000,-2.437383,25.125134,-16.931987,25.762212,0.422598,2.848367,0.060819
0.369150,-2.440871,25.120695,-16.961904,25.684925,0.421330,2.839822,0.060637
0.369300,-2.444310,25.116047,-16.991611,25.607870,0.420066,2.831302,0.060455
0.369450,-2.447692,25.111190,-17.021108,25.531047,0.418806,2.822808,0.060274
0.369600,-2.451008,25.106126,-17.050395,25.454454,0.417549,2.814340,0.060093
0.369750,-2.454255,25.100857,-17.079474,25.378090,0.416297,2.805897,0.059913
0.369900,-2.457435,25.095385,-17.108343,25.301956,0.415048,2.797479,0.059733
0.370050,-2.460551,25.089710,-17.137004,25.226050,0.413802,2.789087,0.059554
0.370200,-2.463612,25.083836,-17.165457,25.150372,0.412561,2.780719,0.059375
0.370350,-2.466630,25.077763,-17.193702,25.074921,0.411323,2.772377,0.059197
0.370500,-2.469617,25.071493,-17.221739,24.999696,0.410089,2.764060,0.059019
0.370650,-2.472587,25.065028,-17.249568,24.924697,0.408859,2.755768,0.058842
0.370800,-2.475551,25.058369,-17.277191,24.849923,0.407633,2.747501,0.058666
0.370950,-2.478518,25.051518,-17.304607,24.775373,0.406410,2.739258,0.058490
0.371100,-2.481495,25.044477,-17.331817,24.701047,0.405190,2.731040,0.058314
0.371250,-2.484482,25.037247,-17.358821,24.626944,0.403975,2.722847,0.058139
0.371400,-2.487479,25.029830,-17.385619,24.553063,0.402763,2.714679,0.057965
0.371550,-2.490478,25.022228,-17.412212,24.479404,0.401555,2.706535,0.057791
0.371700,-2.493471,25.014441,-17.438600,24.405966,0.400350,2.698415,0.057618
0.371850,-2.496448,25.006472,-17.464783,24.332748,0.399149,2.690320,0.057445
0.372000,-2.499396,24.998322,-17.490762,24.259750,0.397952,2.682249,0.057272
0.372150,-2.502305,24.989993,-17.516536,24.186970,0.396758,2.674202,0.057101
0.372300,-2.505165,24.981486,-17.542108,24.114409,0.395567,2.666180,0.056929
0.372450,-2.507970,24.972803,-17.567476,24.042066,0.394381,2.658181,0.056758
0.372600,-2.510719,24.963946,-17.592641,23.969940,0.393198,2.650206,0.056588
0.372750,-2.513411,24.954915,-17.617604,23.898030,0.392018,2.642256,0.056418
0.372900,-2.516052,24.945713,-17.642365,23.826336,0.390842,2.634329,0.056249
0.373050,-2.518651,24.936341,-17.666924,23.754857,0.389669,2.626426,0.056080
0.373200,-2.521217,24.926800,-17.691282,23.683593,0.388500,2.618547,0.055912
0.373350,-2.523762,24.917093,-17.715439,23.612542,0.387335,2.610691,0.055744
0.373500,-2.526297,24.907219,-17.739395,23.541704,0.386173,2.602859,0.055577
0.373650,-2.528832,24.897182,-17.763151,23.471079,0.385014,2.595050,0.055410
0.373800,-2.531375,24.886983,-17.786707,23.400666,0.383859,2.587265,0.055244
0.373950,-2.533929,24.876622,-17.810064,23.330464,0.382708,2.579504,0.055079
0.374100,-2.536495,24.866101,-17.833222,23.260472,0.381560,2.571765,0.054913
0.374250,-2.539071,24.855423,-17.856182,23.190691,0.380415,2.564050,0.054749
0.374400,-2.541649,24.844588,-17.878943,23.121119,0.379274,2.556358,0.054584
0.374550,-2.544222,24.833598,-17.901507,23.051756,0.378136,2.548689,0.054421
0.374700,-2.546778,24.822454,-17.923873,22.982600,0.377001,2.541042,0.054257
0.374850,-2.549307,24.811157,-17.946042,22.913652,0.375870,2.533419,0.054095
0.375000,-2.551799,24.799710,-17.968015,22.844912,0.374743,2.525819,0.053932
0.375150,-2.554247,24.788113,-17.989792,22.776377,0.373619,2.518242,0.053770
0.375300,-2.556645,24.776368,-18.011373,22.708048,0.372498,2.510687,0.053609
0.375450,-2.558991,24.764476,-18.032759,22.639924,0.371380,2.503155,0.053448
0.375600,-2.561289,24.752440,-18.053950,22.572004,0.370266,2.495645,0.053288
0.375750,-2.563542,24.740259,-18.074947,22.504288,0.369155,2.488158,0.053128
0.375900,-2.565759,24.727936,-18.095749,22.436775,0.368048,2.480694,0.052969
0.376050,-2.567949,24.715471,-18.116358,22.369465,0.366944,2.473252,0.052810
0.376200,-2.570124,24.702867,-18.136775,22.302356,0.365843,2.465832,0.052651
0.376350,-2.572293,24.690124,-18.156998,22.235449,0.364745,2.458435,0.052493
0.376500,-2.574464,24.677245,-18.177029,22.168743,0.363651,2.451059,0.052336
0.376650,-2.576645,24.664229,-18.196869,22.102236,0.362560,2.443706,0.052179
0.376800,-2.578837,24.651079,-18.216517,22.035930,0.361472,2.436375,0.052022
0.376950,-2.581041,24.637796,-18.235974,21.969822,0.360388,2.429066,0.051866
0.377100,-2.583253,24.624382,-18.255241,21.903913,0.359307,2.421779,0.051711
0.377250,-2.585466,24.610837,-18.274318,21.838201,0.358229,2.414513,0.051556
0.377400,-2.587672,24.597163,-18.293205,21.772686,0.357154,2.407270,0.051401
0.377550,-2.589862,24.583361,-18.311904,21.707368,0.356083,2.400048,0.051247
0.377700,-2.592026,24.569432,-18.330413,21.642246,0.355015,2.392848,0.051093
0.377850,-2.594155,24.555379,-18.348735,21.577319,0.353950,2.385669,0.050940
0.378000,-2.596242,24.541201,-18.366869,21.512587,0.352888,2.378512,0.050787
0.378150,-2.598284,24.526900,-18.384815,21.448050,0.351829,2.371377,0.050635
0.378300,-2.600280,24.512479,-18.402575,21.383705,0.350774,2.364263,0.050483
0.378450,-2.602232,24.497937,-18.420148,21.319554,0.349721,2.357170,0.050331
0.378600,-2.604146,24.483276,-18.437536,21.255596,0.348672,2.350098,0.050180
0.378750,-2.606030,24.468497,-18.454738,21.191829,0.347626,2.343048,0.050030
0.378900,-2.607893,24.453602,-18.471755,21.128253,0.346583,2.336019,0.049880
0.379050,-2.609745,24.438592,-18.488588,21.064869,0.345543,2.329011,0.049730
0.379200,-2.611593,24.423468,-18.505237,21.001674,0.344507,2.322024,0.049581
0.379350,-2.613447,24.408231,-18.521702,20.938669,0.343473,2.315058,0.049432
0.379500,-2.615310,24.392882,-18.537984,20.875853,0.342443,2.308113,0.049284
0.379650,-2.617185,24.377423,-18.554084,20.813225,0.341415,2.301188,0.049136
0.379800,-2.619070,24.361855,-18.570001,20.750786,0.340391,2.294285,0.048988
0.379950,-2.620963,24.346178,-18.585737,20.688533,0.339370,2.287402,0.048841
0.380100,-2.622856,24.330395,-18.601292,20.626468,0.338352,2.280540,0.048695
0.380250,-2.624741,24.314506,-18.616665,20.564588,0.337337,2.273698,0.048549
0.380400,-2.626610,24.298513,-18.631859,20.502895,0.336325,2.266877,0.048403
0.380550,-2.628453,24.282417,-18.646873,20.441386,0.335316,2.260076,0.048258
0.380700,-2.630264,24.266218,-18.661708,20.380062,0.334310,2.253296,0.048113
0.380850,-2.632037,24.249918,-18.676364,20.318922,0.333307,2.246536,0.047969
0.381000,-2.633769,24.233518,-18.690841,20.257965,0.332307,2.239797,0.047825
0.381150,-2.635461,24.217019,-18.705141,40.197191,0.331310,2.233077,0.047681
0.381300,-2.637115,24.200423,-18.719263,40.076599,0.330316,2.226378,0.047538
0.381450,-2.638738,24.183730,-18.733209,39.956370,0.329325,2.219699,0.047396
0.381600,-2.640337,24.166942,-18.746978,39.836500,0.328337,2.213040,0.047254
0.381750,-2.641920,24.150059,-18.760571,39.716991,0.327352,2.206401,0.047112
0.381900,-2.643497,24.133083,-18.773989,39.597840,0.326370,2.199781,0.046971
0.382050,-2.645076,24.116015,-18.787231,39.479046,0.325391,2.193182,0.046830
0.382200,-2.646662,24.098855,-18.800300,39.360609,0.324415,2.186602,0.046689
0.382350,-2.648259,24.081606,-18.813194,39.242527,0.323442,2.180043,0.046549
0.382500,-2.649869,24.064268,-18.825915,39.124800,0.322471,2.173503,0.046409
0.382650,-2.651490,24.046842,-18.838463,39.007426,0.321504,2.166982,0.046270
0.382800,-2.653117,24.029328,-18.850838,38.890403,0.320539,2.160481,0.046131
0.382950,-2.654744,24.011729,-18.863041,38.773732,0.319578,2.154000,0.045993
0.383100,-2.656363,23.994046,-18.875073,38.657411,0.318619,2.147538,0.045855
0.383250,-2.657966,23.976278,-18.886933,38.541439,0.317663,2.141095,0.045717
0.383400,-2.659545,23.958428,-18.898623,38.425814,0.316710,2.134672,0.045580
0.383550,-2.661094,23.940496,-18.910143,38.310537,0.315760,2.128268,0.045444
0.383700,-2.662608,23.922483,-18.921493,38.195605,0.314813,2.121883,0.045307
0.383850,-2.664085,23.904391,-18.932675,38.081018,0.313868,2.115517,0.045171
0.384000,-2.665525,23.886220,-18.943687,37.966775,0.312927,2.109171,0.045036
0.384150,-2.666934,23.867971,-18.954531,37.852875,0.311988,2.102843,0.044901
0.384300,-2.668314,23.849646,-18.965208,37.739316,0.311052,2.096535,0.044766
0.384450,-2.669675,23.831245,-18.975717,37.626098,0.310119,2.090245,0.044632
0.384600,-2.671024,23.812769,-18.986060,37.513220,0.309189,2.083974,0.044498
0.384750,-2.672369,23.794219,-18.996237,37.400680,0.308261,2.077722,0.044364
0.384900,-2.673717,23.775596,-19.006247,37.288478,0.307336,2.071489,0.044231
0.385050,-2.675074,23.756901,-19.016093,37.176613,0.306414,2.065275,0.044099
0.385200,-2.676441,23.738136,-19.025774,37.065083,0.305495,2.059079,0.043966
0.385350,-2.677821,23.719300,-19.035290,36.953888,0.304578,2.052902,0.043834
0.385500,-2.679211,23.700396,-19.044643,36.843026,0.303665,2.046743,0.043703
0.385650,-2.680606,23.681423,-19.053832,36.732497,0.302754,2.040603,0.043572
0.385800,-2.682001,23.662383,-19.062859,36.622300,0.301846,2.034481,0.043441
0.385950,-2.683387,23.643272,-19.071723,36.512433,0.300940,2.028378,0.043311
0.386100,-2.684759,23.613845,-19.080425,36.402895,0.300037,2.022292,0.043181
0.386250,-2.686108,23.584063,-19.088966,36.293687,0.299137,2.016226,0.043051
0.386400,-2.687430,23.560310,-19.097346,36.184806,0.298240,2.010177,0.042922
0.386550,-2.688720,23.541059,-19.105566,36.076251,0.297345,2.004146,0.042793
0.386700,-2.689976,23.521745,-19.113626,35.968023,0.296453,1.998134,0.042665
0.386850,-2.691201,23.502370,-19.121526,35.860119,0.295564,1.992139,0.042537
0.387000,-2.692396,23.482935,-19.129267,35.752538,0.294677,1.986163,0.042409
0.387150,-2.693569,23.463440,-19.136850,35.645281,0.584744,1.980205,0.042282
0.387300,-2.694720,23.443887,-19.144275,35.538345,0.582989,1.974264,0.042155
0.387450,-2.695845,23.424275,-19.151542,35.431730,0.581240,1.968341,0.042029
0.387600,-2.696932,23.404607,-19.158653,35.325434,0.579497,1.962436,0.041903
0.387750,-2.697963,23.384882,-19.165606,35.219458,0.577758,1.956549,0.041777
0.387900,-2.698918,23.365102,-19.172404,35.113800,0.576025,1.950679,0.041652
0.388050,-2.699777,23.345268,-19.179046,35.008458,0.574297,1.944827,0.041527
0.388200,-2.700523,23.325380,-19.185533,34.903433,0.572574,1.938993,0.041402
0.388350,-2.701143,23.305439,-19.191865,34.798723,0.570856,1.933176,0.041278
0.388500,-2.701631,23.285446,-19.198043,34.694327,0.569144,1.927376,0.041154
0.388650,-2.701987,23.265402,-19.204068,34.590244,0.567436,1.921594,0.041031
0.388800,-2.702223,23.245307,-19.209939,34.486473,0.565734,1.915829,0.040907
0.388950,-2.702352,23.225162,-19.215657,34.383013,0.564037,1.910082,0.040785
0.389100,-2.702396,23.204969,-19.221224,34.279864,0.562345,1.904352,0.040662
0.389250,-2.702381,23.184728,-19.226638,34.177025,0.560658,1.898638,0.040540
0.389400,-2.702330,23.164439,-19.231901,34.074494,0.558976,1.892943,0.040419
0.389550,-2.702268,23.144103,-19.237013,33.972270,0.557299,1.887264,0.040298
0.389700,-2.702215,23.123722,-19.241975,33.870353,0.555627,1.881602,0.040177
0.389850,-2.702183,23.103296,-19.246787,33.768742,0.553960,1.875957,0.040056
0.390000,-2.702179,23.082826,-19.251449,33.667436,0.552298,1.870329,0.039936
0.390150,-2.702201,23.062312,-19.255963,33.566434,0.550641,1.864718,0.039816
0.390300,-2.702237,23.041755,-19.260328,33.465735,0.548989,1.859124,0.039697
0.390450,-2.702274,23.021156,-19.264544,33.365337,0.547342,1.853547,0.039578
0.390600,-2.702291,23.000516,-19.268614,33.265241,0.545700,1.847986,0.039459
0.390750,-2.702266,22.979836,-19.272536,33.165446,0.544063,1.842442,0.039341
0.390900,-2.702174,22.959115,-19.276311,33.065949,0.542431,1.836915,0.039222
0.391050,-2.701994,22.938355,-19.279941,32.966751,0.540804,1.831404,0.039105
0.391200,-2.701708,22.917557,-19.283424,32.867851,0.539181,1.825910,0.038988
0.391350,-2.701301,22.896721,-19.286763,32.769248,0.537564,1.820432,0.038871
0.391500,-2.700769,22.875848,-19.289956,32.670940,0.535951,1.814971,0.038754
0.391650,-2.700112,22.854939,-19.293006,32.572927,0.534343,1.809526,0.038638
0.391800,-2.699341,22.833994,-19.295911,32.475208,0.532740,1.804097,0.038522
0.391950,-2.698472,22.813014,-19.298673,32.377783,0.531142,1.798685,0.038406
0.392100,-2.697526,22.791999,-19.301292,32.280649,0.529548,1.793289,0.038291
0.392250,-2.696526,22.770951,-19.303768,32.183807,0.527960,1.787909,0.038176
0.392400,-2.695498,22.749870,-19.306103,32.087256,0.526376,1.782545,0.038062
0.392550,-2.694463,22.728757,-19.308295,31.990994,0.524797,1.777198,0.037947
0.392700,-2.693439,22.707612,-19.310347,31.895021,0.523222,1.771866,0.037834
0.392850,-2.692435,22.686436,-19.312258,31.799336,0.521653,1.766551,0.037720
0.393000,-2.691457,22.665230,-19.314029,31.703938,0.520088,1.761251,0.037607
0.393150,-2.690500,22.643994,-19.315659,31.608826,0.518527,1.755967,0.037494
0.393300,-2.689552,22.622729,-19.317151,31.514000,0.516972,1.750699,0.037382
0.393450,-2.688597,22.601436,-19.318504,31.419458,0.515421,1.745447,0.037269
0.393600,-2.687615,22.580114,-19.319718,31.325199,0.513875,1.740211,0.037158
0.393750,-2.686584,22.558766,-19.320794,31.231224,0.512333,1.734990,0.037046
0.393900,-2.685482,22.537391,-19.321732,31.137530,0.510796,1.729785,0.036935
0.394050,-2.684292,22.515990,-19.322534,31.044118,0.509264,1.724596,0.036824
0.394200,-2.683003,22.494563,-19.323199,30.950985,0.507736,1.719422,0.036714
0.394350,-2.681609,22.473112,-19.323727,30.858132,0.506213,1.714264,0.036604
0.394500,-2.680113,22.451637,-19.324120,30.765558,0.504694,1.709121,0.036494
0.394650,-2.678522,22.430138,-19.324377,30.673261,0.503180,1.703994,0.036384
0.394800,-2.676853,22.408617,-19.324500,30.581241,0.501670,1.698882,0.036275
0.394950,-2.675125,22.387072,-19.324487,30.489498,0.500165,1.693785,0.036166
0.395100,-2.673361,22.365506,-19.324341,30.398029,0.498665,1.688704,0.036058
0.395250,-2.671582,22.343919,-19.324062,30.306835,0.497169,1.683638,0.035950
0.395400,-2.669808,22.322311,-19.323649,30.215915,0.495677,1.678587,0.035842
0.395550,-2.668055,22.300683,-19.323103,30.125267,0.494190,1.673551,0.035734
0.395700,-2.666332,22.279036,-19.322425,30.034891,0.492708,1.668530,0.035627
0.395850,-2.664641,22.257370,-19.321615,29.944786,0.491230,1.663525,0.035520
0.396000,-2.662978,22.235685,-19.320673,29.854952,0.489756,1.658534,0.035414
0.396150,-2.661331,22.213982,-19.319601,29.765387,0.488287,1.653558,0.035307
0.396300,-2.659685,22.192262,-19.318398,29.676091,0.486822,1.648598,0.035201
0.396450,-2.658021,22.170525,-19.317064,29.587063,0.485361,1.643652,0.035096
0.396600,-2.656316,22.148772,-19.315601,29.498302,0.483905,1.638721,0.034991
0.396750,-2.654553,22.127003,-19.314009,29.409807,0.482454,1.633805,0.034886
0.396900,-2.652716,22.105219,-19.312288,29.321577,0.481006,1.628903,0.034781
0.397050,-2.650792,22.083420,-19.310438,29.233612,0.479563,1.624017,0.034677
0.397200,-2.648779,22.061607,-19.308460,29.145912,0.478125,1.619145,0.034573
0.397350,-2.646679,22.039781,-19.306354,29.058474,0.476690,1.614287,0.034469
0.397500,-2.644499,22.017941,-19.304121,28.971298,0.475260,1.609444,0.034365
0.397650,-2.642255,21.996089,-19.301761,28.884385,0.473834,1.604616,0.034262
0.397800,-2.639964,21.974224,-19.299275,28.797731,0.472413,1.599802,0.034160
0.397950,-2.637647,21.952348,-19.296663,28.711338,0.470996,1.595003,0.034057
0.398100,-2.635324,21.930461,-19.293925,28.625204,0.469583,1.590218,0.033955
0.398250,-2.633012,21.908563,-19.291062,28.539329,0.468174,1.585447,0.033853
0.398400,-2.630725,21.886655,-19.288074,28.453711,0.466769,1.580691,0.033751
0.398550,-2.628470,21.864737,-19.284961,28.368349,0.465369,1.575949,0.033650
0.398700,-2.626248,21.842810,-19.281725,28.283244,0.463973,1.571221,0.033549
0.398850,-2.624055,21.820875,-19.278365,28.198395,0.462581,1.566507,0.033449
0.399000,-2.621879,21.798931,-19.274882,28.113800,0.461193,1.561808,0.033348
0.399150,-2.619704,21.776979,-19.271276,28.029458,0.459810,1.557122,0.033248
0.399300,-2.617513,21.755020,-19.267548,27.945370,0.458430,1.552451,0.033149
0.399450,-2.615287,21.733054,-19.263697,27.861534,0.457055,1.547794,0.033049
0.399600,-2.613007,21.711081,-19.259725,34.444616,0.455684,1.543150,0.032950
0.399750,-2.610661,21.689103,-19.255632,41.007949,0.454317,1.538521,0.032851
0.399900,-2.608238,21.667118,-19.251418,47.551591,0.452954,1.533905,0.032753
0.400050,-2.605734,21.645129,-19.247084,47.408937,0.451595,1.529303,0.032654
0.400200,-2.603153,21.623135,-19.242629,47.266710,0.450240,1.524716,0.032556
0.400350,-2.600503,21.601137,-19.238055,47.124910,0.448889,1.520141,0.032459
0.400500,-2.597796,21.579135,-19.233362,46.983535,0.447543,1.515581,0.032361
0.400650,-2.595050,21.557130,-19.228550,46.842584,0.446200,1.511034,0.032264
0.400800,-2.592280,21.535122,-19.223619,46.702057,0.444862,1.506501,0.032167
0.400950,-2.589506,21.513111,-19.218570,46.561950,0.443527,1.501982,0.032071
0.401100,-2.586741,21.491098,-19.213404,46.422265,0.442196,1.497476,0.031975
0.401250,-2.583997,21.469083,-19.208120,46.282998,0.440870,1.492983,0.031879
0.401400,-2.581279,21.447067,-19.202719,46.144149,0.439547,1.488504,0.031783
0.401550,-2.578586,21.425050,-19.197202,46.005716,0.438229,1.484039,0.031688
0.401700,-2.575913,21.403033,-19.191568,45.867699,0.436914,1.479587,0.031593
0.401850,-2.573249,21.381015,-19.185818,45.730096,0.435603,1.475148,0.031498
0.402000,-2.570579,21.358998,-19.179953,45.592906,0.434296,1.470722,0.031403
0.402150,-2.567887,21.336982,-19.173973,45.456127,0.432993,1.466310,0.031309
0.402300,-2.565154,21.314966,-19.167879,45.319759,0.431694,1.461911,0.031215
0.402450,-2.562366,21.292952,-19.161669,45.183799,0.430399,1.457526,0.031122
0.402600,-2.559511,21.270940,-19.155346,45.048248,0.429108,1.453153,0.031028
0.402750,-2.556579,21.248930,-19.148909,44.913103,0.427821,1.448794,0.030935
0.402900,-2.553569,21.226922,-19.142359,44.778364,0.426537,1.444447,0.030842
0.403050,-2.550483,21.204918,-19.135696,44.644029,0.425258,1.440114,0.030750
0.403200,-2.547330,21.182916,-19.128921,44.510097,0.423982,1.435794,0.030658
0.403350,-2.544120,21.160919,-19.122033,44.376566,0.422710,1.431486,0.030566
0.403500,-2.540869,21.138925,-19.115034,44.243437,0.421442,1.427192,0.030474
0.403650,-2.537593,21.116936,-19.107923,44.110706,0.420178,1.422910,0.030383
0.403800,-2.534305,21.094952,-19.100701,43.978374,0.418917,1.418641,0.030291
0.403950,-2.531020,21.072972,-19.093368,43.846439,0.417660,1.414385,0.030200
0.404100,-2.527744,21.050998,-19.085925,43.714900,0.416407,1.410142,0.030110
0.404250,-2.524483,21.029030,-19.078372,43.583755,0.415158,1.405912,0.030020
0.404400,-2.521236,21.007068,-19.070709,43.453004,0.413913,1.401694,0.029929
0.404550,-2.517996,20.985113,-19.062936,43.322645,0.412671,1.397489,0.029840
0.404700,-2.514752,20.963164,-19.055055,43.192677,0.411433,1.393297,0.029750
0.404850,-2.511492,20.941222,-19.047065,43.063099,0.410199,1.389117,0.029661
0.405000,-2.508201,20.919288,-19.038967,42.933910,0.408968,1.384949,0.029572
0.405150,-2.504863,20.897362,-19.030761,42.805108,0.407741,1.380795,0.029483
0.405300,-2.501466,20.875444,-19.022447,42.676693,0.406518,1.376652,0.029395
0.405450,-2.497997,20.853534,-19.014025,42.548663,0.405298,1.372522,0.029307
0.405600,-2.494452,20.831633,-19.005497,42.421017,0.515193,1.368405,0.029219
0.405750,-2.490828,20.809741,-18.996862,42.293753,0.624759,1.364299,0.029131
0.405900,-2.487123,20.787858,-18.988121,42.166872,0.691613,1.360207,0.029044
0.406050,-2.483335,20.765985,-18.979274,42.040372,0.689538,1.356126,0.028957
0.406200,-2.479458,20.744122,-18.970322,41.914251,0.687470,1.352058,0.028870
0.406350,-2.475480,20.722269,-18.961264,41.788508,0.685407,1.348001,0.028783
0.406500,-2.471385,20.700427,-18.952101,41.663142,0.683351,1.343957,0.028697
0.406650,-2.467158,20.678596,-18.942833,41.538153,0.681301,1.339925,0.028611
0.406800,-2.462780,20.656775,-18.933461,41.413538,0.679257,1.335906,0.028525
0.406950,-2.458239,20.634967,-18.923985,41.289298,0.677219,1.331898,0.028439
0.407100,-2.453523,20.613170,-18.914406,41.165430,0.675188,1.327902,0.028354
0.407250,-2.448628,20.591385,-18.904723,41.041934,0.673162,1.323919,0.028269
0.407400,-2.443552,20.569612,-18.894937,40.918808,0.671143,1.319947,0.028184
0.407550,-2.438300,20.547852,-18.885048,40.796051,0.669129,1.315987,0.028099
0.407700,-2.432882,20.526105,-18.875057,40.673663,0.667122,1.312039,0.028015
0.407850,-2.427312,20.504371,-18.864964,40.551642,0.665121,1.308103,0.027931
0.408000,-2.421604,20.482651,-18.854769,40.429987,0.663125,1.304179,0.027847
0.408150,-2.415773,20.460944,-18.844472,40.308697,0.661136,1.300266,0.027764
0.408300,-2.409835,20.439251,-18.834075,40.187771,0.659152,1.296365,0.027680
0.408450,-2.403799,20.417572,-18.823576,40.067208,0.657175,1.292476,0.027597
0.408600,-2.397672,20.395908,-18.812977,39.947006,0.655203,1.288599,0.027515
0.408750,-2.391457,20.374258,-18.802278,39.827165,0.653238,1.284733,0.027432
0.408900,-2.385151,20.352624,-18.791479,39.707684,0.651278,1.280879,0.027350
0.409050,-2.378745,20.331004,-18.780580,39.588561,0.649324,1.277036,0.027268
0.409200,-2.372227,20.309401,-18.769582,39.469795,0.647376,1.273205,0.027186
0.409350,-2.365585,20.287813,-18.758485,39.351386,0.645434,1.269385,0.027104
0.409500,-2.358802,20.266241,-18.747289,39.233331,0.643498,1.265577,0.027023
0.409650,-2.351864,20.244685,-18.735994,39.115631,0.641567,1.261780,0.026942
0.409800,-2.344758,20.223146,-18.724602,38.998285,0.639643,1.257995,0.026861
0.409950,-2.337475,20.201623,-18.713111,38.881290,0.637724,1.254221,0.026781
0.410100,-2.330009,20.180117,-18.701524,38.764646,0.635811,1.250458,0.026700
0.410250,-2.322359,20.158629,-18.689838,38.648352,0.633903,1.246707,0.026620
0.410400,-2.314528,20.137158,-18.678056,38.532407,0.632001,1.242967,0.026540
0.410550,-2.306523,20.115705,-18.666177,38.416810,0.630105,1.239238,0.026461
0.410700,-2.298353,20.094269,-18.654202,38.301559,0.628215,1.235520,0.026381
0.410850,-2.290029,20.072852,-18.642131,38.186655,0.626330,1.231814,0.026302
0.411000,-2.281562,20.051453,-18.629963,38.072095,0.624451,1.228118,0.026223
0.411150,-2.272960,20.030072,-18.617701,37.957878,0.622578,1.224434,0.026145
0.411300,-2.264230,20.008711,-18.605342,37.844005,0.620710,1.220761,0.026066
0.411450,-2.255375,19.987368,-18.592889,37.730473,0.618848,1.217098,0.025988
0.411600,-2.246394,19.966044,-18.580341,37.617281,0.616992,1.213447,0.025910
0.411750,-2.237283,19.944740,-18.567699,37.504429,0.615141,1.209807,0.025832
0.411900,-2.228034,19.923456,-18.554962,37.391916,0.613295,1.206177,0.025755
0.412050,-2.218636,19.902191,-18.542132,37.279740,0.611455,1.202559,0.025677
0.412200,-2.209076,19.880947,-18.529208,37.167901,0.609621,1.198951,0.025600
0.412350,-2.199342,19.859722,-18.516190,37.056397,0.607792,1.195354,0.025524
0.412500,-2.189421,19.838518,-18.503080,36.945228,0.605969,1.191768,0.025447
0.412650,-2.179304,19.817335,-18.489876,36.834393,0.604151,1.188193,0.025371
0.412800,-2.168982,19.796173,-18.476580,36.723889,0.602338,1.184628,0.025295
0.412950,-2.158451,19.775031,-18.463192,36.613718,0.600531,1.181074,0.025219
0.413100,-2.147710,19.753911,-18.449711,36.503877,0.598730,1.177531,0.025143
0.413250,-2.136761,19.732812,-18.436139,36.394365,0.596934,1.173999,0.025068
0.413400,-2.125607,19.711735,-18.422475,36.285182,0.595143,1.170477,0.024992
0.413550,-2.114255,19.690680,-18.408720,36.176326,0.593357,1.166965,0.024917
0.413700,-2.102711,19.669647,-18.394874,36.067797,0.591577,1.163464,0.024843
0.413850,-2.090982,19.648635,-18.380937,35.959594,0.589803,1.159974,0.024768
0.414000,-2.079073,19.627647,-18.366909,35.851715,0.588033,1.156494,0.024694
0.414150,-2.066988,19.606680,-18.352791,35.744160,0.586269,1.153025,0.024620
0.414300,-2.054729,19.585737,-18.338584,35.636927,0.584510,1.149565,0.024546
0.414450,-2.042294,19.564816,-18.324286,35.530017,0.582757,1.146117,0.024472
0.414600,-2.029681,19.543918,-18.309899,35.423427,0.581009,1.142678,0.024399
0.414750,-2.016884,19.523044,-18.295422,35.317156,0.579265,1.139250,0.024326
0.414900,-2.003898,19.502193,-18.280856,35.211205,0.577528,1.135833,0.024253
0.415050,-1.990715,19.481365,-18.266202,35.105571,0.575795,1.132425,0.024180
0.415200,-1.977329,19.460561,-18.251459,35.000255,0.574068,1.129028,0.024107
0.415350,-1.963734,19.439781,-18.236627,34.895254,0.572346,1.125641,0.024035
0.415500,-1.949926,19.419025,-18.221708,34.790568,0.570628,1.122264,0.023963
0.415650,-1.935902,19.398294,-18.206700,34.686196,0.568917,1.118897,0.023891
0.415800,-1.921661,19.377587,-18.191605,34.582138,0.567210,1.115540,0.023819
0.415950,-1.907206,19.356904,-18.176423,34.478391,0.565508,1.112194,0.023748
0.416100,-1.892538,19.336246,-18.161153,34.374956,0.563812,1.108857,0.023677
0.416250,-1.877663,19.315613,-18.145796,34.271831,0.562120,1.105531,0.023606
0.416400,-1.862586,19.295004,-18.130353,34.169016,0.560434,1.102214,0.023535
0.416550,-1.847313,19.274421,-18.114823,34.066509,0.558753,1.098907,0.023464
0.416700,-1.831851,19.253864,-18.099206,33.964309,0.557076,1.095611,0.023394
0.416850,-1.816206,19.233331,-18.083504,33.862416,0.555405,1.092324,0.023324
0.417000,-1.800383,19.212824,-18.067715,33.760829,0.553739,1.089047,0.023254
0.417150,-1.784387,19.192343,-18.051842,33.659547,0.552078,1.085780,0.023184
0.417300,-1.768224,19.171888,-18.035882,33.558568,0.550421,1.082522,0.023114
0.417450,-1.751897,19.151459,-18.019838,33.457892,0.548770,1.079275,0.023045
0.417600,-1.735408,19.131056,-18.003708,33.357519,0.547124,1.076037,0.022976
0.417750,-1.718760,19.110679,-17.987494,33.257446,0.545482,1.072809,0.022907
0.417900,-1.701955,19.090329,-17.971195,33.157674,0.543846,1.069590,0.022838
0.418050,-1.684994,19.070005,-17.954811,33.058201,0.542215,1.066382,0.022770
0.418200,-1.667879,19.049708,-17.938344,32.959026,0.540588,1.063183,0.022701
0.418350,-1.650612,19.029438,-17.921792,32.860149,0.538966,1.059993,0.022633
0.418500,-1.633195,19.009195,-17.905157,32.761569,0.537349,1.056813,0.022565
0.418650,-1.615630,18.988979,-17.888438,32.663284,0.535737,1.053643,0.022498
0.418800,-1.597922,18.968790,-17.871636,32.565294,0.534130,1.050482,0.022430
0.418950,-1.580075,18.948628,-17.854750,32.467598,0.532528,1.047330,0.022363
0.419100,-1.562092,18.928494,-17.837782,32.370195,0.530930,1.044188,0.022296
0.419250,-1.543978,18.908387,-17.820731,32.273085,0.529337,1.041056,0.022229
0.419400,-1.525740,18.888308,-17.803597,32.176265,0.527749,1.037932,0.022162
0.419550,-1.507380,18.868257,-17.786381,32.079737,0.526166,1.034819,0.022096
0.419700,-1.488903,18.848234,-17.769083,31.983497,0.524587,1.031714,0.022030
0.419850,-1.470314,18.828239,-17.751703,31.887547,0.523014,1.028619,0.021963
0.420000,-1.451615,18.808272,-17.734241,31.791884,0.521445,1.025533,0.021898
0.420150,-1.432809,18.788333,-17.716697,31.696509,0.519880,1.022457,0.021832
0.420300,-1.413898,18.768423,-17.699072,31.601419,0.518321,1.019389,0.021766
0.420450,-1.394885,18.748541,-17.681366,31.506615,0.516766,1.016331,0.021701
0.420600,-1.375769,18.728688,-17.663578,31.412095,0.515215,1.013282,0.021636
0.420750,-1.356552,18.708863,-17.645710,31.317859,0.513670,1.010242,0.021571
0.420900,-1.337235,18.689067,-17.627760,31.223905,0.512129,1.007212,0.021506
0.421050,-1.317817,18.669301,-17.609731,31.130233,0.510592,1.004190,0.021442
0.421200,-1.298301,18.649563,-17.591621,31.036843,0.509061,1.001177,0.021378
0.421350,-1.278685,18.629854,-17.573431,30.943732,0.507533,0.998174,0.021313
0.421500,-1.258972,18.610175,-17.555160,30.850901,0.506011,0.995179,0.021249
0.421650,-1.239163,18.590525,-17.536810,30.758348,0.504493,0.992194,0.021186
0.421800,-1.219258,18.570904,-17.518380,30.666073,0.502979,0.989217,0.021122
0.421950,-1.199260,18.551313,-17.499871,30.574075,0.501470,0.986249,0.021059
0.422100,-1.179170,18.531752,-17.481282,30.482353,0.499966,0.983291,0.020996
0.422250,-1.158990,18.512220,-17.462614,30.390906,0.498466,0.980341,0.020933
0.422400,-1.138723,18.492718,-17.443867,30.299733,0.496971,0.977400,0.020870
0.422550,-1.118369,18.473246,-17.425042,30.208834,0.495480,0.974468,0.020807
0.422700,-1.097932,18.453805,-17.406137,30.118207,0.493993,0.971544,0.020745
0.422850,-1.077412,18.434393,-17.387154,30.027853,0.492511,0.968630,0.020683
0.423000,-1.056810,18.415011,-17.368093,29.937769,0.491034,0.965724,0.020620
0.423150,-1.036129,18.395660,-17.348953,29.847956,0.489561,0.962827,0.020559
0.423300,-1.015369,18.376339,-17.329735,29.758412,0.488092,0.959938,0.020497
0.423450,-0.994531,18.357048,-17.310439,29.669137,0.486628,0.957058,0.020435
0.423600,-0.973616,18.337788,-17.291066,29.580129,0.485168,0.954187,0.020374
0.423750,-0.952624,18.318558,-17.271615,29.491389,0.483712,0.951325,0.020313
0.423900,-0.931555,18.299360,-17.252086,29.402915,0.482261,0.948471,0.020252
0.424050,-0.910412,18.280192,-17.232480,29.314706,0.480814,0.945625,0.020191
0.424200,-0.889192,18.261054,-17.212797,29.226762,0.479372,0.942788,0.020131
0.424350,-0.867899,18.241948,-17.193037,29.139082,0.477934,0.939960,0.020070
0.424500,-0.846531,18.222873,-17.173200,29.051664,0.476500,0.937140,0.020010
0.424650,-0.825090,18.203829,-17.153286,28.964509,0.475071,0.934329,0.019950
0.424800,-0.803577,18.184816,-17.133295,28.877616,0.473645,0.931526,0.019890
0.424950,-0.781992,18.165834,-17.113228,28.790983,0.472224,0.928731,0.019831
0.425100,-0.760336,18.146884,-17.093084,28.704610,0.470808,0.925945,0.019771
0.425250,-0.738611,18.127965,-17.072865,28.618496,0.469395,0.923167,0.019712
0.425400,-0.716817,18.109077,-17.052569,28.532641,0.467987,0.920397,0.019653
0.425550,-0.694955,18.090221,-17.032197,28.447043,0.466583,0.917636,0.019594
0.425700,-0.673026,18.071396,-17.011749,28.361702,0.465183,0.914883,0.019535
0.425850,-0.651032,18.052603,-16.991226,28.276617,0.463788,0.912139,0.019476
0.426000,-0.628971,18.033842,-16.970627,28.191787,0.462396,0.909402,0.019418
0.426150,-0.606846,18.015113,-16.949952,28.107211,0.461009,0.906674,0.019360
0.426300,-0.584658,17.996415,-16.929202,28.022890,0.459626,0.903954,0.019302
0.426450,-0.562405,17.977750,-16.908377,27.938821,0.458247,0.901242,0.019244
0.426600,-0.540090,17.959116,-16.887477,27.855005,0.456873,0.898539,0.019186
0.426750,-0.517713,17.940515,-16.866501,27.771440,0.455502,0.895843,0.019128
0.426900,-0.495274,17.921945,-16.845451,27.688125,0.454136,0.893155,0.019071
0.427050,-0.472775,17.903408,-16.824326,27.605061,0.452773,0.890476,0.019014
0.427200,-0.450214,17.884903,-16.803126,34.188912,0.451415,0.887804,0.018957
0.427350,-0.427594,17.866430,-16.781852,34.086346,0.450061,0.885141,0.018900
0.427500,-0.404915,17.847990,-16.760504,33.984087,0.448710,0.882486,0.018843
0.427650,-0.382177,17.829582,-16.739080,33.882134,0.447364,0.879838,0.018787
0.427800,-0.359382,17.811206,-16.717583,33.780488,0.446022,0.877199,0.018730
0.427950,-0.336529,17.792863,-16.696012,33.679147,0.444684,0.874567,0.018674
0.428100,-0.313620,17.774552,-16.674366,33.578109,0.443350,0.871943,0.018618
0.428250,-0.290656,17.756274,-16.652647,33.477375,0.442020,0.869328,0.018562
0.428400,-0.267636,17.738029,-16.630854,33.376943,0.440694,0.866720,0.018507
0.428550,-0.244563,17.719817,-16.608987,33.276812,0.439372,0.864119,0.018451
0.428700,-0.221435,17.701637,-16.587046,33.176981,0.438054,0.861527,0.018396
0.428850,-0.198256,17.683490,-16.565032,33.077450,0.436740,0.858942,0.018340
0.429000,-0.175024,17.665376,-16.542944,32.978218,0.435429,0.856366,0.018285
0.429150,-0.151740,17.647294,-16.520783,32.879283,0.434123,0.853797,0.018231
0.429300,-0.128406,17.629246,-16.497351,32.780646,0.432821,0.851235,0.018176
0.429450,-0.105021,17.611231,-16.467624,32.682304,0.431522,0.848681,0.018121
0.429600,-0.081587,17.593248,-16.437834,32.584257,0.430228,0.846135,0.018067
0.429750,-0.058103,17.575299,-16.413632,32.486504,0.428937,0.843597,0.018013
0.429900,-0.034571,17.557383,-16.391094,32.389044,0.427650,0.841066,0.017959
0.430050,-0.010990,17.539500,-16.368484,32.291877,0.426367,0.838543,0.017905
0.430200,0.012638,17.521650,-16.345800,32.195002,0.425088,0.836027,0.017851
0.430350,0.036312,17.503833,-16.323044,32.098417,0.423813,0.833519,0.017798
0.430500,0.060033,17.486050,-16.300215,32.002121,0.422541,0.831019,0.017744
0.430650,0.083800,17.468300,-16.277314,31.906115,0.421274,0.828526,0.017691
0.430800,0.107612,17.450583,-16.254340,31.810397,0.420010,0.826040,0.017638
0.430950,0.131469,17.432900,-16.231294,31.714966,0.418750,0.823562,0.017585
0.431100,0.155370,17.415250,-16.208176,31.619821,0.417494,0.821091,0.017532
0.431250,0.179314,17.397634,-16.184985,31.524961,0.416241,0.818628,0.017480
0.431400,0.203301,17.380051,-16.161721,31.430386,0.414992,0.816172,0.017427
0.431550,0.227330,17.362502,-16.138386,31.336095,0.413747,0.813724,0.017375
0.431700,0.251401,17.344986,-16.114979,31.242087,0.412506,0.811282,0.017323
0.431850,0.275513,17.327504,-16.091499,31.148361,0.411269,0.808849,0.017271
0.432000,0.299665,17.310056,-16.067948,31.054915,0.410035,0.806422,0.017219
0.432150,0.323857,17.292641,-16.044324,30.961751,0.408805,0.804003,0.017167
0.432300,0.348089,17.275260,-16.020629,30.868865,0.407578,0.801591,0.017116
0.432450,0.372359,17.257913,-15.996862,30.776259,0.406356,0.799186,0.017065
0.432600,0.396668,17.240599,-15.973023,30.683930,0.405137,0.796788,0.017013
0.432750,0.421014,17.223320,-15.949112,30.591878,0.403921,0.794398,0.016962
0.432900,0.445398,17.206074,-15.925130,30.500103,0.402709,0.792015,0.016911
0.433050,0.469819,17.188862,-15.901076,30.408602,0.401501,0.789639,0.016861
0.433200,0.494276,17.171683,-15.876951,30.317377,0.511408,0.787270,0.016810
0.433350,0.518770,17.154539,-15.852754,30.226424,0.509874,0.784908,0.016760
0.433500,0.543303,17.137429,-15.828485,30.135745,0.508344,0.782553,0.016709
0.433650,0.567882,17.120352,-15.804145,30.045338,0.506819,0.780206,0.016659
0.433800,0.592512,17.103310,-15.779734,29.955202,0.505299,0.777865,0.016609
0.433950,0.617202,17.086302,-15.755251,29.865336,0.503783,0.775532,0.016559
0.434100,0.641960,17.069327,-15.730697,29.775740,0.502271,0.773205,0.016510
0.434250,0.666793,17.052387,-15.706071,29.686413,0.500765,0.770885,0.016460
0.434400,0.691709,17.035480,-15.681374,29.597354,0.499262,0.768573,0.016411
0.434550,0.716713,17.018608,-15.656606,29.508562,0.497764,0.766267,0.016362
0.434700,0.741809,17.001770,-15.631767,29.420036,0.496271,0.763968,0.016313
0.434850,0.766999,16.984966,-15.606856,29.331776,0.494782,0.761676,0.016264
0.435000,0.792283,16.968196,-15.581875,29.243781,0.493298,0.759391,0.016215
0.435150,0.817660,16.951460,-15.556822,29.156049,0.491818,0.757113,0.016166
0.435300,0.843128,16.934759,-15.531698,29.068581,0.490343,0.754842,0.016118
0.435450,0.868682,16.918091,-15.506503,28.981375,0.488872,0.752577,0.016069
0.435600,0.894319,16.901458,-15.481237,28.894431,0.487405,0.750319,0.016021
0.435750,0.920035,16.884859,-15.455899,28.807748,0.485943,0.748068,0.015973
0.435900,0.945825,16.868294,-15.430491,28.721325,0.484485,0.745824,0.015925
0.436050,0.971686,16.851763,-15.405012,28.635161,0.483032,0.743587,0.015877
0.436200,0.997616,16.835267,-15.379461,28.549255,0.481582,0.741356,0.015830
0.436350,1.023613,16.818805,-15.353840,28.463608,0.480138,0.739132,0.015782
0.436500,1.049676,16.802377,-15.328147,28.378217,0.478697,0.736915,0.015735
0.436650,1.075807,16.785984,-15.302384,28.293082,0.477261,0.734704,0.015688
0.436800,1.102005,16.769625,-15.276549,28.208203,0.475829,0.732500,0.015641
0.436950,1.128273,16.753300,-15.250644,28.123578,0.474402,0.730302,0.015594
0.437100,1.154613,16.737009,-15.224667,28.039207,0.472979,0.728111,0.015547
0.437250,1.181028,16.720753,-15.198619,27.955090,0.471560,0.725927,0.015500
0.437400,1.207518,16.704531,-15.172501,27.871225,0.470145,0.723749,0.015454
0.437550,1.234087,16.688343,-15.146311,27.787611,0.468735,0.721578,0.015407
0.437700,1.260736,16.672190,-15.120050,27.704248,0.467328,0.719413,0.015361
0.437850,1.287465,16.656071,-15.093719,27.621135,0.465926,0.717255,0.015315
0.438000,1.314275,16.639987,-15.067316,27.538272,0.464529,0.715103,0.015269
0.438150,1.341165,16.623936,-15.040842,27.455657,0.463135,0.712958,0.015223
0.438300,1.368135,16.607921,-15.014297,27.373290,0.461746,0.710819,0.015178
0.438450,1.395182,16.591939,-14.987681,27.291170,0.460360,0.708687,0.015132
0.438600,1.422305,16.575992,-14.960994,27.209297,0.458979,0.706561,0.015087
0.438750,1.449503,16.560079,-14.934235,27.127669,0.457602,0.704441,0.015041
0.438900,1.476772,16.544201,-14.907406,27.046286,0.456230,0.702328,0.014996
0.439050,1.504111,16.528357,-14.880505,26.965147,0.454861,0.700221,0.014951
0.439200,1.531519,16.512547,-14.853533,26.884252,0.453496,0.698120,0.014907
0.439350,1.558994,16.496772,-14.826490,26.803599,0.452136,0.696026,0.014862
0.439500,1.586535,16.481031,-14.799376,26.723188,0.450779,0.693937,0.014817
0.439650,1.614142,16.465324,-14.772190,26.643018,0.449427,0.691856,0.014773
0.439800,1.641813,16.449652,-14.744933,26.563089,0.448079,0.689780,0.014728
0.439950,1.669549,16.434014,-14.717605,26.483400,0.446735,0.687711,0.014684
0.440100,1.697350,16.418411,-14.690205,26.403950,0.445394,0.685648,0.014640
0.440250,1.725217,16.402842,-14.662734,26.324738,0.444058,0.683591,0.014596
0.440400,1.753150,16.387307,-14.635192,26.245764,0.442726,0.681540,0.014552
0.440550,1.781149,16.371807,-14.607578,26.167027,0.441398,0.679495,0.014509
0.440700,1.809215,16.356341,-14.579892,26.088525,0.440074,0.677457,0.014465
0.440850,1.837347,16.340909,-14.552135,26.010260,0.438753,0.675424,0.014422
0.441000,1.865547,16.325512,-14.524306,25.932229,0.437437,0.673398,0.014379
0.441150,1.893812,16.310148,-14.496405,25.854432,0.436125,0.671378,0.014336
0.441300,1.922144,16.294820,-14.468433,25.776869,0.434816,0.669364,0.014293
0.441450,1.950540,16.279525,-14.440389,25.699539,0.433512,0.667356,0.014250
0.441600,1.979000,16.264265,-14.412273,25.622440,0.432211,0.665354,0.014207
0.441750,2.007524,16.249039,-14.384085,25.545573,0.430915,0.663358,0.014164
0.441900,2.036109,16.233847,-14.355825,25.468936,0.429622,0.661367,0.014122
0.442050,2.064755,16.218690,-14.327493,25.392529,0.428333,0.659383,0.014079
0.442200,2.093460,16.203567,-14.299089,25.316351,0.427048,0.657405,0.014037
0.442350,2.122224,16.188478,-14.270613,25.240402,0.425767,0.655433,0.013995
0.442500,2.151046,16.173423,-14.242064,25.164681,0.424490,0.653467,0.013953
0.442650,2.179923,16.158403,-14.213444,25.089187,0.423216,0.651506,0.013911
0.442800,2.208857,16.143416,-14.184751,25.013920,0.421947,0.649552,0.013869
0.442950,2.237846,16.128464,-14.155985,24.938878,0.420681,0.647603,0.013828
0.443100,2.266890,16.113546,-14.127147,24.864061,0.419419,0.645660,0.013786
0.443250,2.295988,16.098663,-14.098237,24.789469,0.418161,0.643723,0.013745
0.443400,2.325140,16.083813,-14.069253,24.715101,0.416906,0.641792,0.013704
0.443550,2.354346,16.068997,-14.040197,24.640955,0.415655,0.639867,0.013663
0.443700,2.383606,16.054216,-14.011069,24.567032,0.414408,0.637947,0.013622
0.443850,2.412918,16.039468,-13.981867,24.493331,0.413165,0.636033,0.013581
0.444000,2.442284,16.024755,-13.952592,24.419851,0.411926,0.634125,0.013540
0.444150,2.471702,16.010076,-13.923244,24.346592,0.410690,0.632223,0.013499
0.444300,2.501171,15.995430,-13.893824,30.940219,0.409458,0.630326,0.013459
0.444450,2.530693,15.980819,-13.864329,37.514065,0.408229,0.628435,0.013419
0.444600,2.560264,15.966242,-13.834762,37.401523,0.407005,0.626550,0.013378
0.444750,2.589886,15.951698,-13.805121,37.289318,0.405784,0.624670,0.013338
0.444900,2.619557,15.937189,-13.775406,37.177450,0.404566,0.622796,0.013298
0.445050,2.649276,15.922713,-13.745618,37.065918,0.403353,0.620928,0.013258
0.445200,2.679042,15.908271,-13.715756,36.954720,0.402143,0.619065,0.013219
0.445350,2.708856,15.893863,-13.685821,36.843856,0.400936,0.617208,0.013179
0.445500,2.738715,15.879489,-13.655811,36.733324,0.399733,0.615356,0.013139
0.445650,2.768619,15.865149,-13.625727,36.623124,0.398534,0.613510,0.013100
0.445800,2.798568,15.850843,-13.595569,36.513255,0.397339,0.611670,0.013061
0.445950,2.828561,15.836570,-13.565337,36.403715,0.396147,0.609835,0.013021
0.446100,2.858597,15.822331,-13.535031,36.294504,0.394958,0.608005,0.012982
0.446250,2.888676,15.808126,-13.504650,36.185620,0.393773,0.606181,0.012943
0.446400,2.918797,15.793954,-13.474194,36.077064,0.392592,0.604363,0.012905
0.446550,2.948961,15.779816,-13.443663,35.968832,0.391414,0.602550,0.012866
0.446700,2.979166,15.765711,-13.413058,35.860926,0.390240,0.600742,0.012827
0.446850,3.009413,15.751640,-13.382378,35.753343,0.389069,0.598940,0.012789
0.447000,3.039701,15.737603,-13.351622,35.646083,0.387902,0.597143,0.012750
0.447150,3.070030,15.723599,-13.320792,35.539145,0.386738,0.595351,0.012712
0.447300,3.100400,15.709628,-13.289886,35.432527,0.385578,0.593565,0.012674
0.447450,3.130809,15.695691,-13.258904,35.326230,0.384421,0.591785,0.012636
0.447600,3.161258,15.681788,-13.227847,35.220251,0.383268,0.590009,0.012598
0.447750,3.191746,15.667917,-13.196714,35.114590,0.382118,0.588239,0.012560
0.447900,3.222273,15.654080,-13.165505,35.009247,0.380972,0.586475,0.012523
0.448050,3.252838,15.640276,-13.134220,34.904219,0.379829,0.584715,0.012485
0.448200,3.283440,15.626506,-13.102859,34.799506,0.378690,0.582961,0.012448
0.448350,3.314079,15.612768,-13.071422,34.695108,0.377553,0.581212,0.012410
0.448500,3.344755,15.599064,-13.039908,34.591022,0.376421,0.579468,0.012373
0.448650,3.375467,15.585393,-13.008317,34.487249,0.375292,0.577730,0.012336
0.448800,3.406214,15.571755,-12.976650,34.383788,0.374166,0.575997,0.012299
0.448950,3.436995,15.558150,-12.944905,34.280636,0.373043,0.574269,0.012262
0.449100,3.467811,15.544578,-12.913084,34.177794,0.371924,0.572546,0.012225
0.449250,3.498661,15.531038,-12.881185,34.075261,0.370808,0.570828,0.012189
0.449400,3.529544,15.517532,-12.849209,33.973035,0.369696,0.569116,0.012152
0.449550,3.560460,15.504059,-12.817155,33.871116,0.368587,0.567409,0.012116
0.449700,3.591408,15.490618,-12.785024,33.769503,0.367481,0.565706,0.012079
0.449850,3.622388,15.477210,-12.752815,33.668194,0.366379,0.564009,0.012043
0.450000,3.653400,15.463835,-12.720527,33.567190,0.365279,0.562317,0.012007
0.450150,3.684444,15.450492,-12.688162,33.466488,0.364184,0.560630,0.011971
0.450300,3.715518,15.437182,-12.655718,33.366089,0.474202,0.558948,0.011935
0.450450,3.746623,15.423904,-12.623195,33.265990,0.541508,0.557272,0.011899
0.450600,3.777762,15.410659,-12.590594,33.166192,0.539884,0.555600,0.011863
0.450750,3.808943,15.397446,-12.557913,33.066694,0.538264,0.553933,0.011828
0.450900,3.840177,15.384266,-12.525154,32.967494,0.536649,0.552271,0.011792
0.451050,3.871480,15.371118,-12.492315,32.868591,0.535039,0.550614,0.011757
0.451200,3.902869,15.358002,-12.459397,32.769985,0.533434,0.548962,0.011722
0.451350,3.934362,15.344918,-12.426399,32.671675,0.531834,0.547316,0.011686
0.451500,3.965976,15.331867,-12.393321,32.573660,0.530238,0.545674,0.011651
0.451650,3.997726,15.318847,-12.360163,32.475939,0.528647,0.544037,0.011616
0.451800,4.029623,15.305859,-12.326925,32.378512,0.527062,0.542405,0.011582
0.451950,4.061676,15.292904,-12.293606,32.281376,0.525480,0.540777,0.011547
0.452100,4.093890,15.279980,-12.260207,32.184532,0.523904,0.539155,0.011512
0.452250,4.126266,15.267088,-12.226727,32.087978,0.522332,0.537538,0.011478
0.452400,4.158799,15.254228,-12.193165,31.991714,0.520765,0.535925,0.011443
0.452550,4.191486,15.241399,-12.159523,31.895739,0.519203,0.534317,0.011409
0.452700,4.224316,15.228602,-12.125799,31.800052,0.517645,0.532714,0.011375
0.452850,4.257281,15.215837,-12.091993,31.704652,0.516092,0.531116,0.011341
0.453000,4.290370,15.203102,-12.058105,31.609538,0.514544,0.529523,0.011307
0.453150,4.323573,15.190400,-12.024136,31.514709,0.513000,0.527934,0.011273
0.453300,4.356880,15.177728,-11.990084,31.420165,0.511461,0.526350,0.011239
0.453450,4.390283,15.165088,-11.955949,31.325905,0.509927,0.524771,0.011205
0.453600,4.423777,15.152479,-11.921732,31.231927,0.508397,0.523197,0.011171
0.453750,4.457357,15.139900,-11.887431,31.138231,0.506872,0.521627,0.011138
0.453900,4.491022,15.127353,-11.853048,31.044816,0.505351,0.520062,0.011105
0.454050,4.524771,15.114837,-11.818580,30.951682,0.503835,0.518502,0.011071
0.454200,4.558605,15.102351,-11.784030,30.858827,0.502324,0.516947,0.011038
0.454350,4.592529,15.089896,-11.749395,30.766251,0.500817,0.515396,0.011005
0.454500,4.626545,15.077472,-11.714676,30.673952,0.499315,0.513850,0.010972
0.454650,4.660658,15.065078,-11.679873,30.581930,0.497817,0.512308,0.010939
0.454800,4.694871,15.052715,-11.644985,30.490184,0.496323,0.510771,0.010906
0.454950,4.729188,15.040382,-11.610012,30.398714,0.494834,0.509239,0.010873
0.455100,4.763612,15.028079,-11.574954,30.307517,0.493350,0.507711,0.010841
0.455250,4.798143,15.015806,-11.539811,30.216595,0.491870,0.506188,0.010808
0.455400,4.832782,15.003563,-11.504582,30.125945,0.490394,0.504670,0.010776
0.455550,4.867529,14.991351,-11.469267,30.035567,0.488923,0.503156,0.010744
0.455700,4.902379,14.979168,-11.433866,29.945461,0.487456,0.501646,0.010711
0.455850,4.937331,14.967014,-11.398379,29.855624,0.485994,0.500141,0.010679
0.456000,4.972380,14.954891,-11.362805,29.766057,0.484536,0.498641,0.010647
0.456150,5.007521,14.942797,-11.327144,29.676759,0.483082,0.497145,0.010615
0.456300,5.042749,14.930732,-11.291396,29.587729,0.481633,0.495653,0.010583
0.456450,5.078060,14.918696,-11.255560,29.498966,0.480188,0.494166,0.010552
0.456600,5.113449,14.906690,-11.219637,29.410469,0.478747,0.492684,0.010520
0.456750,5.148911,14.894712,-11.183626,29.322237,0.477311,0.491206,0.010488
0.456900,5.184444,14.882764,-11.147526,29.234271,0.475879,0.489732,0.010457
0.457050,5.220044,14.870844,-11.111338,29.146568,0.474452,0.488263,0.010426
0.457200,5.255710,14.858953,-11.075061,29.059128,0.473028,0.486798,0.010394
0.457350,5.291441,14.847090,-11.038695,28.971951,0.471609,0.485338,0.010363
0.457500,5.327237,14.835256,-11.002240,28.885035,0.470194,0.483882,0.010332
0.457650,5.363099,14.823450,-10.965695,28.798380,0.468784,0.482430,0.010301
0.457800,5.399028,14.811672,-10.929060,28.711985,0.467377,0.480983,0.010270
0.457950,5.435024,14.799922,-10.892335,28.625849,0.465975,0.479540,0.010239
0.458100,5.471089,14.788200,-10.855519,28.539971,0.464577,0.478101,0.010209
0.458250,5.507223,14.776506,-10.818613,28.454351,0.463184,0.476667,0.010178
0.458400,5.543428,14.764839,-10.781615,28.368988,0.461794,0.475237,0.010147
0.458550,5.579702,14.753200,-10.744526,28.283881,0.460409,0.473811,0.010117
0.458700,5.616047,14.741587,-10.707346,28.199030,0.459027,0.472390,0.010087
0.458850,5.652460,14.730002,-10.670073,28.114432,0.457650,0.470973,0.010056
0.459000,5.688940,14.718444,-10.632708,28.030089,0.456277,0.469560,0.010026
0.459150,5.725486,14.706912,-10.595250,27.945999,0.454909,0.468151,0.009996
0.459300,5.762095,14.695407,-10.557699,27.862161,0.453544,0.466747,0.009966
0.459450,5.798764,14.683928,-10.520055,27.778574,0.452183,0.465346,0.009936
0.459600,5.835492,14.672476,-10.482318,27.695239,0.450827,0.463950,0.009906
0.459750,5.872277,14.661049,-10.444486,27.612153,0.449474,0.462559,0.009877
0.459900,5.909115,14.649649,-10.406560,27.529317,0.448126,0.461171,0.009847
0.460050,5.946007,14.638274,-10.368540,27.446729,0.446781,0.459787,0.009818
0.460200,5.982949,14.626924,-10.330425,27.364388,0.445441,0.458408,0.009788
0.460350,6.019941,14.615600,-10.292215,27.282295,0.444105,0.457033,0.009759
0.460500,6.056982,14.604301,-10.253909,27.200448,0.442772,0.455662,0.009729
0.460650,6.094071,14.593027,-10.215507,27.118847,0.441444,0.454295,0.009700
0.460800,6.131209,14.581777,-10.177009,27.037490,0.440120,0.452932,0.009671
0.460950,6.168395,14.570552,-10.138415,26.956378,0.438799,0.451573,0.009642
0.461100,6.205629,14.559351,-10.099723,26.875509,0.437483,0.450218,0.009613
0.461250,6.242911,14.548174,-10.060935,26.794882,0.436171,0.448868,0.009584
0.461400,6.280242,14.537020,-10.020364,26.714498,0.434862,0.447521,0.009556
0.461550,6.317622,14.525890,-9.976870,26.634354,0.433557,0.446178,0.009527
0.461700,6.355050,14.514781,-9.933461,26.554451,0.432257,0.444840,0.009498
0.461850,6.392526,14.503694,-9.894161,26.474788,0.430960,0.443505,0.009470
0.462000,6.430051,14.492631,-9.854852,26.395363,0.429667,0.442175,0.009441
0.462150,6.467623,14.481589,-9.815443,26.316177,0.428378,0.440848,0.009413
0.462300,6.505242,14.470570,-9.775934,26.237229,0.427093,0.439526,0.009385
0.462450,6.542908,14.459573,-9.736326,26.158517,0.425812,0.438207,0.009357
0.462600,6.580618,14.448598,-9.696616,32.746708,0.424534,0.436893,0.009329
0.462750,6.618373,14.437643,-9.656806,32.648468,0.423261,0.435582,0.009301
0.462900,6.656171,14.426710,-9.616895,32.550523,0.421991,0.434275,0.009273
0.463050,6.694011,14.415798,-9.576882,32.452871,0.420725,0.432972,0.009245
0.463200,6.731892,14.404907,-9.536768,32.355513,0.419463,0.431673,0.009217
0.463350,6.769814,14.394035,-9.496551,32.258446,0.418204,0.430378,0.009190
0.463500,6.807775,14.383184,-9.456231,32.161671,0.416950,0.429087,0.009162
0.463650,6.845774,14.372352,-9.415808,32.065186,0.415699,0.427800,0.009135
0.463800,6.883812,14.361539,-9.375281,31.968990,0.414452,0.426517,0.009107
0.463950,6.921888,14.350745,-9.334651,31.873083,0.413208,0.425237,0.009080
0.464100,6.960000,14.339970,-9.293917,31.777464,0.411969,0.423961,0.009053
0.464250,6.998150,14.329213,-9.253078,31.682131,0.410733,0.422689,0.009025
0.464400,7.036336,14.318474,-9.212134,31.587085,0.409501,0.421421,0.008998
0.464550,7.074558,14.307752,-9.171084,31.492324,0.408272,0.420157,0.008971
0.464700,7.112817,14.297047,-9.129929,31.397847,0.407047,0.418897,0.008944
0.464850,7.151111,14.286360,-9.088668,31.303653,0.405826,0.417640,0.008918
0.465000,7.189441,14.275688,-9.047300,31.209742,0.404609,0.416387,0.008891
0.465150,7.227805,14.265032,-9.005825,31.116113,0.403395,0.415138,0.008864
0.465300,7.266205,14.254392,-8.964243,31.022765,0.402185,0.413892,0.008838
0.465450,7.304639,14.243767,-8.922553,30.929696,0.400978,0.412651,0.008811
0.465600,7.343106,14.233157,-8.880754,30.836907,0.399775,0.411413,0.008785
0.465750,7.381607,14.222561,-8.838848,30.744397,0.398576,0.410179,0.008758
0.465900,7.420141,14.211978,-8.796832,30.652163,0.397380,0.408948,0.008732
0.466050,7.458707,14.201409,-8.754707,30.560207,0.396188,0.407721,0.008706
0.466200,7.497304,14.190853,-8.712472,30.468526,0.394999,0.406498,0.008680
0.466350,7.535933,14.180309,-8.670127,30.377121,0.393814,0.405279,0.008654
0.466500,7.574591,14.169776,-8.627671,30.285989,0.392633,0.404063,0.008628
0.466650,7.613279,14.159255,-8.585104,30.195131,0.391455,0.402851,0.008602
0.466800,7.651997,14.148745,-8.542426,30.104546,0.390281,0.401642,0.008576
0.466950,7.690742,14.138245,-8.499636,30.014232,0.389110,0.400437,0.008550
0.467100,7.729516,14.127755,-8.456733,29.924190,0.387943,0.399236,0.008525
0.467250,7.768318,14.117274,-8.413718,29.834417,0.386779,0.398038,0.008499
0.467400,7.807146,14.106801,-8.370590,29.744914,0.385618,0.396844,0.008474
0.467550,7.846001,14.096336,-8.327348,29.655679,0.384462,0.395653,0.008448
0.467700,7.884883,14.085879,-8.283993,29.566712,0.383308,0.394466,0.008423
0.467850,7.923790,14.075428,-8.240522,29.478012,0.382158,0.393283,0.008398
0.468000,7.962723,14.064984,-8.196937,29.389578,0.381012,0.392103,0.008372
0.468150,8.001681,14.054545,-8.153237,29.301409,0.379869,0.390927,0.008347
0.468300,8.040664,14.044110,-8.109421,29.213505,0.378729,0.389754,0.008322
0.468450,8.079672,14.033680,-8.065489,29.125864,0.377593,0.388585,0.008297
0.468600,8.118704,14.023253,-8.021441,29.038487,0.487571,0.387419,0.008272
0.468750,8.157761,14.012829,-7.977275,28.951371,0.486109,0.386257,0.008247
0.468900,8.196847,14.002406,-7.932993,28.864517,0.484650,0.385098,0.008223
0.469050,8.235967,13.991985,-7.888592,28.777924,0.483196,0.383943,0.008198
0.469200,8.275131,13.981564,-7.844073,28.691590,0.481747,0.382791,0.008173
0.469350,8.314347,13.971142,-7.799435,28.605515,0.480301,0.381643,0.008149
0.469500,8.353627,13.960720,-7.754678,28.519699,0.478861,0.380498,0.008125
0.469650,8.392979,13.950295,-7.709802,28.434140,0.477424,0.379356,0.008100
0.469800,8.432415,13.939867,-7.664806,28.348837,0.475992,0.378218,0.008076
0.469950,8.471942,13.929435,-7.619689,28.263791,0.474564,0.377083,0.008052
0.470100,8.511568,13.918999,-7.574451,28.178999,0.473140,0.375952,0.008027
0.470250,8.551296,13.908557,-7.529092,28.094462,0.471721,0.374824,0.008003
0.470400,8.591130,13.898108,-7.483611,28.010179,0.470305,0.373700,0.007979
0.470550,8.631071,13.887651,-7.438008,27.926148,0.468895,0.372579,0.007955
0.470700,8.671117,13.877186,-7.392282,27.842370,0.467488,0.371461,0.007932
0.470850,8.711267,13.866712,-7.346433,27.758843,0.466085,0.370347,0.007908
0.471000,8.751515,13.856226,-7.300461,27.675566,0.464687,0.369236,0.007884
0.471150,8.791857,13.845729,-7.254364,27.592540,0.463293,0.368128,0.007860
0.471300,8.832287,13.835219,-7.208144,27.509762,0.461903,0.367024,0.007837
0.471450,8.872802,13.824695,-7.161798,27.427233,0.460518,0.365922,0.007813
0.471600,8.913394,13.814156,-7.115327,27.344951,0.459136,0.364825,0.007790
0.471750,8.954061,13.803600,-7.068731,27.262916,0.457759,0.363730,0.007767
0.471900,8.994798,13.793027,-7.022008,27.181127,0.456385,0.362639,0.007743
0.472050,9.035604,13.782435,-6.975158,27.099584,0.455016,0.361551,0.007720
0.472200,9.076475,13.771822,-6.928182,27.018285,0.453651,0.360466,0.007697
0.472350,9.117413,13.761189,-6.881078,26.937230,0.452290,0.359385,0.007674
0.472500,9.158418,13.750532,-6.833846,26.856419,0.450933,0.358307,0.007651
0.472650,9.199490,13.739851,-6.786486,26.775849,0.449580,0.357232,0.007628
0.472800,9.240632,13.729144,-6.738997,26.695522,0.448232,0.356160,0.007605
0.472950,9.281846,13.718410,-6.691379,26.615435,0.446887,0.355092,0.007582
0.473100,9.323134,13.707648,-6.643631,26.535589,0.445546,0.354027,0.007559
0.473250,9.364499,13.696855,-6.595753,26.455982,0.444210,0.352964,0.007537
0.473400,9.405943,13.686031,-6.547745,26.376614,0.442877,0.351906,0.007514
0.473550,9.447467,13.675173,-6.499605,26.297484,0.441548,0.350850,0.007491
0.473700,9.489073,13.664280,-6.451335,26.218592,0.440224,0.349797,0.007469
0.473850,9.530760,13.653351,-6.402932,26.139936,0.438903,0.348748,0.007447
0.474000,9.572530,13.642383,-6.354397,26.061516,0.437586,0.347702,0.007424
0.474150,9.614381,13.631374,-6.305730,25.983332,0.436274,0.346659,0.007402
0.474300,9.656311,13.620324,-6.256930,25.905382,0.434965,0.345619,0.007380
0.474450,9.698321,13.609229,-6.207996,25.827666,0.433660,0.344582,0.007358
0.474600,9.740406,13.598088,-6.158928,25.750183,0.432359,0.343548,0.007336
0.474750,9.782565,13.586900,-6.109726,25.672932,0.431062,0.342517,0.007314
0.474900,9.824796,13.575661,-6.060389,25.595913,0.429769,0.341490,0.007292
0.475050,9.867097,13.564370,-6.010918,25.519126,0.428479,0.340465,0.007270
0.475200,9.909464,13.553025,-5.961310,25.442568,0.427194,0.339444,0.007248
0.475350,9.951897,13.541623,-5.911567,25.366241,0.425912,0.338426,0.007226
0.475500,9.994393,13.530163,-5.861687,25.290142,0.424635,0.337410,0.007205
0.475650,10.036952,13.518642,-5.811671,25.214271,0.423361,0.336398,0.007183
0.475800,10.079571,13.507057,-5.761518,25.138629,0.422091,0.335389,0.007161
0.475950,10.122252,13.495407,-5.711227,25.063213,0.420824,0.334383,0.007140
0.476100,10.164992,13.483688,-5.660798,24.988023,0.419562,0.333380,0.007118
0.476250,10.207793,13.471898,-5.610231,24.913059,0.418303,0.332379,0.007097
0.476400,10.250653,13.460035,-5.559526,24.838320,0.417048,0.331382,0.007076
0.476550,10.293574,13.448096,-5.508681,24.763805,0.415797,0.330388,0.007055
0.476700,10.336555,13.436078,-5.457697,24.689513,0.414550,0.329397,0.007033
0.476850,10.379597,13.423978,-5.406574,24.615445,0.413306,0.328409,0.007012
0.477000,10.422700,13.411793,-5.355310,24.541599,0.412066,0.327424,0.006991
0.477150,10.465862,13.399521,-5.303906,24.467974,0.410830,0.326441,0.006970
0.477300,10.509086,13.387159,-5.252361,24.394570,0.409598,0.325462,0.006949
0.477450,10.552369,13.374702,-5.200675,24.321386,0.408369,0.324486,0.006929
0.477600,10.595711,13.362149,-5.148847,24.248422,0.407144,0.323512,0.006908
0.477750,10.639113,13.349496,-5.096878,24.175677,0.405922,0.322542,0.006887
0.477900,10.682572,13.336739,-5.044766,24.103150,0.404704,0.321574,0.006866
0.478050,10.726087,13.323876,-4.992512,24.030840,0.403490,0.320609,0.006846
0.478200,10.769658,13.310902,-4.940116,23.958748,0.402280,0.319647,0.006825
0.478350,10.813283,13.297815,-4.887576,23.886871,0.401073,0.318688,0.006805
0.478500,10.856961,13.284610,-4.834893,23.815211,0.399870,0.317732,0.006784
0.478650,10.900691,13.271283,-4.782066,23.743765,0.398670,0.316779,0.006764
0.478800,10.944472,13.257832,-4.729095,23.672534,0.397474,0.315829,0.006744
0.478950,10.988302,13.244252,-4.675980,23.601516,0.396282,0.314881,0.006723
0.479100,11.032180,13.230538,-4.622721,23.530712,0.395093,0.313937,0.006703
0.479250,11.076107,13.216688,-4.569316,23.460120,0.393908,0.312995,0.006683
0.479400,11.120080,13.202697,-4.515767,23.389739,0.392726,0.312056,0.006663
0.479550,11.164099,13.188560,-4.462072,23.319570,0.391548,0.311120,0.006643
0.479700,11.208165,13.174273,-4.408232,23.249611,0.390373,0.310186,0.006623
0.479850,11.252276,13.159833,-4.354246,23.179863,0.389202,0.309256,0.006603
0.480000,11.296432,13.145233,-4.300114,23.110323,0.388034,0.308328,0.006584
0.480150,11.340633,13.130470,-4.245836,23.040992,0.386870,0.307403,0.006564
0.480300,11.384880,13.115540,-4.191411,22.971869,0.385710,0.306481,0.006544
0.480450,11.429171,13.100436,-4.136840,36.236287,0.384553,0.305561,0.006524
0.480600,11.473506,13.085154,-4.082122,36.127578,0.383399,0.304645,0.006505
0.480750,11.517886,13.069690,-4.027257,36.019195,0.382249,0.303731,0.006485
0.480900,11.562310,13.054038,-3.972245,35.911138,0.381102,0.302820,0.006466
0.481050,11.606778,13.038193,-3.917085,35.803404,0.379959,0.301911,0.006447
0.481200,11.651289,13.022149,-3.861778,35.695994,0.378819,0.301005,0.006427
0.481350,11.695843,13.005902,-3.806323,35.588906,0.377682,0.300102,0.006408
0.481500,11.740439,12.989446,-3.750721,35.482139,0.376549,0.299202,0.006389
0.481650,11.785077,12.972774,-3.694971,35.375693,0.375420,0.298304,0.006370
0.481800,11.829756,12.955883,-3.639072,35.269566,0.374293,0.297410,0.006350
0.481950,11.874475,12.938765,-3.583026,35.163757,0.373170,0.296517,0.006331
0.482100,11.919234,12.921415,-3.526831,35.058266,0.372051,0.295628,0.006312
0.482250,11.964032,12.903827,-3.470489,34.953091,0.370935,0.294741,0.006293
0.482400,12.008869,12.885995,-3.413998,34.848232,0.369822,0.293857,0.006275
0.482550,12.053743,12.867913,-3.357358,34.743687,0.368712,0.292975,0.006256
0.482700,12.098655,12.849575,-3.300570,34.639456,0.367606,0.292096,0.006237
0.482850,12.143603,12.830974,-3.243634,34.535538,0.366504,0.291220,0.006218
0.483000,12.188587,12.812104,-3.186550,34.431931,0.365404,0.290346,0.006200
0.483150,12.233606,12.792959,-3.129317,34.328635,0.364308,0.289475,0.006181
0.483300,12.278661,12.773532,-3.071935,34.225649,0.363215,0.288607,0.006162
0.483450,12.323750,12.753816,-3.014406,34.122972,0.362125,0.287741,0.006144
0.483600,12.368874,12.733805,-2.956728,34.020603,0.361039,0.286878,0.006126
0.483750,12.414031,12.713492,-2.898902,33.918542,0.359956,0.286017,0.006107
0.483900,12.459222,12.692871,-2.840927,33.816786,0.358876,0.285159,0.006089
0.484050,12.504446,12.671934,-2.782805,33.715336,0.357799,0.284304,0.006071
0.484200,12.549703,12.650674,-2.724534,33.614190,0.356726,0.283451,0.006052
0.484350,12.594992,12.629085,-2.666116,33.513347,0.355656,0.282600,0.006034
0.484500,12.640314,12.607160,-2.607550,33.412807,0.354589,0.281753,0.006016
0.484650,12.685667,12.584891,-2.548837,33.312569,0.353525,0.280907,0.005998
0.484800,12.731051,12.562272,-2.489976,33.212631,0.352464,0.280065,0.005980
0.484950,12.776466,12.539296,-2.430968,33.112993,0.351407,0.279224,0.005962
0.485100,12.821912,12.515954,-2.371813,33.013654,0.350353,0.278387,0.005944
0.485250,12.867387,12.492241,-2.312511,32.914613,0.349302,0.277552,0.005926
0.485400,12.912892,12.468149,-2.253063,32.815869,0.348254,0.276719,0.005909
0.485550,12.958427,12.443672,-2.193469,32.717422,0.347209,0.275889,0.005891
0.485700,13.003989,12.418801,-2.133728,32.619269,0.346167,0.275061,0.005873
0.485850,13.049580,12.393530,-2.073842,32.521412,0.345129,0.274236,0.005856
0.486000,13.095198,12.367852,-2.013811,32.423847,0.344094,0.273413,0.005838
0.486150,13.140844,12.341760,-1.953634,32.326576,0.343061,0.272593,0.005821
0.486300,13.186516,12.315247,-1.893313,32.229596,0.342032,0.271775,0.005803
0.486450,13.232214,12.288306,-1.832847,32.132907,0.520846,0.270960,0.005786
0.486600,13.277941,12.260930,-1.772238,32.036508,0.519283,0.270147,0.005768
0.486750,13.323702,12.233113,-1.711485,31.940399,0.517725,0.269336,0.005751
0.486900,13.369511,12.204847,-1.650588,31.844578,0.516172,0.268528,0.005734
0.487050,13.415382,12.176127,-1.589550,31.749044,0.514624,0.267723,0.005717
0.487200,13.461334,12.146946,-1.528368,31.653797,0.513080,0.266920,0.005699
0.487350,13.507388,12.117297,-1.467046,31.558836,0.511540,0.266119,0.005682
0.487500,13.553562,12.087174,-1.405582,31.464159,0.510006,0.265321,0.005665
0.487650,13.599876,12.056571,-1.343977,31.369767,0.508476,0.264525,0.005648
0.487800,13.646348,12.025483,-1.282232,31.275657,0.506950,0.263731,0.005631
0.487950,13.692992,11.993904,-1.220348,31.181830,0.505429,0.262940,0.005614
0.488100,13.739818,11.961827,-1.158325,31.088285,0.503913,0.262151,0.005598
0.488250,13.786835,11.929249,-1.096163,30.995020,0.502401,0.261365,0.005581
0.488400,13.834046,11.896162,-1.033864,30.902035,0.500894,0.260581,0.005564
0.488550,13.881449,11.862563,-0.971427,30.809329,0.499392,0.259799,0.005547
0.488700,13.929043,11.828447,-0.908855,30.716901,0.497893,0.259019,0.005531
0.488850,13.976819,11.793809,-0.846146,30.624750,0.496400,0.258242,0.005514
0.489000,14.024771,11.758645,-0.783106,30.532876,0.494911,0.257468,0.005498
0.489150,14.072886,11.722948,-0.719791,30.441277,0.493426,0.256695,0.005481
0.489300,14.121154,11.686714,-0.656425,37.016620,0.491946,0.255925,0.005465
0.489450,14.169563,11.649941,-0.593178,36.905570,0.490470,0.255157,0.005448
0.489600,14.218102,11.612627,-0.529799,36.794853,0.488998,0.254392,0.005432
0.489750,14.266762,11.574770,-0.466289,36.684469,0.487531,0.253629,0.005416
0.489900,14.315532,11.536367,-0.402649,36.574415,0.486069,0.252868,0.005399
0.490050,14.364407,11.497416,-0.338879,36.464692,0.484610,0.252109,0.005383
0.490200,14.413382,11.457914,-0.274981,36.355298,0.483157,0.251353,0.005367
0.490350,14.462452,11.417860,-0.210956,36.246232,0.481707,0.250599,0.005351
0.490500,14.511617,11.377253,-0.146804,36.137494,0.480262,0.249847,0.005335
0.490650,14.560876,11.336092,-0.082527,36.029081,0.478821,0.249097,0.005319
0.490800,14.610231,11.294375,-0.018125,35.920994,0.477385,0.248350,0.005303
0.490950,14.659685,11.252103,0.046401,35.813231,0.475953,0.247605,0.005287
0.491100,14.709240,11.209275,0.111049,35.705791,0.474525,0.246862,0.005271
0.491250,14.758901,11.165892,0.175819,35.598674,0.473101,0.246122,0.005255
0.491400,14.808670,11.121955,0.240709,35.491878,0.471682,0.245383,0.005240
0.491550,14.858552,11.077464,0.305719,35.385402,0.470267,0.244647,0.005224
0.491700,14.908547,11.032422,0.370846,35.279246,0.468856,0.243913,0.005208
0.491850,14.958659,10.986829,0.436091,35.173408,0.467449,0.243182,0.005193
0.492000,15.008887,10.940688,0.501452,35.067888,0.466047,0.242452,0.005177
0.492150,15.059232,10.894001,0.566927,34.962684,0.464649,0.241725,0.005161
0.492300,15.109692,10.846771,0.632516,34.857796,0.463255,0.240999,0.005146
0.492450,15.160265,10.799001,0.698217,34.753223,0.461865,0.240276,0.005130
0.492600,15.210948,10.750695,0.764029,34.648963,0.460480,0.239556,0.005115
0.492750,15.261737,10.701856,0.829951,34.545016,0.459098,0.238837,0.005100
0.492900,15.312628,10.652488,0.895982,34.441381,0.457721,0.238120,0.005084
0.493050,15.363616,10.602596,0.962119,34.338057,0.456348,0.237406,0.005069
0.493200,15.414696,10.552184,1.028363,34.235043,0.454979,0.236694,0.005054
0.493350,15.465864,10.501258,1.094711,34.132338,0.453614,0.235984,0.005039
0.493500,15.517116,10.449823,1.161163,34.029941,0.452253,0.235276,0.005024
0.493650,15.568446,10.397883,1.227716,33.927851,0.450896,0.234570,0.005009
0.493800,15.619852,10.345446,1.294369,33.826067,0.449544,0.233866,0.004994
0.493950,15.671331,10.292516,1.361122,33.724589,0.448195,0.233165,0.004979
0.494100,15.722879,10.239101,1.427972,33.623415,0.446850,0.232465,0.004964
0.494250,15.774495,10.185207,1.494919,33.522545,0.445510,0.231768,0.004949
0.494400,15.826178,10.130840,1.561960,33.421978,0.444173,0.231072,0.004934
0.494550,15.877925,10.076008,1.629094,33.321712,0.442841,0.230379,0.004919
0.494700,15.929738,10.020718,1.696320,33.221747,0.441512,0.229688,0.004904
0.494850,15.981614,9.964976,1.763636,33.122081,0.440188,0.228999,0.004890
0.495000,16.033554,9.908792,1.831041,33.022715,0.438867,0.228312,0.004875
0.495150,16.085558,9.852171,1.898534,32.923647,0.437550,0.227627,0.004860
0.495300,16.137626,9.795123,1.966112,32.824876,0.547349,0.226944,0.004846
0.495450,16.189759,9.737655,2.033774,32.726401,0.545707,0.226263,0.004831
0.495600,16.241960,9.679774,2.101519,32.628222,0.544070,0.225585,0.004817
0.495750,16.294237,9.621490,2.169345,32.530337,0.542438,0.224908,0.004802
0.495900,16.346597,9.562811,2.237250,32.432746,0.540810,0.224233,0.004788
0.496050,16.399051,9.503744,2.305234,32.335448,0.539188,0.223560,0.004774
0.496200,16.451610,9.444298,2.373293,32.238442,0.537570,0.222890,0.004759
0.496350,16.504284,9.384482,2.441428,32.141727,0.535958,0.222221,0.004745
0.496500,16.557085,9.324304,2.509636,32.045301,0.534350,0.221554,0.004731
0.496650,16.610022,9.263772,2.577915,31.949165,0.532747,0.220890,0.004717
0.496800,16.663102,9.202895,2.646265,31.853318,0.531148,0.220227,0.004702
0.496950,16.716334,9.141682,2.714683,31.757758,0.529555,0.219566,0.004688
0.497100,16.769721,9.080141,2.783168,31.662485,0.527966,0.218908,0.004674
0.497250,16.823266,9.018281,2.851718,31.567497,0.526382,0.218251,0.004660
0.497400,16.876970,8.956109,2.920332,31.472795,0.524803,0.217596,0.004646
0.497550,16.930831,8.893635,2.989008,31.378376,0.523229,0.216943,0.004632
0.497700,16.984847,8.830867,3.057745,31.284241,0.521659,0.216293,0.004618
0.497850,17.039014,8.767812,3.126542,31.190389,0.520094,0.215644,0.004605
0.498000,17.093326,8.704480,3.195395,31.096817,0.518534,0.214997,0.004591
0.498150,17.147779,8.640878,3.264305,31.003527,0.516978,0.214352,0.004577
0.498300,17.202365,8.577015,3.333269,30.910516,0.515427,0.213709,0.004563
0.498450,17.257079,8.512898,3.402287,30.817785,0.513881,0.213068,0.004549
0.498600,17.311915,8.448536,3.471356,30.725331,0.512339,0.212428,0.004536
0.498750,17.366868,8.383935,3.540475,30.633155,0.510802,0.211791,0.004522
0.498900,17.421934,8.319104,3.609643,30.541256,0.509270,0.211156,0.004509
0.499050,17.477109,8.254051,3.678858,30.449632,0.507742,0.210522,0.004495
0.499200,17.532391,8.188782,3.748119,30.358283,0.506219,0.209891,0.004482
0.499350,17.587778,8.123305,3.817424,30.267208,0.504700,0.209261,0.004468
0.499500,17.643270,8.057628,3.886773,30.176407,0.503186,0.208633,0.004455
0.499650,17.698867,7.991756,3.956163,30.085878,0.501677,0.208007,0.004441
0.499800,17.754569,7.925698,4.025594,29.995620,0.500172,0.207383,0.004428
0.499950,17.810379,7.859459,4.095065,29.905633,0.498671,0.206761,0.004415
0.500100,17.866297,7.793047,4.164573,29.815916,0.497175,0.206141,0.004402
0.500250,17.922325,7.726468,4.234119,29.726468,0.495684,0.205523,0.004388
0.500400,17.978466,7.659728,4.303700,29.637289,0.494197,0.204906,0.004375
0.500550,18.034721,7.592833,4.373317,29.548377,0.492714,0.204291,0.004362
0.500700,18.091091,7.525790,4.442967,29.459732,0.491236,0.203678,0.004349
0.500850,18.147578,7.458604,4.512649,29.371353,0.489762,0.203067,0.004336
0.501000,18.204181,7.391281,4.582364,29.283239,0.488293,0.202458,0.004323
0.501150,18.260901,7.323827,4.652109,29.195389,0.486828,0.201851,0.004310
0.501300,18.317737,7.256247,4.721885,29.107803,0.485367,0.201245,0.004297
0.501450,18.374688,7.188545,4.791689,29.020480,0.483911,0.200641,0.004284
0.501600,18.431753,7.120729,4.861523,28.933418,0.482460,0.200040,0.004271
0.501750,18.488929,7.052801,4.931384,28.846618,0.481012,0.199439,0.004259
0.501900,18.546215,6.984768,5.001273,28.760078,0.479569,0.198841,0.004246
0.502050,18.603609,6.916634,5.071188,28.673798,0.478130,0.198245,0.004233
0.502200,18.661107,6.848403,5.141130,28.587776,0.476696,0.197650,0.004220
0.502350,18.718708,6.780079,5.211098,28.502013,0.475266,0.197057,0.004208
0.502500,18.776408,6.711668,5.281091,28.416507,0.473840,0.196466,0.004195
0.502650,18.834206,6.643173,5.351110,28.331257,0.472419,0.195876,0.004182
0.502800,18.892100,6.574598,5.421154,28.246264,0.471001,0.195289,0.004170
0.502950,18.950087,6.505946,5.491224,28.161525,0.469588,0.194703,0.004157
0.503100,19.008165,6.437223,5.561319,28.077040,0.468180,0.194119,0.004145
0.503250,19.066334,6.368430,5.631439,27.992809,0.466775,0.193536,0.004132
0.503400,19.124592,6.299572,5.701585,27.908831,0.465375,0.192956,0.004120
0.503550,19.182938,6.230652,5.771757,27.825104,0.463979,0.192377,0.004108
0.503700,19.241371,6.161673,5.841955,27.741629,0.462587,0.191800,0.004095
0.503850,19.299892,6.092638,5.912180,27.658404,0.461199,0.191224,0.004083
0.504000,19.358498,6.023550,5.982432,27.575429,0.459815,0.190651,0.004071
0.504150,19.417191,5.954411,6.052713,27.492703,0.458436,0.190079,0.004059
0.504300,19.475970,5.885226,6.123023,27.410224,0.457061,0.189509,0.004046
0.504450,19.534834,5.815996,6.193363,27.327994,0.455689,0.188940,0.004034
0.504600,19.593784,5.746723,6.263734,27.246010,0.454322,0.188373,0.004022
0.504750,19.652818,5.677410,6.334137,27.164272,0.452959,0.187808,0.004010
0.504900,19.711936,5.608060,6.404574,27.082779,0.451601,0.187245,0.003998
0.505050,19.771138,5.538674,6.475045,27.001531,0.450246,0.186683,0.003986
0.505200,19.830423,5.469255,6.545554,26.920526,0.448895,0.186123,0.003974
0.505350,19.889790,5.399804,6.616100,26.839764,0.447548,0.185564,0.003962
0.505500,19.949237,5.330324,6.686686,26.759245,0.446206,0.185008,0.003950
0.505650,20.008764,5.260816,6.757315,26.678967,0.444867,0.184453,0.003939
0.505800,20.068370,5.191282,6.827987,26.598931,0.443532,0.183899,0.003927
0.505950,20.128053,5.121724,6.898706,26.519134,0.442202,0.183348,0.003915
0.506100,20.187812,5.052143,6.969474,26.439576,0.440875,0.182798,0.003903
0.506250,20.247646,4.982540,7.040292,26.360258,0.439553,0.182249,0.003891
0.506400,20.307553,4.912918,7.111165,26.281177,0.438234,0.181703,0.003880
0.506550,20.367532,4.843277,7.182094,26.202333,0.436919,0.181157,0.003868
0.506700,20.427581,4.773619,7.253082,26.123726,0.435608,0.180614,0.003857
0.506850,20.487699,4.703945,7.324134,26.045355,0.434302,0.180072,0.003845
0.507000,20.547885,4.634255,7.395251,25.967219,0.432999,0.179532,0.003833
0.507150,20.608139,4.564552,7.466438,25.889317,0.431700,0.178993,0.003822
0.507300,20.668458,4.494836,7.537697,25.811649,0.430405,0.178456,0.003810
0.507450,20.728842,4.425107,7.609033,25.734214,0.429113,0.177921,0.003799
0.507600,20.789291,4.355368,7.680449,25.657012,0.427826,0.177387,0.003788
0.507750,20.849803,4.285618,7.751950,25.580041,0.426543,0.176855,0.003776
0.507900,20.910378,4.215859,7.823540,25.503301,0.425263,0.176324,0.003765
0.508050,20.971015,4.146091,7.895222,25.426791,0.423987,0.175795,0.003754
0.508200,21.031714,4.076314,7.967002,25.350510,0.422715,0.175268,0.003742
0.508350,21.092475,4.006531,8.038883,25.274459,0.421447,0.174742,0.003731
0.508500,21.153296,3.936740,8.110872,25.198636,0.420183,0.174218,0.003720
0.508650,21.214178,3.866943,8.182972,25.123040,0.418922,0.173695,0.003709
0.508800,21.275119,3.797140,8.255188,25.047670,0.417665,0.173174,0.003698
0.508950,21.336120,3.727332,8.327527,24.972527,0.416412,0.172655,0.003687
0.509100,21.397177,3.657519,8.399992,24.897610,0.415163,0.172137,0.003676
0.509250,21.458288,3.587701,8.472590,24.822917,0.413918,0.171620,0.003665
0.509400,21.519448,3.517879,8.545327,24.748448,0.412676,0.171106,0.003654
0.509550,21.580653,3.448053,8.618207,24.674203,0.411438,0.170592,0.003643
0.509700,21.641900,3.378224,8.691237,24.600180,0.410204,0.170080,0.003632
0.509850,21.703185,3.308391,8.764422,24.526380,0.408973,0.169570,0.003621
0.510000,21.764504,3.238556,8.837769,24.452801,0.407746,0.169061,0.003610
0.510150,21.825855,3.168717,8.911284,24.379442,0.406523,0.168554,0.003599
0.510300,21.887234,3.098876,8.984974,24.306304,0.405303,0.168049,0.003588
0.510450,21.948641,3.029033,9.058843,24.233385,0.404087,0.167545,0.003577
0.510600,22.010075,2.959187,9.132899,24.160685,0.402875,0.167042,0.003567
0.510750,22.071536,2.889339,9.207149,24.088203,0.401666,0.166541,0.003556
0.510900,22.133025,2.819489,9.281598,24.015938,0.400461,0.166041,0.003545
0.511050,22.194542,2.749637,9.356254,23.943890,0.399260,0.165543,0.003535
0.511200,22.256088,2.679783,9.431123,23.872059,0.398062,0.165046,0.003524
0.511350,22.317667,2.609927,9.506211,23.800443,0.396868,0.164551,0.003514
0.511500,22.379279,2.540070,9.581526,23.729041,0.395678,0.164058,0.003503
0.511650,22.440927,2.470211,9.657073,23.657854,0.394491,0.163565,0.003493
0.511800,22.502613,2.400351,9.732861,23.586881,0.393307,0.163075,0.003482
0.511950,22.564338,2.330488,9.808894,23.516120,0.392127,0.162585,0.003472
0.512100,22.626104,2.260624,9.885181,23.445572,0.390951,0.162098,0.003461
0.512250,22.687911,2.190759,9.961727,23.375235,0.389778,0.161611,0.003451
0.512400,22.749761,2.120892,10.038539,23.305109,0.388609,0.161127,0.003440
0.512550,22.811654,2.051023,10.115623,23.235194,0.387443,0.160643,0.003430
0.512700,22.873590,1.981153,10.192987,23.165488,0.386280,0.160161,0.003420
0.512850,22.935567,1.911281,10.270635,23.095992,0.385122,0.159681,0.003410
0.513000,22.997583,1.841407,10.348574,23.026704,0.383966,0.159202,0.003399
0.513150,23.059634,1.771532,10.426811,22.957624,0.382814,0.158724,0.003389
0.513300,23.121713,1.701654,10.505350,22.888751,0.381666,0.158248,0.003379
0.513450,23.183816,1.631776,10.582086,22.820085,0.380521,0.157773,0.003369
0.513600,23.245935,1.561896,10.656467,22.751624,0.379379,0.157300,0.003359
0.513750,23.308063,1.492015,10.731410,22.683369,0.378241,0.156828,0.003349
0.513900,23.370196,1.422132,10.811153,22.615319,0.377106,0.156358,0.003339
0.514050,23.432327,1.352248,10.891290,22.547473,0.375975,0.155888,0.003329
0.514200,23.494451,1.282362,10.971761,22.479831,0.374847,0.155421,0.003319
0.514350,23.556565,1.212473,11.052571,22.412391,0.373723,0.154955,0.003309
0.514500,23.618667,1.142583,11.133723,22.345154,0.372601,0.154490,0.003299
0.514650,23.680755,1.072690,11.215221,22.278119,0.371484,0.154026,0.003289
0.514800,23.742830,1.002796,11.297069,22.211284,0.370369,0.153564,0.003279
0.514950,23.804892,0.932899,11.379270,22.144651,0.369258,0.153103,0.003269
0.515100,23.866943,0.863001,11.461826,22.078217,0.368150,0.152644,0.003259
0.515250,23.928984,0.793100,11.544739,22.011982,0.367046,0.152186,0.003250
0.515400,23.991018,0.723198,11.628013,21.945946,0.365945,0.151730,0.003240
0.515550,24.053046,0.653293,11.711647,21.880108,0.364847,11.579846,0.003230
0.515700,24.115071,0.583386,11.795644,21.814468,0.363752,20.116535,0.003220
0.515850,24.177093,0.513478,11.880004,21.749024,0.362661,20.056185,0.003211
0.516000,24.239115,0.443567,11.964727,21.683777,0.361573,19.996017,0.003201
0.516150,24.301138,0.373655,12.049815,21.618726,0.360488,19.936029,0.003191
0.516300,24.363164,0.303741,12.135265,21.553870,0.359407,19.876221,0.003182
0.516450,24.425192,0.233825,12.221077,21.489208,0.358329,19.816592,0.003172
0.516600,24.487226,0.163907,12.307250,21.424741,0.357254,19.757142,0.003163
0.516750,24.549263,0.093988,12.393783,21.360466,0.356182,19.697871,0.003153
0.516900,24.611306,0.024067,12.480671,21.296385,0.355113,19.638777,0.003144
0.517050,24.673354,-0.045855,12.567914,21.232496,0.354048,19.579861,0.003134
0.517200,24.735407,-0.115778,12.655507,21.168798,0.352986,19.521121,0.003125
0.517350,24.797464,-0.185702,12.743448,21.105292,0.351927,19.462558,0.003116
0.517500,24.859525,-0.255627,12.831732,21.041976,0.350871,19.404170,0.003106
0.517650,24.921588,-0.325554,12.920353,20.978850,0.349819,19.345958,0.003097
0.517800,24.983655,-0.395480,13.009309,20.915914,0.348769,19.287920,0.003088
0.517950,25.045722,-0.465408,13.098592,20.853166,0.347723,19.230056,0.003078
0.518100,25.107790,-0.535335,13.188197,20.790606,0.346680,19.172366,0.003069
0.518250,25.169858,-0.605263,13.278118,20.728235,0.345640,19.114849,0.003060
0.518400,25.231924,-0.675190,13.368347,20.666050,0.344603,19.057504,0.003051
0.518550,25.293989,-0.745117,13.458878,20.604052,0.343569,19.000332,0.003042
0.518700,25.356050,-0.815044,13.549703,20.542240,0.342538,18.943331,0.003033
0.518850,25.418108,-0.884969,13.640814,20.480613,0.341511,18.886501,0.003023
0.519000,25.480162,-0.954894,13.732202,20.419171,0.340486,18.829841,0.003014
0.519150,25.542211,-1.024817,13.823859,20.357914,0.339465,18.773352,0.003005
0.519300,25.604255,-1.094738,13.915776,20.296840,0.338446,18.717032,0.002996
0.519450,25.666293,-1.164657,14.007942,20.235949,0.337431,18.660881,0.002987
0.519600,25.728326,-1.234574,14.100348,20.175241,0.336419,18.604898,0.002978
0.519750,25.790352,-1.304489,14.192984,20.114716,0.335409,18.549083,0.002969
0.519900,25.852373,-1.374400,14.285840,20.054372,0.334403,18.493436,0.002961
0.520050,25.914387,-1.444307,14.378904,19.994208,0.333400,18.437956,0.002952
0.520200,25.976395,-1.514211,14.472165,19.934226,0.332400,18.382642,0.002943
0.520350,26.038396,-1.584111,14.565613,19.874423,0.331402,18.327494,0.002934
0.520500,26.100391,-1.654006,14.659235,19.814800,0.330408,18.272511,0.002925
0.520650,26.162378,-1.723896,14.753019,19.755355,0.329417,18.217694,0.002916
0.520800,26.224358,-1.793780,14.846954,19.696089,0.328429,18.163041,0.002908
0.520950,26.286331,-1.863658,14.941028,19.637001,0.327443,18.108552,0.002899
0.521100,26.348296,-1.933530,15.035228,19.578090,0.326461,18.054226,0.002890
0.521250,26.410253,-2.003395,15.129541,19.519356,0.325482,18.000063,0.002882
0.521400,26.472201,-2.073252,15.223955,19.460798,0.324505,17.946063,0.002873
0.521550,26.534131,-2.143101,15.318457,19.402415,0.323532,17.892225,0.247762
0.521700,26.595894,-2.212942,15.413034,19.344208,0.322561,17.838548,0.379926
0.521850,26.656683,-2.282774,15.507673,19.286176,0.321594,17.785033,0.378786
0.522000,26.714942,-2.352595,15.602361,19.228317,0.320629,17.731678,0.377650
0.522150,26.768960,-2.422407,15.697086,19.170632,0.319667,17.678482,0.376517
0.522300,26.817171,-2.492207,15.791833,19.113120,0.318708,17.625447,0.375387
0.522450,26.858265,-2.561996,15.886589,19.055781,0.317752,17.572571,0.374261
0.522600,26.891263,-2.631773,15.981342,18.998613,0.316798,17.519853,0.373138
0.522750,26.915574,-2.701536,16.076079,18.941618,0.315848,17.467293,0.372019
0.522900,26.931038,-2.771286,16.170785,18.884793,0.314901,17.414892,0.370903
0.523050,26.937944,-2.841022,16.265449,18.828138,0.313956,17.362647,0.369790
0.523200,26.937017,-2.910743,16.360057,18.771654,0.313014,17.310559,0.368681
0.523350,26.929387,-2.980448,16.454595,18.715339,0.312075,17.258627,0.367575
0.523500,26.916527,-3.050137,16.549052,18.659193,0.311139,17.206851,0.366472
0.523650,26.900174,-3.119808,16.643414,18.603215,0.310205,17.155231,0.365373
0.523800,26.882229,-3.189462,16.737669,18.547406,0.309275,17.103765,0.364276
0.523950,26.864651,-3.259096,16.831803,18.491764,0.308347,17.052454,0.363184
0.524100,26.849338,-3.328711,16.925806,18.436288,0.307422,17.001296,0.362094
0.524250,26.838018,-3.398306,17.019663,18.380979,0.306500,16.950293,0.361008
0.524400,26.832144,-3.467879,17.113363,18.325836,0.305580,16.899442,0.359925
0.524550,26.832804,-3.537430,17.206893,18.270859,0.304663,16.848743,0.358845
0.524700,26.840649,-3.606958,17.300243,18.216046,0.303749,16.798197,0.357768
0.524850,26.855855,-3.676462,17.393400,18.161398,0.302838,16.747803,0.356695
0.525000,26.878104,-3.745941,17.486352,18.106914,0.301930,16.697559,0.355625
0.525150,26.906598,-3.815395,17.579089,18.052593,0.301024,16.647466,0.354558
0.525300,26.940110,-3.884821,17.671598,17.998435,0.300121,16.597524,0.353494
0.525450,26.977053,-3.954220,17.763869,17.944440,0.299220,16.547731,0.352434
0.525600,27.015583,-4.023591,17.855891,17.890607,0.298323,16.498088,0.351377
0.525750,27.053713,-4.092931,17.947654,17.836935,0.297428,16.448594,0.350323
0.525900,27.089448,-4.162242,18.039146,17.783424,0.296535,16.399248,0.349272
0.526050,27.120913,-4.231520,18.130358,17.730074,0.295646,16.350051,0.348224
0.526200,27.146489,-4.300766,18.221279,17.676884,0.294759,16.301000,0.347179
0.526350,27.164919,-4.369978,18.311900,17.623853,0.293875,16.252097,0.346138
0.526500,27.175410,-4.439155,18.402211,17.570982,0.292993,16.203341,0.345099
0.526650,27.177684,-4.508296,18.492203,17.518269,0.292114,16.154731,0.344064
0.526800,27.172013,-4.577401,18.581866,17.465714,0.291238,16.106267,0.343032
0.526950,27.159200,-4.646467,18.671192,17.413317,0.290364,16.057948,0.342003
0.527100,27.140529,-4.715494,18.760171,17.361077,0.289493,16.009774,0.340977
0.527250,27.117679,-4.784481,18.848794,17.308993,0.288624,15.961745,0.339954
0.527400,27.092604,-4.853426,18.937055,17.257066,0.287759,15.913860,0.338934
0.527550,27.067396,-4.922329,19.024944,17.205295,0.286895,15.866118,0.337917
0.527700,27.044136,-4.991188,19.112454,17.153679,0.286035,15.818520,0.336903
0.527850,27.024736,-5.060002,19.199576,17.102218,0.285176,15.771064,0.335893
0.528000,27.010805,-5.128769,19.286303,17.050912,0.284321,15.723751,0.334885
0.528150,27.003523,-5.197490,19.372629,16.999759,0.283468,15.676580,0.333880
0.528300,27.003549,-5.266161,19.458545,16.948760,0.282618,15.629550,0.332879
0.528450,27.010975,-5.334783,19.544046,16.897913,0.281770,15.582661,0.331880
0.528600,27.025307,-5.403354,19.629123,16.847220,0.280924,15.535913,0.330884
0.528750,27.045501,-5.471873,19.713772,16.796678,0.280082,15.489306,0.329892
0.528900,27.070044,-5.540337,19.797985,16.746288,0.279241,15.442838,0.328902
0.529050,27.097060,-5.608747,19.881756,16.696049,0.278404,15.396509,0.327915
0.529200,27.124460,-5.677101,19.965080,16.645961,0.277568,15.350320,0.326932
0.529350,27.150107,-5.745398,20.047951,16.596023,0.276736,15.304269,0.325951
0.529500,27.171980,-5.813635,20.130363,16.546235,0.275906,15.258356,0.324973
0.529650,27.188344,-5.881813,20.212311,16.496596,0.275078,15.212581,0.323998
0.529800,27.197895,-5.949929,20.293789,16.447107,0.274253,15.166943,0.323026
0.529950,27.199864,-6.017982,20.374794,16.397765,0.273430,15.121442,0.322057
0.530100,27.194094,-6.085972,20.455320,16.348572,0.272610,15.076078,0.321091
0.530250,27.181050,-6.153896,20.535363,16.299526,0.271792,15.030850,0.320127
0.530400,27.161787,-6.221753,20.614918,16.250628,0.270976,14.985757,0.319167
0.530550,27.137865,-6.289542,20.693981,16.201876,0.270163,14.940800,0.318210
0.530700,27.111218,-6.357261,20.772547,16.153270,0.269353,14.895977,0.317255
0.530850,27.083994,-6.424909,20.850614,16.104810,0.268545,14.851290,0.316303
0.531000,27.058369,-6.492486,20.928177,16.056496,0.267739,14.806736,0.315354
0.531150,27.036364,-6.559988,21.005232,16.008326,0.266936,14.762315,0.314408
0.531300,27.019672,-6.627415,21.081777,15.960301,0.266135,14.718029,0.313465
0.531450,27.009503,-6.694766,21.157808,15.912420,0.265337,14.673874,0.312525
0.531600,27.006487,-6.762039,21.233321,15.864683,0.264541,14.629853,0.311587
0.531750,27.010610,-6.829233,21.308315,15.817089,0.263747,14.585963,0.310652
0.531900,27.021215,-6.896346,21.382785,15.769638,0.262956,14.542205,0.309720
0.532050,27.037056,-6.963376,21.456730,15.722329,0.262167,14.498579,0.308791
0.532200,27.056411,-7.030323,21.530147,15.675162,0.261381,14.455083,0.307865
0.532350,27.077229,-7.097185,21.603033,15.628137,0.260596,14.411718,0.306941
0.532500,27.097320,-7.163961,21.675386,15.581252,0.259815,14.368483,0.306020
0.532650,27.114551,-7.230649,21.747204,15.534508,0.259035,14.325377,0.305102
0.532800,27.127044,-7.297247,21.818486,15.487905,0.258258,14.282401,0.304187
0.532950,27.133352,-7.363754,21.889228,15.441441,0.257483,14.239554,0.303274
0.533100,27.132597,-7.430169,21.959430,15.395117,0.256711,14.196835,0.302365
0.533250,27.124551,-7.496491,22.029089,15.348931,0.255941,14.154245,0.301457
0.533400,27.109667,-7.562717,22.098205,15.302885,0.255173,14.111782,0.300553
0.533550,27.089028,-7.628846,22.166775,15.256976,0.254407,14.069447,0.299651
0.533700,27.064255,-7.694878,22.234799,15.211205,0.253644,14.027238,0.298752
0.533850,27.037345,-7.760809,22.302275,15.165571,0.252883,13.985157,0.297856
0.534000,27.010484,-7.826640,22.369202,15.120075,0.252125,13.943201,0.296963
0.534150,26.985834,-7.892369,22.435579,15.074715,0.251368,13.901371,0.296072
0.534300,26.965328,-7.957993,22.501405,15.029490,0.250614,13.859667,0.295184
0.534450,26.950478,-8.023512,22.566680,14.984402,0.249862,13.818088,0.294298
0.534600,26.942230,-8.088924,22.631403,14.939449,0.249113,13.776634,0.293415
0.534750,26.940872,-8.154228,22.695573,14.894630,0.248365,13.735304,0.292535
0.534900,26.946001,-8.219422,22.759189,14.849946,0.247620,13.694098,0.291657
0.535050,26.956568,-8.284505,22.822252,14.805397,0.246877,13.653016,0.290782
0.535200,26.970976,-8.349475,22.884761,14.760980,0.246137,13.612057,0.289910
0.535350,26.987242,-8.414331,22.946715,14.716697,0.245398,13.571221,0.289040
0.535500,27.003196,-8.479071,23.008115,14.672547,0.244662,13.530507,0.288173
0.535650,27.016697,-8.543694,23.068960,14.628530,0.243928,13.489916,0.287309
0.535800,27.025858,-8.608199,23.129250,14.584644,0.243196,13.449446,0.286447
0.535950,27.029232,-8.672584,23.188986,14.540890,0.242467,13.409097,0.285587
0.536100,27.025970,-8.736848,23.248168,14.497268,0.241739,13.368870,0.284731
0.536250,27.015902,-8.800989,23.306795,14.453776,0.241014,13.328764,0.283876
0.536400,26.999559,-8.865005,23.364869,14.410414,0.240291,13.288777,0.283025
0.536550,26.978118,-8.928896,23.422389,14.367183,0.239570,13.248911,0.282176
0.536700,26.953275,-8.992660,23.479355,14.324082,0.238852,13.209164,0.281329
0.536850,26.927069,-9.056296,23.535770,14.281109,0.238135,13.169537,0.280485
0.537000,26.901662,-9.119801,23.591632,14.238266,0.237421,13.130028,0.279644
0.537150,26.879116,-9.183175,23.646942,14.195551,0.236708,13.090638,0.278805
0.537300,26.861173,-9.246417,23.701702,14.152965,0.235998,13.051366,0.277968
0.537450,26.849069,-9.309525,23.755912,14.110506,0.235290,13.012212,0.277134
0.537600,26.843409,-9.372497,23.809572,14.068174,0.234584,12.973175,0.276303
0.537750,26.844097,-9.435332,23.862684,14.025970,0.233881,12.934256,0.275474
0.537900,26.850352,-9.498029,23.915248,13.983892,0.233179,12.895453,0.274648
0.538050,26.860793,-9.560587,23.967266,13.941940,0.232479,12.856767,0.273824
0.538200,26.873585,-9.623004,24.018738,13.900114,0.231782,12.818196,0.273002
0.538350,26.886644,-9.685278,24.069666,13.858414,0.231087,12.779742,0.272183
0.538500,26.897862,-9.747409,24.120050,13.816839,0.230393,12.741403,0.271367
0.538650,26.905338,-9.809395,24.169892,13.775388,0.229702,12.703178,0.270553
0.538800,26.907591,-9.871234,24.219192,13.734062,0.229013,12.665069,0.269741
0.538950,26.903719,-9.932926,24.267953,13.692860,0.228326,12.627074,0.268932
0.539100,26.893504,-9.994469,24.316175,13.651781,0.227641,12.589192,0.268125
0.539250,26.877432,-10.055862,24.363860,13.610826,0.226958,12.551425,0.267321
0.539400,26.856635,-10.117103,24.411009,13.569993,0.226277,12.513771,0.266519
0.539550,26.832764,-10.178192,24.457623,13.529283,0.225598,12.476229,0.265719
0.539700,26.807802,-10.239127,24.503705,13.488696,0.224922,12.438801,0.264922
0.539850,26.783837,-10.299906,24.549254,13.448229,0.224247,12.401484,0.264127
0.540000,26.762827,-10.360529,24.594274,13.407885,0.223574,12.364280,0.263335
0.540150,26.746377,-10.420993,24.638764,13.367661,0.222903,12.327187,0.262545
0.540300,26.735558,-10.481299,24.682728,13.327558,0.222235,12.290205,0.261757
0.540450,26.730789,-10.541445,24.726167,13.287575,0.221568,12.253335,0.260972
0.540600,26.731797,-10.601429,24.769081,13.247713,0.220903,12.216575,0.260189
0.540750,26.737646,-10.661250,24.811474,13.207970,0.220241,12.179925,0.259408
0.540900,26.746853,-10.720908,24.853346,13.168346,0.219580,12.143385,0.258630
0.541050,26.757553,-10.780400,24.894699,13.128841,0.218921,12.106955,0.257854
0.541200,26.767722,-10.839726,24.935536,13.089454,0.218264,12.070634,0.257081
0.541350,26.775403,-10.898885,24.975857,13.050186,0.217610,12.034422,0.256309
0.541500,26.778941,-10.957875,25.015666,13.011035,0.216957,11.998319,0.255541
0.541650,26.777169,-11.016696,25.054962,12.972002,0.216306,11.962324,0.254774
0.541800,26.769546,-11.075346,25.093749,12.933086,0.215657,11.926437,0.254010
0.541950,26.756217,-11.133823,25.132029,12.894287,0.215010,11.890658,0.253248
0.542100,26.737988,-11.192128,25.169802,12.855604,0.214365,11.854986,0.252488
0.542250,26.716229,-11.250259,25.207072,12.817037,0.213722,11.819421,0.251730
0.542400,26.692707,-11.308214,25.243840,12.778586,0.213081,11.783963,0.250975
0.542550,26.669379,-11.365994,25.280108,12.740250,0.212441,11.748611,0.250222
0.542700,26.648158,-11.423595,25.315878,12.702030,0.211804,11.713365,0.249472
0.542850,26.630693,-11.481019,25.351152,12.663923,0.211169,11.678225,0.248723
0.543000,26.618180,-11.538263,25.385932,12.625932,0.210535,11.643190,0.247977
0.543150,26.611220,-11.595327,25.420220,12.588054,0.209904,11.608261,0.247233
0.543300,26.609755,-11.652209,25.454019,12.550290,0.209274,11.573436,0.246491
0.543450,26.613079,-11.708909,25.487330,12.512639,0.208646,11.538715,0.245752
0.543600,26.619923,-11.765425,25.520155,12.475101,0.208020,11.504099,0.245015
0.543750,26.628609,-11.821757,25.552497,12.437676,0.207396,11.469587,0.244280
0.543900,26.637249,-11.877904,25.584358,12.400363,0.206774,11.435178,0.243547
0.544050,26.643975,-11.933865,25.615739,12.363162,0.206154,11.400873,0.242816
0.544200,26.647156,-11.989638,25.646644,12.326072,0.205535,11.366670,0.242088
0.544350,26.645597,-12.045223,25.677073,12.289094,0.204918,11.332570,0.241361
0.544500,26.638680,-12.100619,25.707030,12.252227,0.204304,11.298572,0.240637
0.544650,26.626433,-12.155825,25.736517,12.215470,0.203691,11.264677,0.239915
0.544800,26.609524,-12.210841,25.765535,12.178823,0.203080,11.230883,0.239196
0.544950,26.589176,-12.265665,25.794087,12.142287,0.202470,11.197190,0.238478
0.545100,26.567015,-12.320296,25.822176,12.105860,0.201863,11.163598,0.237763
0.545250,26.544871,-12.374734,25.849803,12.069543,0.201257,11.130108,0.237049
0.545400,26.524555,-12.428978,25.876971,12.033334,0.200654,11.096717,0.236338
0.545550,26.507639,-12.483027,25.903682,11.997234,0.200052,11.063427,0.235629
0.545700,26.495271,-12.536880,25.929938,11.961242,0.199452,11.030237,0.234922
0.545850,26.488037,-12.590536,25.955742,11.925359,0.198853,10.997146,0.234218
0.546000,26.485898,-12.643995,25.981095,11.889582,0.198257,10.964155,0.233515
0.546150,26.488195,-12.697256,26.006001,11.853914,0.197662,10.931262,0.232814
0.546300,26.493736,-12.750318,26.030461,11.818352,0.197069,10.898468,0.232116
0.546450,26.500945,-12.803181,26.054478,11.782897,0.196478,10.865773,0.231420
0.546600,26.508050,-12.855843,26.078055,11.747548,0.195888,10.833176,0.230725
0.546750,26.513309,-12.908304,26.101192,11.712306,0.195301,10.800676,0.230033
0.546900,26.515213,-12.960564,26.123894,11.677169,0.194715,10.768274,0.229343
0.547050,26.512677,-13.012621,26.146161,11.642137,0.194131,10.735969,0.228655
0.547200,26.505168,-13.064475,26.167997,11.607211,0.193548,10.703761,0.227969
0.547350,26.492766,-13.116125,26.189404,11.572389,0.192968,10.671650,0.227285
0.547500,26.476150,-13.167571,26.210384,11.537672,0.192389,10.639635,0.226603
0.547650,26.456509,-13.218812,26.230940,11.503059,0.191811,10.607716,0.225923
0.547800,26.435391,-13.269847,26.251073,11.468550,0.191236,10.575893,0.225246
0.547950,26.414507,-13.320677,26.270787,11.434144,0.190662,10.544165,0.224570
0.548100,26.395521,-13.371299,26.290083,11.399842,0.190090,10.512533,0.223896
0.548250,26.379840,-13.421714,26.308964,11.365642,0.189520,10.480995,0.223225
0.548400,26.368451,-13.471921,26.327433,11.331545,0.188951,10.449552,0.222555
0.548550,26.361795,-13.521920,26.345491,11.297551,0.188385,10.418204,0.221887
0.548700,26.359725,-13.571709,26.363142,11.263658,0.187819,10.386949,0.221222
0.548850,26.361526,-13.621289,26.380387,11.229867,0.187256,10.355788,0.220558
0.549000,26.366009,-13.670659,26.397229,11.196177,0.186694,10.324721,0.219896
0.549150,26.371665,-13.719818,26.413670,11.162589,0.186134,10.293747,0.219236
0.549300,26.376849,-13.768767,26.429713,11.129101,0.185576,10.262865,0.218579
0.549450,26.379990,-13.817504,26.445360,11.095714,0.185019,10.232077,0.217923
0.549600,26.379785,-13.866028,26.460613,11.062427,0.184464,10.201381,0.217269
0.549750,26.375354,-13.914341,26.475475,11.029239,0.183911,10.170777,0.216617
0.549900,26.366354,-13.962440,26.489948,10.996152,0.183359,10.140264,0.215968
0.550050,26.353012,-14.010326,26.504035,10.963163,0.182809,10.109843,0.215320
0.550200,26.336090,-14.057999,26.517738,10.930274,0.182260,10.079514,0.214674
0.550350,26.316791,-14.105457,26.531059,10.897483,0.181714,10.049275,0.214030
0.550500,26.296594,-14.152701,26.544000,10.864790,0.181168,10.019128,0.213388
0.550650,26.277073,-14.199730,26.556565,10.832196,0.180625,9.989070,0.212747
0.550800,26.259693,-14.246544,26.568756,10.799699,0.180083,9.959103,0.212109
0.550950,26.245631,-14.293142,26.580574,10.767300,0.179543,9.929226,0.211473
0.551100,26.235631,-14.339524,26.592022,10.734998,0.179004,9.899438,0.210838
0.551250,26.229917,-14.385690,26.603103,10.702793,0.178467,9.869740,0.210206
0.551400,26.228172,-14.431639,26.613819,10.670685,0.177932,9.840130,0.209575
0.551550,26.229585,-14.477372,26.624172,10.638673,0.177398,9.810610,0.208947
0.551700,26.232957,-14.522887,26.634165,10.606757,0.176866,9.781178,0.208320
0.551850,26.236856,-14.568185,26.643800,10.574937,0.176335,9.751835,0.207695
0.552000,26.239801,-14.613265,26.653079,10.543212,0.175806,9.722579,0.207072
0.552150,26.240444,-14.658127,26.662006,10.511582,0.175279,9.693411,0.206451
0.552300,26.237741,-14.702771,26.670581,10.480048,0.174753,9.664331,0.205831
0.552450,26.231079,-14.747196,26.678808,10.448607,0.174229,9.635338,0.205214
0.552600,26.220346,-14.791403,26.686688,10.417262,0.173706,9.606432,0.204598
0.552750,26.205944,-14.835391,26.694225,10.386010,0.173185,9.577613,0.203984
0.552900,26.188726,-14.879159,26.701420,10.354852,0.172665,9.548880,0.203372
0.553050,26.169884,-14.922709,26.708276,10.323787,0.172147,9.520233,0.202762
0.553200,26.150793,-14.966038,26.714795,10.292816,0.171631,9.491673,0.202154
0.553350,26.132832,-15.009149,26.720980,10.261937,0.171116,9.463198,0.201547
0.553500,26.117214,-15.052039,26.726832,10.231152,0.170603,9.434808,0.200943
0.553650,26.104832,-15.094709,26.732355,10.200458,0.170091,9.406504,0.200340
0.553800,26.096152,-15.137159,26.737550,10.169857,0.169581,9.378284,0.199739
0.553950,26.091164,-15.179389,26.742419,10.139347,0.169072,9.350149,0.199140
0.554100,26.089392,-15.221399,26.746966,10.108929,0.168565,9.322099,0.198542
0.554250,26.089959,-15.263188,26.751192,10.078602,0.168059,9.294133,0.197947
0.554400,26.091709,-15.304757,26.755100,10.048367,0.167555,9.266250,0.197353
0.554550,26.093350,-15.346104,26.758691,10.018221,0.167052,9.238451,0.196761
0.554700,26.093621,-15.387232,26.761969,9.988167,0.166551,9.210736,0.196170
0.554850,26.091453,-15.428138,26.764935,9.958202,0.166051,9.183104,0.195582
0.555000,26.086094,-15.468823,26.767591,9.928328,0.165553,9.155555,0.194995
0.555150,26.077207,-15.509288,26.769941,9.898543,0.165056,9.128088,0.194410
0.555300,26.064897,-15.549531,26.771986,9.868847,0.164561,9.100704,0.193827
0.555450,26.049700,-15.589554,26.773729,9.839241,0.164068,9.073401,0.193246
0.555600,26.032499,-15.629355,26.775171,9.809723,0.163575,9.046181,0.192666
0.555750,26.014411,-15.668936,26.776315,9.780294,0.163085,9.019043,0.192088
0.555900,25.996639,-15.708295,26.777163,9.750953,0.162595,8.991986,0.191512
0.556050,25.980316,-15.747433,26.777717,9.721700,0.162108,8.965010,0.190937
0.556200,25.966368,-15.786351,26.777981,9.692535,0.161621,8.938115,0.190364
0.556350,25.955395,-15.825047,26.777955,9.663457,0.161136,8.911300,0.189793
0.556500,25.947609,-15.863523,26.777642,9.634467,0.160653,8.884566,0.189224
0.556650,25.942814,-15.901777,26.777044,9.605563,0.160171,8.857913,0.188656
0.556800,25.940437,-15.939811,26.776163,9.576747,0.159691,8.831339,0.188090
0.556950,25.939612,-15.977623,26.775003,9.548016,0.159211,8.804845,0.187526
0.557100,25.939292,-16.015215,26.773563,9.519372,0.158734,8.778430,0.186963
0.557250,25.938385,-16.052587,26.771848,9.490814,0.158258,8.752095,0.186402
0.557400,25.935888,-16.089737,26.769859,9.462342,0.157783,8.725839,0.185843
0.557550,25.931017,-16.126667,26.767598,9.433955,0.157310,8.699661,0.185286
0.557700,25.923293,-16.163377,26.765067,9.405653,0.156838,8.673562,0.184730
0.557850,25.912606,-16.199866,26.762269,9.377436,0.156367,8.647542,0.184176
0.558000,25.899213,-16.236136,26.759206,9.349304,0.155898,8.621599,0.183623
0.558150,25.883703,-16.272185,26.755879,9.321256,0.155430,8.595734,0.183072
0.558300,25.866913,-16.308014,26.752291,9.293292,0.154964,8.569947,0.182523
0.558450,25.849818,-16.343623,26.748444,9.265412,0.154499,8.544237,0.181975
0.558600,25.833403,-16.379013,26.744340,9.237616,0.154036,8.518604,0.181429
0.558750,25.818540,-16.414183,26.739981,9.209903,0.153573,8.493049,0.180885
0.558900,25.805880,-16.449134,26.735370,9.182273,0.153113,8.467569,0.180343
0.559050,25.795778,-16.483866,26.730508,9.154727,0.152653,8.442167,0.179801
0.559200,25.788254,-16.518378,26.725397,9.127262,0.152195,8.416840,0.179262
0.559350,25.783002,-16.552672,26.720039,9.099881,0.151739,8.391590,0.178724
0.559500,25.779438,-16.586747,26.714437,9.072581,0.151284,8.366415,0.178188
0.559650,25.776774,-16.620603,26.708592,9.045363,0.150830,8.341316,0.177654
0.559800,25.774127,-16.654242,26.702507,9.018227,0.150377,8.316292,0.177121
0.559950,25.770625,-16.687662,26.696184,8.991172,0.149926,8.291343,0.176589
0.560100,25.765521,-16.720864,26.689624,8.964199,0.149476,8.266469,0.176059
0.560250,25.758278,-16.753849,26.682829,8.937306,0.149028,8.241669,0.175531
0.560400,25.748634,-16.786616,26.675802,8.910494,0.148581,8.216944,0.175005
0.560550,25.736630,-16.819166,26.668545,8.883763,0.148135,8.192294,0.174480
0.560700,25.722591,-16.851499,26.661059,8.857112,0.147691,8.167717,0.173956
0.560850,25.707086,-16.883616,26.653347,8.830540,0.147248,8.143214,0.173434
0.561000,25.690845,-16.915516,26.645410,8.804049,0.146806,8.118784,0.172914
0.561150,25.674664,-16.947200,26.637250,8.777637,0.146366,8.094428,0.172395
0.561300,25.659304,-16.978667,26.628870,8.751304,0.145926,8.070144,0.171878
0.561450,25.645396,-17.009919,26.620271,8.725050,0.145489,8.045934,0.171363
0.561600,25.633367,-17.040956,26.611455,8.698875,0.145052,8.021796,0.170848
0.561750,25.623391,-17.071778,26.602425,8.672778,0.144617,7.997731,0.170336
0.561900,25.615378,-17.102384,26.593181,8.646760,0.144183,7.973738,0.169825
0.562050,25.608990,-17.132777,26.583726,8.620819,0.143751,7.949816,0.169315
0.562200,25.603692,-17.162955,26.574063,8.594957,0.143319,7.925967,0.168807
0.562350,25.598824,-17.192918,26.564192,8.569172,0.142889,7.902189,0.168301
0.562500,25.593685,-17.222669,26.554115,8.543464,0.142461,7.878482,0.167796
0.562650,25.587619,-17.252206,26.543835,8.517834,0.142033,7.854847,0.167293
0.562800,25.580098,-17.281529,26.533353,8.492281,0.141607,7.831282,0.166791
0.562950,25.570781,-17.310641,26.522671,8.466804,0.141182,7.807789,0.166290
0.563100,25.559550,-17.339539,26.511792,8.441403,0.140759,7.784365,0.165792
0.563250,25.546522,-17.368226,26.500716,8.416079,0.140337,7.761012,0.165294
0.563400,25.532025,-17.396701,26.489446,8.390831,0.139916,7.737729,0.164798
0.563550,25.516551,-17.424964,26.477983,8.365658,0.139496,7.714516,0.164304
0.563700,25.500689,-17.453017,26.466329,8.340561,0.139077,7.691372,0.163811
0.563850,25.485051,-17.480858,26.454487,8.315540,0.138660,7.668298,0.163320
0.564000,25.470191,-17.508489,26.442457,8.290593,0.138244,7.645293,0.162830
0.564150,25.456545,-17.535911,26.430242,8.265721,0.137829,7.622357,0.162341
0.564300,25.444373,-17.563122,26.417843,8.240924,0.137416,7.599490,0.161854
0.564450,25.433740,-17.590125,26.405262,8.216201,0.137004,7.576692,0.161369
0.564600,25.424514,-17.616918,26.392501,8.191553,0.136593,7.553962,0.160884
0.564750,25.416384,-17.643503,26.379562,8.166978,0.136183,7.531300,0.160402
0.564900,25.408912,-17.669879,26.366445,8.142477,0.135774,7.508706,0.159921
0.565050,25.401585,-17.696048,26.353154,8.118050,0.135367,7.486180,0.159441
0.565200,25.393883,-17.722009,26.339690,8.093696,0.134961,7.463721,0.158963
0.565350,25.385341,-17.747764,26.326054,8.069415,0.134556,7.441330,0.158486
0.565500,25.375605,-17.773311,26.312248,8.045206,0.134152,7.419006,0.158010
0.565650,25.364471,-17.798653,26.298274,8.021071,0.133750,7.396749,0.157536
0.565800,25.351902,-17.823788,26.284134,7.997007,0.133349,7.374559,0.157064
0.565950,25.338034,-17.848718,26.269829,7.973016,0.132949,7.352435,0.156592
0.566100,25.323143,-17.873443,26.255360,7.949097,0.132550,7.330378,0.156123
0.566250,25.307615,-17.897963,26.240730,7.925250,0.132152,7.308387,0.155654
0.566400,25.291891,-17.922279,26.225940,7.901474,0.131756,7.286462,0.155187
0.566550,25.276408,-17.946392,26.210991,7.877770,0.131360,7.264602,0.154722
0.566700,25.261553,-17.970300,26.195886,7.854137,0.130966,7.242808,0.154258
0.566850,25.247610,-17.994006,26.180626,7.830574,0.130573,7.221080,0.153795
0.567000,25.234737,-18.017509,26.165212,7.807082,0.130182,7.199417,0.153333
0.567150,25.222947,-18.040810,26.149647,7.783661,0.129791,7.177819,0.152873
0.567300,25.212115,-18.063909,26.133931,7.760310,0.129402,7.156285,0.152415
0.567450,25.202002,-18.086807,26.118066,7.737029,0.129014,7.134816,0.151958
0.567600,25.192282,-18.109504,26.102054,7.713818,0.128627,7.113412,0.151502
0.567750,25.182591,-18.132001,26.085897,7.690677,0.128241,7.092072,0.151047
0.567900,25.172568,-18.154297,26.069595,7.667605,0.127856,7.070795,0.150594
0.568050,25.161901,-18.176394,26.053151,7.644602,0.127472,7.049583,0.150142
0.568200,25.150361,-18.198292,26.036566,7.621668,0.127090,7.028434,0.149692
0.568350,25.137826,-18.219991,26.019841,7.598803,0.126709,7.007349,0.149243
0.568500,25.124290,-18.241492,26.002978,7.576007,0.126329,6.986327,0.148795
0.568650,25.109863,-18.262795,25.985979,7.553279,0.125950,6.965368,0.148349
0.568800,25.094748,-18.283901,25.968845,7.530619,0.125572,6.944472,0.147904
0.568950,25.079217,-18.304810,25.951577,7.508027,0.125195,6.923638,0.147460
0.569100,25.063571,-18.325523,25.934177,7.485503,0.124819,6.902867,0.147017
0.569250,25.048107,-18.346039,25.916646,7.463046,0.124445,6.882159,0.146576
0.569400,25.033079,-18.366360,25.898987,7.440657,0.124072,6.861512,0.146137
0.569550,25.018673,-18.386486,25.881199,7.418335,0.123699,6.840928,0.145698
0.569700,25.004986,-18.406417,25.863286,7.396080,0.123328,6.820405,0.145261
0.569850,24.992023,-18.426155,25.845247,7.373892,0.122958,6.799944,0.144825
0.570000,24.979695,-18.445698,25.827085,7.351770,0.122589,6.779544,0.144391
0.570150,24.967839,-18.465049,25.808801,7.329715,0.122222,6.759205,0.143958
0.570300,24.956239,-18.484206,25.790397,7.307726,0.121855,6.738928,0.143526
0.570450,24.944656,-18.503172,25.771873,7.285803,0.121489,6.718711,0.143095
0.570600,24.932853,-18.521945,25.753231,7.263945,0.121125,6.698555,0.142666
0.570750,24.920626,-18.540528,25.734473,7.242153,0.120762,6.678459,0.142238
0.570900,24.907826,-18.558919,25.715600,7.220427,0.120399,6.658424,0.141811
0.571050,24.894371,-18.577120,25.696613,7.198766,0.120038,6.638449,0.141386
0.571200,24.880257,-18.595131,25.677513,7.177169,0.119678,6.618533,0.140962
0.571350,24.865552,-18.612953,25.658303,7.155638,0.119319,6.598678,0.140539
0.571500,24.850384,-18.630586,25.638982,7.134171,0.118961,6.578882,0.140117
0.571650,24.834924,-18.648031,25.619553,7.112769,0.118604,6.559145,0.139697
0.571800,24.819366,-18.665287,25.600018,7.091430,0.118248,6.539467,0.139278
0.571950,24.803900,-18.682357,25.580376,7.070156,0.117894,6.519849,0.138860
0.572100,24.788691,-18.699239,25.560630,7.048945,0.117540,6.500290,0.138443
0.572250,24.773864,-18.715935,25.540780,7.027799,0.117187,6.480789,0.138028
0.572400,24.759486,-18.732444,25.520829,7.006715,0.116836,6.461346,0.137614
0.572550,24.745570,-18.748769,25.500777,6.985695,0.116485,6.441962,0.137201
0.572700,24.732068,-18.764908,25.480625,6.964738,0.116136,6.422636,0.136789
0.572850,24.718884,-18.780863,25.460376,6.943844,0.115787,6.403368,0.136379
0.573000,24.705888,-18.796633,25.440029,6.923012,0.115440,6.384158,0.135970
0.573150,24.692932,-18.812220,25.419587,6.902243,0.115094,6.365006,0.135562
0.573300,24.679865,-18.827624,25.399050,6.881536,0.114748,6.345911,0.135155
0.573450,24.666556,-18.842846,25.378420,6.860892,0.114404,6.326873,0.134750
0.573600,24.652904,-18.857886,25.357698,6.840309,0.114061,6.307893,0.134346
0.573750,24.638847,-18.872744,25.336885,6.819788,0.113719,6.288969,0.133943
0.573900,24.624372,-18.887421,25.315982,6.799329,0.113378,6.270102,0.133541
0.574050,24.609508,-18.901917,25.294991,6.778931,0.113037,6.251292,0.133140
0.574200,24.594325,-18.916233,25.273913,6.758594,0.112698,6.232538,0.132741
0.574350,24.578922,-18.930370,25.252749,6.738318,0.112360,6.213840,0.132343
0.574500,24.563414,-18.944328,25.231499,6.718103,0.112023,6.195199,0.131946
0.574650,24.547920,-18.958107,25.210166,6.697949,0.111687,6.176613,0.131550
0.574800,24.532546,-18.971708,25.188750,6.677855,0.111352,6.158083,0.131155
0.574950,24.517376,-18.985131,25.167253,6.657822,0.111018,6.139609,0.130762
0.575100,24.502465,-18.998378,25.145675,6.637848,0.110685,6.121190,0.130369
0.575250,24.487832,-19.011448,25.124018,6.617935,0.110353,6.102827,0.129978
0.575400,24.473461,-19.024342,25.102283,6.598081,0.110022,6.084518,0.129588
0.575550,24.459305,-19.037060,25.080471,6.578287,0.109692,6.066264,0.129199
0.575700,24.445293,-19.049603,25.058583,6.558552,0.109363,6.048066,0.128812
0.575850,24.431339,-19.061972,25.036620,6.538876,0.109035,6.029921,0.128425
0.576000,24.417351,-19.074167,25.014583,6.519259,0.108707,6.011832,0.128040
0.576150,24.403246,-19.086188,24.992474,6.499702,0.108381,5.993796,0.127656
0.576300,24.388954,-19.098036,24.970293,6.480203,0.108056,5.975815,0.127273
0.576450,24.374427,-19.109711,24.948041,6.460762,0.107732,5.957887,0.126891
0.576600,24.359644,-19.121215,24.925720,6.441380,0.107409,5.940014,0.126511
0.576750,24.344610,-19.132547,24.903330,6.422056,0.107087,5.922194,0.126131
0.576900,24.329355,-19.143708,24.880873,6.402789,0.106765,5.904427,0.125753
0.577050,24.313930,-19.154698,24.858350,6.383581,0.106445,5.886714,0.125375
0.577200,24.298399,-19.165519,24.835761,6.364430,0.106126,5.869054,0.124999
0.577350,24.282830,-19.176170,24.813107,6.345337,0.105807,5.851447,0.124624
0.577500,24.267292,-19.186652,24.790391,6.326301,0.105490,5.833892,0.124250
0.577650,24.251841,-19.196965,24.767611,6.307322,0.105173,5.816391,0.123878
0.577800,24.236520,-19.207110,24.744771,6.288400,0.104858,5.798941,0.123506
0.577950,24.221352,-19.217088,24.721870,6.269535,0.104543,5.781545,0.123135
0.578100,24.206340,-19.226899,24.698910,6.250726,0.104230,5.764200,0.122766
0.578250,24.191467,-19.236543,24.675891,6.231974,0.103917,5.746907,0.122398
0.578400,24.176700,-19.246021,24.652814,6.213278,0.103605,5.729667,0.122031
0.578550,24.161993,-19.255334,24.629682,6.194638,0.103294,5.712478,0.121664
0.578700,24.147296,-19.264482,24.606493,6.176054,0.102985,5.695340,0.121300
0.578850,24.132556,-19.273465,24.583250,6.157526,0.102676,5.678254,0.120936
0.579000,24.117728,-19.282285,24.559953,6.139054,0.102368,5.661219,0.120573
0.579150,24.102774,-19.290940,24.536603,6.120637,0.102061,5.644236,0.120211
0.579300,24.087672,-19.299433,24.513202,6.102275,0.101754,5.627303,0.119850
0.579450,24.072415,-19.307764,24.489749,6.083968,0.101449,5.610421,0.119491
0.579600,24.057009,-19.315932,24.466246,6.065716,0.101145,5.593590,0.119132
0.579750,24.041475,-19.323939,24.442694,6.047519,0.100841,5.576809,0.118775
0.579900,24.025845,-19.331784,24.419094,6.029376,0.100539,5.560079,0.118419
0.580050,24.010156,-19.339470,24.395447,6.011288,0.100237,5.543398,0.118063
0.580200,23.994448,-19.346995,24.371752,5.993254,0.099936,5.526768,0.117709
0.580350,23.978758,-19.354360,24.348013,5.975274,0.099637,5.510188,0.117356
0.580500,23.963118,-19.361567,24.324228,5.957349,0.099338,5.493657,0.117004
0.580650,23.947548,-19.368615,24.300399,5.939477,0.099040,5.477176,0.116653
0.580800,23.932060,-19.375505,24.276528,5.921658,0.098743,5.460745,0.116303
0.580950,23.916654,-19.382238,24.252614,5.903893,0.098446,5.444363,0.115954
0.581100,23.901318,-19.388814,24.228659,5.886181,0.098151,5.428029,0.115606
0.581250,23.886033,-19.395232,24.204663,5.868523,0.097857,5.411745,0.115259
0.581400,23.870772,-19.401495,24.180627,5.850917,0.097563,5.395510,0.114914
0.581550,23.855508,-19.407603,24.156552,5.833365,0.097270,5.379324,0.114569
0.581700,23.840210,-19.413555,24.132439,5.815865,0.096979,5.363186,0.114225
0.581850,23.824854,-19.419353,24.108289,5.798417,0.096688,5.347096,0.113883
0.582000,23.809419,-19.424996,24.084103,5.781022,0.096398,5.331055,0.113541
0.582150,23.793894,-19.430486,24.059880,5.763679,0.096108,5.315062,0.113200
0.582300,23.778276,-19.435823,24.035623,5.746388,0.095820,5.299116,0.112861
0.582450,23.762567,-19.441007,24.011331,5.729148,0.095533,5.283219,0.112522
0.582600,23.746781,-19.446039,23.987006,5.711961,0.095246,5.267369,0.112185
0.582750,23.730934,-19.450919,23.962648,5.694825,0.094960,5.251567,0.111848
0.582900,23.715048,-19.455648,23.938259,5.677741,0.094675,5.235813,0.111512
0.583050,23.699143,-19.460227,23.913838,5.660707,0.094391,5.220105,0.111178
0.583200,23.683240,-19.464655,23.889387,5.643725,0.094108,5.204445,0.110844
0.583350,23.667358,-19.468933,23.864906,5.626794,0.093826,5.188832,0.110512
0.583500,23.651507,-19.473062,23.840396,5.609914,0.093544,5.173265,0.110180
0.583650,23.635695,-19.477043,23.815858,5.593084,0.093264,5.157745,0.109850
0.583800,23.619921,-19.480875,23.791293,5.576305,0.092984,5.142272,0.109520
0.583950,23.604181,-19.484559,23.766701,5.559576,0.092705,5.126845,0.109192
0.584100,23.588464,-19.488096,23.742083,5.542897,0.092427,5.111465,0.108864
0.584250,23.572756,-19.491486,23.717439,5.526268,0.092150,5.096130,0.108538
0.584400,23.557041,-19.494729,23.692771,5.509690,0.091873,5.080842,0.108212
0.584550,23.541304,-19.497827,23.668078,5.493161,0.091597,5.065599,0.107887
0.584700,23.525531,-19.500779,23.643363,5.476681,0.091323,5.050403,0.107564
0.584850,23.509710,-19.503586,23.618625,5.460251,0.091049,5.035251,0.107241
0.585000,23.493834,-19.506249,23.593865,5.443870,0.090776,5.020146,0.106919
0.585150,23.477900,-19.508768,23.569084,5.427539,0.090503,5.005085,0.106598
0.585300,23.461911,-19.511143,23.544282,5.411256,0.090232,4.990070,0.106279
0.585450,23.445870,-19.513374,23.519460,5.395022,0.089961,4.975100,0.105960
0.585600,23.429788,-19.515464,23.494619,5.378837,0.089691,4.960174,0.105642
0.585750,23.413674,-19.517411,23.469759,5.362701,0.089422,4.945294,0.105325
0.585900,23.397541,-19.519216,23.444882,5.346613,0.089154,4.930458,0.105009
0.586050,23.381400,-19.520880,23.419987,5.330573,0.088886,4.915667,0.104694
0.586200,23.365260,-19.522404,23.395075,5.314581,0.088620,4.900920,0.104380
0.586350,23.349130,-19.523787,23.370147,5.298637,0.088354,4.886217,0.104067
0.586500,23.333014,-19.525030,23.345204,5.282741,0.088089,4.871558,0.103755
0.586650,23.316912,-19.526133,23.320246,5.266893,0.087825,4.856944,0.103443
0.586800,23.300823,-19.527098,23.295273,5.251092,0.087561,4.842373,0.103133
0.586950,23.284743,-19.527924,23.270287,5.235339,0.087298,4.827846,0.102824
0.587100,23.268664,-19.528612,23.245288,5.219633,0.087036,4.813362,0.102515
0.587250,23.252579,-19.529163,23.220276,5.203974,0.086775,4.798922,0.102208
0.587400,23.236478,-19.529576,23.195253,5.188362,0.086515,4.784525,0.101901
0.587550,23.220356,-19.529853,23.170218,5.172797,0.086255,7.627315,0.101595
0.587700,23.204203,-19.529994,23.145173,5.157279,0.085997,10.461575,0.101290
0.587850,23.188017,-19.529998,23.120117,5.141807,0.085739,10.430191,0.100987
0.588000,23.171794,-19.529868,23.095052,5.126382,0.085481,13.256043,0.100684
0.588150,23.155535,-19.529602,23.069978,5.111002,0.085225,13.216275,0.100382
0.588300,23.139240,-19.529202,23.044895,5.095669,0.084969,13.176626,0.100080
0.588450,23.122915,-19.528668,23.019804,5.080382,0.084714,13.137096,0.099780
0.588600,23.106564,-19.528000,22.994706,5.065141,0.084460,15.954828,0.099481
0.588750,23.090194,-19.527199,22.969602,5.049946,0.084207,15.906963,0.099182
0.588900,23.073810,-19.526266,22.944491,5.034796,0.083954,15.859242,0.098885
0.589050,23.057418,-19.525200,22.919374,5.019692,0.083702,15.811665,0.098588
0.589200,23.041023,-19.524003,22.894252,5.004633,0.083451,15.764230,0.098292
0.589350,23.024628,-19.522674,22.869125,4.989619,0.083201,15.716937,0.097998
0.589500,23.008235,-19.521214,22.843994,4.974650,0.082951,15.669786,0.097704
0.589650,22.991844,-19.519623,22.818860,4.959726,0.082703,15.622777,0.097410
0.589800,22.975452,-19.517903,22.793722,4.944847,0.082454,15.575908,0.097118
0.589950,22.959058,-19.516053,22.768582,4.930012,0.082207,15.529181,0.096827
0.590100,22.942656,-19.514073,22.743439,4.915222,0.081960,15.482593,0.096536
0.590250,22.926245,-19.511965,22.718295,4.900476,0.081715,15.436145,0.096247
0.590400,22.909818,-19.509729,22.693150,4.885775,0.081469,15.389837,0.095958
0.590550,22.893372,-19.507364,22.668004,4.871118,0.081225,15.343667,0.095670
0.590700,22.876904,-19.504872,22.642857,4.856504,0.080981,15.297636,0.095383
0.590850,22.860412,-19.502253,22.617712,4.841935,0.080738,15.251744,0.095097
0.591000,22.843895,-19.499507,22.592566,4.827409,0.080496,15.205988,0.094812
0.591150,22.827353,-19.496635,22.567422,4.812927,0.080255,15.160370,0.094527
0.591300,22.810788,-19.493637,22.542280,4.798488,0.080014,15.114889,0.094244
0.591450,22.794202,-19.490514,22.517140,4.784093,0.079774,15.069545,0.093961
0.591600,22.777597,-19.487265,22.492002,4.769740,0.079535,15.024336,0.093679
0.591750,22.760978,-19.483892,22.466868,4.755431,0.079296,14.979263,0.093398
0.591900,22.744346,-19.480395,22.441737,4.741165,0.079058,14.934325,0.093118
0.592050,22.727705,-19.476774,22.416610,4.726941,0.078821,14.889522,0.092838
0.592200,22.711057,-19.473030,22.391487,4.712760,0.078584,14.844854,0.092560
0.592350,22.694403,-19.469162,22.366369,4.698622,0.078349,14.800319,0.092282
0.592500,22.677745,-19.465173,22.341257,4.684526,0.078114,14.755918,0.092005
0.592650,22.661081,-19.461061,22.316150,4.670473,0.077879,14.711650,0.091729
0.592800,22.644412,-19.456827,22.291049,4.656461,0.077646,14.667515,0.091454
0.592950,22.627735,-19.452472,22.265954,4.642492,0.077413,14.623513,0.091180
0.593100,22.611049,-19.447996,22.240867,4.628564,0.077180,14.579642,0.090906
0.593250,22.594352,-19.443399,22.215787,4.614679,0.076949,14.535903,0.090634
0.593400,22.577641,-19.438682,22.190714,4.600835,0.076718,14.492296,0.090362
0.593550,22.560916,-19.433846,22.165650,4.587032,0.076488,14.448819,0.137710
0.593700,22.544175,-19.428890,22.140594,4.573271,0.076258,14.405472,0.184916
0.593850,22.527417,-19.423815,22.115547,4.559551,0.076030,14.362256,0.184361
0.594000,22.510641,-19.418621,22.090510,4.545873,0.075802,14.319169,0.231427
0.594150,22.493844,-19.413310,22.065482,4.532235,0.075574,14.276212,0.230733
0.594300,22.477022,-19.407880,22.040464,4.518638,0.075347,14.233383,0.230040
0.594450,22.460171,-19.402333,22.015457,4.505082,0.075121,14.190683,0.229350
0.594600,22.443287,-19.396669,21.990461,4.491567,0.074896,14.148111,0.330703
0.594750,22.426362,-19.390889,21.965475,4.478092,0.074671,14.105666,0.329711
0.594900,22.409387,-19.384992,21.940502,4.464658,0.074447,14.063349,0.328722
0.595050,22.392346,-19.378979,21.915540,4.451264,0.074224,14.021159,0.327736
0.595200,22.375222,-19.372851,21.890590,4.437910,0.074001,13.979096,0.326752
0.595350,22.357998,-19.366608,21.865654,4.424597,0.073779,13.937159,0.325772
0.595500,22.340657,-19.360250,21.840730,4.411323,0.073558,13.895347,0.324795
0.595650,22.323183,-19.353777,21.815820,4.398089,0.073337,13.853661,0.323820
0.595800,22.305567,-19.347191,21.790923,4.384895,0.073117,13.812100,0.322849
0.595950,22.287801,-19.340491,21.766040,4.371740,0.072898,13.770664,0.321880
0.596100,22.269883,-19.333678,21.741172,4.358625,0.072679,13.729352,0.320915
0.596250,22.251814,-19.326752,21.716318,4.345549,0.072461,13.688164,0.319952
0.596400,22.233602,-19.319713,21.691480,4.332512,0.072244,13.647099,0.318992
0.596550,22.215253,-19.312562,21.666657,4.319515,0.072027,13.606158,0.318035
0.596700,22.196779,-19.305299,21.641849,4.306556,0.071811,13.565340,0.317081
0.596850,22.178191,-19.297925,21.617058,4.293636,0.071596,13.524643,0.316130
0.597000,22.159501,-19.290440,21.592283,4.280756,0.071381,13.484070,0.315181
0.597150,22.140719,-19.282844,21.567525,4.267913,0.071167,13.443617,0.314236
0.597300,22.121853,-19.275138,21.542783,4.255110,0.070953,13.403287,0.313293
0.597450,22.102908,-19.267322,21.518059,4.242344,0.070740,13.363077,0.312353
0.597600,22.083887,-19.259396,21.493353,4.229617,0.070528,13.322987,0.311416
0.597750,22.064789,-19.251361,21.468664,4.216928,0.070317,13.283018,0.310482
0.597900,22.045612,-19.243217,21.443994,4.204278,0.070106,13.243169,0.309551
0.598050,22.026351,-19.234964,21.419342,4.191665,0.069895,13.203440,0.308622
0.598200,22.006999,-19.226604,21.394709,4.179090,0.069686,13.163830,0.307696
0.598350,21.987550,-19.218135,21.370095,4.166552,0.069477,13.124338,0.306773
0.598500,21.967997,-19.209558,21.345500,4.154053,0.069268,13.084965,0.305853
0.598650,21.948333,-19.200875,21.320925,4.141591,0.069060,13.045710,0.304935
0.598800,21.928554,-19.192085,21.296370,4.129166,0.068853,13.006573,0.304020
0.598950,21.908656,-19.183188,21.271835,4.116778,0.068647,12.967553,0.303108
0.599100,21.888640,-19.174185,21.247320,4.104428,0.068441,12.928651,0.302199
0.599250,21.868505,-19.165076,21.222827,4.092115,0.068235,12.889865,0.301292
0.599400,21.848254,-19.155862,21.198354,4.079838,0.068031,12.851195,0.300388
0.599550,21.827891,-19.146542,21.173903,4.067599,0.067826,12.812642,0.299487
0.599700,21.807423,-19.137118,21.149473,4.055396,0.067623,12.774204,0.298589
0.599850,21.786854,-19.127589,21.125065,4.043230,0.067420,12.735881,0.297693
0.600000,21.766192,-19.117956,21.100679,4.031100,0.067218,12.697673,0.296800
