kopru_tumbacak
version=1
nRows=607
nColumns=53
inDegrees=yes
endheader
time	sacrum_pitch	sacrum_roll	sacrum_yaw	sacrum_x	sacrum_y	sacrum_z	sacroiliac_flx	hip_flx	hip_add	hip_int	knee_flx	ankle_flx	ankle_add	ankle_int	BFa.activation	BFp.activation	CF.activation	STp.activation	STa.activation	SM.activation	QF.activation	TFL.activation	GMa.activation	GMe.activation	GMi.activation	Pir.activation	GP.activation	GA.activation	AL.activation	AM.activation	AB.activation	Pec.activation	IP.activation	OE.activation	OI.activation	GS.activation	GI.activation	RF.activation	VL.activation	VI.activation	VM.activation	MG.activation	LG.activation	Pla.activation	Sol.activation	TA.activation	EDL.activation	TP.activation	FDL.activation	FHL.activation	Per.activation	Pop.activation
0.000150	20.633716	0.000000	0.000000	0.000000	0.050000	0.000000	3.700000	37.200327	-10.000000	0.000000	-123.701329	13.976773	-5.000000	0.000000	0.000000	0.000000	0.000000	0.000000	0.000000	0.000000	0.000000	0.000000	0.000000	0.000000	0.000000	0.000000	0.000000	0.000000	0.000000	0.000000	0.000000	0.000000	0.000000	0.000000	0.000000	0.000000	0.000000	0.000000	0.000000	0.000000	0.000000	0.000000	0.000000	0.000000	0.000000	0.000000	0.000000	0.000000	0.000000	0.000000	0.000000	0.000000
0.005100	20.633716	0.000000	0.000000	0.000000	0.050000	0.000000	3.700000	37.002736	-10.000000	0.000000	-124.491140	12.325260	-5.000000	0.000000	0.000000	0.000000	0.000000	0.000000	0.000000	0.000000	0.000000	0.000000	0.000000	0.000000	0.000000	0.000000	0.000000	0.000000	0.000000	0.000000	0.000000	0.000000	0.000000	0.000000	0.000000	0.000000	0.000000	0.000000	0.000000	0.000000	0.000000	0.000000	0.000000	0.000000	0.000000	0.000000	0.000000	0.000000	0.000000	0.000000	0.000000	0.000000
0.010050	20.633716	0.000000	0.000000	0.000000	0.050000	0.000000	3.700000	36.725182	-10.000000	0.000000	-124.619957	11.678052	-5.000000	0.000000	0.000000	0.000000	0.000000	0.000000	0.000000	0.000000	0.000000	0.000000	0.000000	0.000000	0.000000	0.000000	0.000000	0.000000	0.000000	0.000000	0.000000	0.000000	0.000000	0.000000	0.000000	0.000000	0.000000	0.000000	0.000000	0.000000	0.000000	0.000000	0.000000	0.000000	0.000000	0.000000	0.000000	0.000000	0.000000	0.000000	0.000000	0.000000
0.015000	20.633716	0.000000	0.000000	0.000000	0.050000	0.000000	3.700000	36.494850	-10.000000	0.000000	-124.870633	11.360237	-5.000000	0.000000	0.000000	0.000000	0.314838	0.000000	0.000000	0.313893	0.313893	0.314838	0.314838	0.314838	0.000000	0.000000	0.000000	0.000000	0.313893	0.313893	0.313893	0.000000	0.314838	0.000000	0.000000	0.313893	0.313893	0.314838	0.313893	0.313893	0.313893	0.000000	0.000000	0.000000	0.000000	0.194161	0.313893	0.000000	0.000000	0.000000	0.313893	0.000000
0.019950	20.633716	0.000000	0.000000	0.000000	0.050000	0.000000	3.700000	36.173022	-10.000000	0.000000	-124.941426	11.365103	-5.000000	0.000000	0.000000	0.000000	0.285120	0.000000	0.000000	0.284264	0.284264	0.285120	0.285120	0.285120	0.000000	0.000000	0.000000	0.000000	0.284264	0.284264	0.284264	0.000000	0.285120	0.000000	0.000000	0.284264	0.284264	0.285120	0.284264	0.284264	0.284264	0.000000	0.000000	0.000000	0.000000	0.175834	0.284264	0.000000	0.000000	0.000000	0.284264	0.000000
0.024900	20.633716	0.000000	0.000000	0.000000	0.050000	0.000000	3.700000	35.901315	-10.000000	0.000000	-124.887364	11.391667	-5.000000	0.000000	0.000000	0.000000	0.565567	0.326396	0.000000	0.564792	0.564792	0.566492	0.566492	0.566492	0.000000	0.000000	0.000000	0.000000	0.564792	0.564792	0.564792	0.000000	0.566492	0.000000	0.000000	0.564792	0.564792	0.566492	0.564792	0.564792	0.564792	0.281098	0.281098	0.313893	0.670610	0.349356	0.564792	0.312952	0.312952	0.312952	0.564792	0.000000
0.029850	20.633716	0.000000	0.000000	0.000000	0.050000	0.000000	3.700000	35.602180	-10.000000	0.000000	-124.746105	10.957221	-5.000000	0.000000	0.000000	0.000000	0.512182	0.295587	0.307360	0.511480	0.511480	0.513020	0.513020	0.513020	0.000000	0.000000	0.000000	0.000000	0.511480	0.511480	0.511480	0.000000	0.513020	0.000000	0.000000	0.511480	0.511480	0.513020	0.511480	0.511480	0.511480	0.254565	0.254565	0.284264	0.607310	0.316380	0.511480	0.283411	0.283411	0.283411	0.511480	0.000000
0.034800	20.633716	0.000000	0.000000	0.000000	0.050000	0.000000	3.700000	35.311705	-10.000000	0.000000	-124.623839	10.735923	-5.000000	0.000000	0.000000	0.000000	0.766614	0.267686	0.278348	0.765978	0.765978	0.767372	0.767372	0.767372	0.000000	0.000000	0.000000	0.000000	0.765978	0.765978	0.765978	0.000000	0.767372	0.000000	0.000000	0.765978	0.765978	0.767372	0.765978	0.765978	0.765978	0.230536	0.230536	0.257432	0.549985	0.473801	0.765978	0.256660	0.256660	0.256660	0.765978	0.000000
0.039750	20.633716	0.000000	0.000000	0.000000	0.050000	0.000000	3.700000	35.031133	-10.000000	0.000000	-124.409262	10.483873	-5.000000	0.000000	0.000000	0.000000	1.000000	0.242418	0.252074	1.000000	1.000000	1.000000	1.000000	1.000000	0.000000	0.000000	0.000000	0.000000	1.000000	1.000000	1.000000	0.000000	1.000000	0.000000	0.000000	1.000000	1.000000	1.000000	1.000000	1.000000	1.000000	0.208775	0.208775	0.233132	0.498071	0.632800	1.000000	0.232433	0.232433	0.232433	1.000000	0.000000
0.044700	20.633716	0.000000	0.000000	0.000000	0.050000	0.000000	3.700000	34.749570	-10.000000	0.000000	-124.127484	10.321880	-5.000000	0.000000	0.000000	0.000000	0.927880	0.219536	0.228280	0.926462	0.926462	0.929403	0.929403	0.929403	0.000000	0.000000	0.000000	0.000000	0.926462	0.926462	0.926462	0.000000	0.929403	0.000000	0.000000	0.926462	0.926462	0.929403	0.926462	0.926462	0.926462	0.189069	0.189069	0.211127	0.451057	0.573069	0.926462	0.210493	0.210493	0.210493	0.926462	0.000000
0.049650	20.633716	0.000000	0.000000	0.000000	0.050000	0.000000	3.700000	34.478978	-10.000000	0.000000	-123.765821	10.182209	-5.000000	0.000000	0.000000	0.000000	1.000000	0.198814	0.206733	1.000000	1.000000	1.000000	1.000000	1.000000	0.000000	0.000000	0.000000	0.000000	1.000000	1.000000	1.000000	0.000000	1.000000	0.000000	0.000000	1.000000	1.000000	1.000000	1.000000	1.000000	1.000000	0.171222	0.171222	0.191198	0.408481	0.719661	1.000000	0.190624	0.190624	0.190624	1.000000	0.000000
0.054600	20.633716	0.000000	0.000000	0.000000	0.050000	0.000000	3.700000	34.208565	-10.000000	0.000000	-123.280043	10.018710	-5.000000	0.000000	0.000000	0.000000	1.000000	0.180047	0.187219	1.000000	1.000000	1.000000	1.000000	1.000000	0.000000	0.000000	0.000000	0.000000	1.000000	1.000000	1.000000	0.000000	1.000000	0.000000	0.000000	1.000000	1.000000	1.000000	1.000000	1.000000	1.000000	0.155060	0.155060	0.173150	0.369923	0.651731	1.000000	0.172631	0.172631	0.172631	1.000000	0.000000
0.059550	20.633716	0.000000	0.000000	0.000000	0.050000	0.000000	3.700000	33.943442	-10.000000	0.000000	-122.695999	9.831352	-5.000000	0.000000	0.000000	0.000000	1.000000	0.163052	0.169547	1.000000	1.000000	1.000000	1.000000	1.000000	0.000000	0.000000	0.000000	0.000000	1.000000	1.000000	1.000000	0.000000	1.000000	0.000000	0.000000	1.000000	1.000000	1.000000	1.000000	1.000000	1.000000	0.140424	0.140424	0.156806	0.335005	0.787905	1.000000	0.156336	0.156336	0.156336	1.000000	0.000000
0.064500	20.633716	0.000000	0.000000	0.000000	0.050000	0.000000	3.700000	33.687245	-10.000000	0.000000	-122.048808	9.653029	-5.000000	0.000000	0.000000	0.000000	1.000000	0.147661	0.153543	1.000000	1.000000	1.000000	1.000000	1.000000	0.000000	0.000000	0.000000	0.000000	1.000000	1.000000	1.000000	0.000000	1.000000	0.000000	0.000000	1.000000	1.000000	1.000000	1.000000	1.000000	1.000000	0.127169	0.127169	0.142005	0.303384	0.713533	1.000000	0.141579	0.141579	0.141579	1.000000	0.000000
0.069450	20.633716	0.000000	0.000000	0.000000	0.050000	0.000000	3.700000	33.437472	-10.000000	0.000000	-121.425361	9.610060	-5.000000	0.000000	0.000000	0.319603	1.000000	0.133723	0.139050	1.000000	1.000000	1.000000	1.000000	1.000000	0.000000	0.000000	0.321529	0.321529	1.000000	1.000000	1.000000	0.000000	1.000000	0.000000	0.000000	1.000000	1.000000	1.000000	1.000000	1.000000	1.000000	0.115165	0.115165	0.128601	0.274747	0.840342	1.000000	0.128215	0.128215	0.128215	1.000000	0.315785
0.074400	20.633716	0.000000	0.000000	0.000000	0.050000	0.000000	3.700000	33.219955	-10.000000	0.000000	-121.307281	9.913616	-5.000000	0.000000	0.000000	0.289435	1.000000	0.121101	0.125924	1.000000	1.000000	1.000000	1.000000	1.000000	0.000000	0.000000	0.291180	0.291180	1.000000	1.000000	1.000000	0.000000	1.000000	0.000000	0.000000	1.000000	1.000000	1.000000	1.000000	1.000000	1.000000	0.104294	0.104294	0.116462	0.248813	0.761020	1.000000	0.116113	0.116113	0.116113	1.000000	0.285977
0.079350	20.633716	0.000000	0.000000	0.000000	0.050000	0.000000	3.700000	32.988138	-10.000000	0.000000	-121.221162	10.170396	-5.000000	0.000000	0.000000	0.262115	1.000000	0.109670	0.114038	1.000000	1.000000	1.000000	1.000000	1.000000	0.000000	0.000000	0.263695	0.263695	1.000000	1.000000	1.000000	0.000000	1.000000	0.000000	0.000000	1.000000	1.000000	1.000000	1.000000	1.000000	1.000000	0.374705	0.374705	0.418420	0.902009	0.879878	1.000000	0.419046	0.419046	0.419046	1.000000	0.258983
0.084300	20.633716	0.000000	0.000000	0.000000	0.050000	0.000000	3.700000	32.757206	-10.000000	0.000000	-121.136794	10.218330	-5.000000	0.000000	0.000000	0.237373	1.000000	0.099318	0.103274	1.000000	1.000000	1.000000	1.000000	1.000000	0.000000	0.000000	0.238804	0.238804	1.000000	1.000000	1.000000	0.000000	1.000000	0.000000	0.000000	1.000000	1.000000	1.000000	1.000000	1.000000	1.000000	0.339336	0.339336	0.378925	0.816867	0.796825	1.000000	0.379491	0.379491	0.379491	1.000000	0.234537
0.089250	20.633716	0.000000	0.000000	0.000000	0.050000	0.000000	3.700000	32.528637	-10.000000	0.000000	-121.045462	10.214092	-5.000000	0.000000	0.000000	0.214967	1.000000	0.089943	0.093526	1.000000	1.000000	1.000000	1.000000	1.000000	0.000000	0.000000	0.216263	0.216263	1.000000	1.000000	1.000000	0.000000	1.000000	0.000000	0.000000	1.000000	1.000000	1.000000	1.000000	1.000000	1.000000	0.307305	0.307305	0.343157	0.739761	0.909459	1.000000	0.343670	0.343670	0.343670	1.000000	0.212399
0.094200	20.633716	0.000000	0.000000	0.000000	0.050000	0.000000	3.700000	32.305834	-10.000000	0.000000	-120.932446	10.176334	-5.000000	0.000000	0.000000	0.194676	1.000000	0.081453	0.084698	1.000000	1.000000	1.000000	1.000000	1.000000	0.000000	0.000000	0.195849	0.195849	1.000000	1.000000	1.000000	0.000000	1.000000	0.000000	0.000000	1.000000	1.000000	1.000000	1.000000	1.000000	1.000000	0.278298	0.278298	0.310766	0.669933	1.000000	1.000000	0.311230	0.311230	0.311230	1.000000	0.192350
0.099150	20.633716	0.000000	0.000000	0.000000	0.050000	0.000000	3.700000	32.088761	-10.000000	0.000000	-120.805622	10.150873	-5.000000	0.000000	0.000000	0.176300	1.000000	0.073765	0.076703	1.000000	1.000000	1.000000	1.000000	1.000000	0.000000	0.000000	0.177363	0.177363	1.000000	1.000000	1.000000	0.000000	1.000000	0.000000	0.000000	1.000000	1.000000	1.000000	1.000000	1.000000	1.000000	0.252029	0.252029	0.281432	0.606697	0.930364	1.000000	0.281853	0.281853	0.281853	1.000000	0.174194
0.104100	20.633716	0.000000	0.000000	0.000000	0.050000	0.000000	3.700000	31.877984	-10.000000	0.000000	-120.666103	10.127676	-5.000000	0.000000	0.000000	0.159659	1.000000	0.066802	0.069463	1.000000	1.000000	1.000000	1.000000	1.000000	0.000000	0.000000	0.160621	0.160621	1.000000	1.000000	1.000000	0.000000	1.000000	0.000000	0.000000	1.000000	1.000000	1.000000	1.000000	1.000000	1.000000	0.228239	0.228239	0.254867	0.549430	1.000000	1.000000	0.255248	0.255248	0.255248	1.000000	0.157751
0.109050	20.633716	0.000000	0.000000	0.000000	0.050000	0.000000	3.700000	31.672955	-10.000000	0.000000	-120.514194	10.109178	-5.000000	0.000000	0.000000	0.144588	1.000000	0.060496	0.062906	1.000000	1.000000	1.000000	1.000000	1.000000	0.000000	0.000000	0.145460	0.145460	1.000000	1.000000	1.000000	0.000000	1.000000	0.000000	0.000000	1.000000	1.000000	1.000000	1.000000	1.000000	1.000000	0.206695	0.206695	0.230810	0.497568	0.944212	1.000000	0.231155	0.231155	0.231155	1.000000	0.142861
0.114000	20.633716	0.000000	0.000000	0.000000	0.050000	0.000000	3.700000	31.472098	-10.000000	0.000000	-120.350273	10.112071	-5.000000	0.000000	0.000000	0.130940	1.000000	0.385128	0.056968	1.000000	1.000000	1.000000	1.000000	1.000000	0.000000	0.000000	0.131729	0.131729	1.000000	1.000000	1.000000	0.000000	1.000000	0.000000	0.000000	1.000000	1.000000	1.000000	1.000000	1.000000	1.000000	0.187185	0.187185	0.209023	0.450601	1.000000	1.000000	0.209336	0.209336	0.209336	1.000000	0.129376
0.118950	20.633716	0.000000	0.000000	0.000000	0.050000	0.000000	3.700000	31.275843	-10.000000	0.000000	-120.181593	10.144928	-5.000000	0.000000	0.000000	0.118580	1.000000	0.348775	0.051591	1.000000	1.000000	1.000000	1.000000	1.000000	0.000000	0.000000	0.119295	0.119295	1.000000	1.000000	1.000000	0.000000	1.000000	0.000000	0.000000	1.000000	1.000000	1.000000	1.000000	1.000000	1.000000	0.169516	0.169516	0.189293	0.408068	0.953404	1.000000	0.189576	0.189576	0.189576	1.000000	0.117164
0.123900	20.633716	0.000000	0.000000	0.000000	0.050000	0.000000	3.700000	31.081721	-10.000000	0.000000	-120.004292	10.232862	-5.000000	0.000000	0.000000	0.107387	1.000000	0.315854	0.046721	1.000000	1.000000	1.000000	1.000000	1.000000	0.000000	0.000000	0.108035	0.108035	1.000000	1.000000	1.000000	0.000000	1.000000	0.000000	0.000000	1.000000	1.000000	1.000000	1.000000	1.000000	1.000000	0.153515	0.153515	0.171425	0.369550	1.000000	1.000000	0.171681	0.171681	0.171681	1.000000	0.106105
0.128850	20.633716	0.000000	0.000000	0.000000	0.050000	0.000000	3.700000	30.886649	-10.000000	0.000000	-119.809184	10.403990	-5.000000	0.000000	0.000000	0.097251	1.000000	0.286040	0.042311	1.000000	1.000000	1.000000	1.000000	1.000000	0.000000	0.000000	0.097837	0.097837	1.000000	1.000000	1.000000	0.000000	1.000000	0.000000	0.000000	1.000000	1.000000	1.000000	1.000000	1.000000	1.000000	0.139025	0.139025	0.155244	0.334667	0.961482	1.000000	0.155476	0.155476	0.155476	1.000000	0.096089
0.133800	20.633716	0.000000	0.000000	0.000000	0.050000	0.000000	3.700000	30.687201	-10.000000	0.000000	-119.583506	10.685462	-5.000000	0.000000	0.000000	0.088071	1.000000	0.259040	0.038317	1.000000	1.000000	1.000000	1.000000	1.000000	0.000000	0.000000	0.088602	0.088602	1.000000	1.000000	1.000000	0.000000	1.000000	0.000000	0.000000	1.000000	1.000000	1.000000	1.000000	1.000000	1.000000	0.125902	0.125902	0.140590	0.303077	0.870726	1.000000	0.473134	0.470152	0.470152	1.000000	0.087019
0.138750	20.633716	0.000000	0.000000	0.000000	0.050000	0.000000	3.700000	30.480086	-10.000000	0.000000	-119.310988	11.076329	-5.000000	0.000000	0.000000	0.079758	1.000000	0.234588	0.034700	1.000000	1.000000	1.000000	1.000000	1.000000	0.000000	0.000000	0.080239	0.080239	1.000000	1.000000	1.000000	0.000000	1.000000	0.000000	0.000000	1.000000	1.000000	1.000000	1.000000	1.000000	1.000000	0.114018	0.114018	0.127320	0.274469	0.977517	1.000000	0.428474	0.425773	0.425773	1.000000	0.078805
0.143700	20.633716	0.000000	0.000000	0.000000	0.050000	0.000000	3.700000	30.264084	-10.000000	0.000000	-118.978042	11.554136	-5.000000	0.000000	0.000000	0.072229	1.000000	0.212445	0.031425	1.000000	1.000000	1.000000	1.000000	1.000000	0.000000	0.000000	0.072665	0.072665	1.000000	1.000000	1.000000	0.000000	1.000000	0.000000	0.000000	1.000000	1.000000	1.000000	1.000000	1.000000	1.000000	0.103255	0.103255	0.115302	0.248561	0.885247	1.000000	0.388029	0.385584	0.385584	1.000000	0.071367
0.148650	20.633716	0.000000	0.000000	0.000000	0.050000	0.000000	3.700000	30.040192	-10.000000	0.000000	-118.576693	12.084030	-5.000000	0.000000	0.000000	0.065412	1.000000	0.192392	0.028459	1.000000	1.000000	1.000000	1.000000	1.000000	0.000000	0.000000	0.065806	0.065806	1.000000	1.000000	1.000000	0.000000	1.000000	0.000000	0.000000	1.000000	1.000000	1.000000	1.000000	1.000000	1.000000	0.093509	0.093509	0.104418	0.225099	0.801687	1.000000	0.351402	0.349187	0.349187	1.000000	0.064630
0.153600	20.633716	0.000000	0.000000	0.000000	0.050000	0.000000	3.700000	29.806596	-10.000000	0.000000	-118.089852	12.638198	-5.000000	0.000000	0.000000	0.059237	1.000000	0.174232	0.025772	1.000000	1.000000	0.956279	1.000000	1.000000	0.000000	0.000000	0.059594	0.059594	1.000000	1.000000	1.000000	0.000000	1.000000	0.000000	0.000000	1.000000	1.000000	0.960240	1.000000	1.000000	1.000000	0.084682	0.084682	0.094562	0.203852	0.726014	1.000000	0.318233	0.316227	0.316227	1.000000	0.058530
0.158550	20.633716	0.000000	0.000000	0.000000	0.050000	0.000000	3.700000	29.563198	-10.000000	0.000000	-117.519144	13.206216	-5.000000	0.000000	0.000000	0.053646	1.000000	0.157786	0.023340	1.000000	1.000000	0.866013	1.000000	1.000000	0.000000	0.000000	0.053969	0.053969	1.000000	1.000000	1.000000	0.000000	1.000000	0.000000	0.000000	1.000000	1.000000	0.869601	1.000000	1.000000	1.000000	0.076689	0.076689	0.085636	0.184610	0.657484	1.000000	0.288194	0.286378	0.286378	1.000000	0.053005
0.163500	20.633716	0.000000	0.000000	0.000000	0.050000	0.000000	3.700000	29.307240	-10.000000	0.000000	-116.874798	13.781921	-5.000000	0.000000	0.000000	0.048582	1.000000	0.142892	0.021137	1.000000	1.000000	0.784269	0.972196	0.971088	0.000000	0.000000	0.048875	0.048875	1.000000	1.000000	1.000000	0.000000	0.975001	0.000000	0.000000	1.000000	1.000000	0.787517	1.000000	1.000000	1.000000	0.069450	0.069450	0.077553	0.167184	0.595423	0.962600	0.260991	0.259346	0.259346	0.962394	0.048002
0.168450	20.633716	0.000000	0.000000	0.000000	0.050000	0.000000	3.700000	29.033234	-10.000000	0.000000	-116.165075	14.359482	-5.000000	0.000000	0.000000	0.043996	1.000000	0.129404	0.019141	1.000000	1.000000	0.710240	0.880428	0.879425	0.000000	0.000000	0.044261	0.044261	1.000000	1.000000	1.000000	0.000000	0.882968	0.000000	0.000000	1.000000	1.000000	0.713182	1.000000	1.000000	1.000000	0.062895	0.062895	0.070232	0.151403	0.539220	0.871739	0.236355	0.234866	0.234866	0.871552	0.043471
0.173400	20.633716	0.000000	0.000000	0.000000	0.050000	0.000000	3.700000	28.726050	-10.000000	0.000000	-115.384130	14.931803	-5.000000	0.000000	0.000000	0.039843	1.000000	0.117189	0.017335	1.000000	1.000000	0.643199	0.797323	0.796414	0.000000	0.000000	0.040083	0.040083	1.000000	1.000000	1.000000	0.000000	0.799623	0.000000	0.000000	1.000000	1.000000	0.645863	1.000000	1.000000	1.000000	0.056958	0.056958	0.063603	0.137112	0.488322	0.789453	0.214045	0.212696	0.212696	0.789285	0.039367
0.178350	20.633716	0.000000	0.000000	0.000000	0.050000	0.000000	3.700000	28.386912	-10.000000	0.000000	-114.600603	14.932669	-5.000000	0.000000	0.000000	0.036082	1.000000	0.106128	0.015698	1.000000	1.000000	0.582486	0.722062	0.721239	0.000000	0.000000	0.036300	0.036300	1.000000	1.000000	1.000000	0.000000	0.724145	0.000000	0.000000	1.000000	1.000000	0.584899	1.000000	1.000000	1.000000	0.326830	0.326830	0.368676	0.776889	0.442228	0.714935	0.193841	0.192619	0.192619	0.714782	0.035651
0.183300	20.633716	0.000000	0.000000	0.000000	0.050000	0.000000	3.700000	28.019939	-10.000000	0.000000	-113.937912	14.652983	-5.000000	0.000000	0.000000	0.032677	1.000000	0.096110	0.014217	1.000000	1.000000	0.527504	0.653905	0.653160	0.000000	0.000000	0.032873	0.032873	1.000000	1.000000	1.000000	0.000000	0.655791	0.000000	0.000000	1.000000	1.000000	0.529689	1.000000	1.000000	1.000000	0.295980	0.295980	0.333876	0.703557	0.400485	0.647451	0.175544	0.174438	0.174438	0.647313	0.032286
0.188250	20.633716	0.000000	0.000000	0.000000	0.050000	0.000000	3.700000	27.587380	-10.000000	0.000000	-113.228577	14.231206	-5.000000	0.000000	0.000000	0.029592	1.000000	0.087038	0.012875	1.000000	1.000000	0.477712	0.592181	0.591507	0.000000	0.000000	0.029770	0.029770	1.000000	1.000000	1.000000	0.000000	0.593890	0.000000	0.000000	1.000000	1.000000	0.479691	1.000000	1.000000	1.000000	0.268041	0.268041	0.302361	0.637147	0.362683	0.586337	0.158974	0.157972	0.157972	0.586211	0.029239
0.193200	20.633716	0.000000	0.000000	0.000000	0.050000	0.000000	3.700000	27.070361	-10.000000	0.000000	-112.460127	13.745822	-5.000000	0.000000	0.000000	0.026799	1.000000	0.078822	0.011659	1.000000	1.000000	0.432620	0.536284	0.535673	0.000000	0.000000	0.026960	0.026960	1.000000	1.000000	1.000000	0.000000	0.537831	0.000000	0.000000	1.000000	1.000000	0.434412	1.000000	1.000000	1.000000	0.242740	0.242740	0.273820	0.577005	0.328448	0.530991	0.460703	0.459796	0.459796	0.530878	0.026479
0.198150	20.633716	0.000000	0.000000	0.000000	0.050000	0.000000	3.700000	26.449810	-10.000000	0.000000	-111.582968	13.089785	-5.000000	0.000000	0.000000	0.024269	1.000000	0.071382	0.010559	1.000000	1.000000	0.391784	0.485663	0.485110	0.000000	0.000000	0.024416	0.024416	1.000000	1.000000	1.000000	0.000000	0.487064	0.000000	0.000000	1.000000	1.000000	0.393407	1.000000	1.000000	1.000000	0.219828	0.219828	0.247974	0.522541	0.297445	0.480870	0.417217	0.416395	0.416395	0.480767	0.023979
0.203100	20.633716	0.000000	0.000000	0.000000	0.050000	0.000000	3.700000	25.707457	-10.000000	0.000000	-110.564567	12.258447	-5.000000	0.000000	0.000000	0.021978	1.000000	0.064644	0.009562	1.000000	1.000000	0.354802	0.439821	0.439319	0.000000	0.000000	0.022111	0.022111	1.000000	1.000000	1.000000	0.000000	0.441089	0.000000	0.000000	1.000000	1.000000	0.356272	1.000000	1.000000	1.000000	0.199078	0.199078	0.224567	0.473217	0.269369	0.435480	0.377835	0.377091	0.377091	0.435386	0.021716
0.208050	20.633716	0.000000	0.000000	0.000000	0.050000	0.000000	3.700000	24.828007	-10.000000	0.000000	-109.375904	11.188159	-5.000000	0.000000	0.000000	0.019904	1.000000	0.058542	0.008660	1.000000	1.000000	0.321312	0.398305	0.397851	0.000000	0.000000	0.020024	0.020024	1.000000	1.000000	1.000000	0.000000	0.399454	0.000000	0.000000	1.000000	1.000000	0.322643	1.000000	1.000000	1.000000	0.180286	0.180286	0.203370	0.428549	0.243943	0.394374	0.342170	0.341496	0.341496	0.394289	0.019666
0.213000	20.633716	0.000000	0.000000	0.000000	0.050000	0.000000	3.700000	23.802827	-10.000000	0.000000	-108.016325	9.828251	-5.000000	0.000000	0.000000	0.018025	1.000000	0.053016	0.007842	1.000000	1.000000	0.290983	0.360708	0.360297	0.000000	0.000000	0.018134	0.018134	1.000000	1.000000	1.000000	0.000000	0.361749	0.000000	0.000000	1.000000	1.000000	0.292188	1.000000	1.000000	1.000000	0.436047	0.436047	0.488776	1.000000	0.220916	0.357148	0.309872	0.309262	0.309262	0.357072	0.017810
0.217950	20.633716	0.000000	0.000000	0.000000	0.050000	0.000000	3.700000	22.633424	-10.000000	0.000000	-106.492618	8.102364	-5.000000	0.000000	0.000000	0.016324	1.000000	0.048012	0.007102	1.000000	1.000000	0.263516	0.326660	0.326288	0.000000	0.000000	0.016422	0.016422	1.000000	1.000000	1.000000	0.000000	0.327603	0.000000	0.000000	1.000000	1.000000	0.264608	1.000000	1.000000	1.000000	0.394888	0.394888	0.442639	0.944351	0.200064	0.323436	0.280623	0.280070	0.280070	0.323367	0.016129
0.222900	20.633716	0.000000	0.000000	0.000000	0.050000	0.000000	3.700000	21.283210	-10.000000	0.000000	-104.745559	6.037756	-5.000000	0.000000	0.000000	0.014783	1.000000	0.043480	0.006432	1.000000	1.000000	0.238642	0.295826	0.295489	0.000000	0.000000	0.014872	0.014872	1.000000	1.000000	1.000000	0.000000	0.296680	0.000000	0.000000	1.000000	1.000000	0.239631	1.000000	1.000000	1.000000	0.357613	0.357613	0.400858	0.855212	0.181179	0.292906	0.564277	0.561919	0.561919	0.292844	0.014606
0.227850	20.633716	0.000000	0.000000	0.000000	0.050000	0.000000	3.700000	19.761320	-10.000000	0.000000	-102.778676	3.680364	-5.000000	0.000000	0.000000	0.013387	1.000000	0.039376	0.005824	1.000000	1.000000	0.216116	0.267902	0.267597	0.000000	0.000000	0.013468	0.013468	1.000000	1.000000	1.000000	0.000000	0.268675	0.000000	0.000000	1.000000	1.000000	0.217012	1.000000	1.000000	1.000000	0.323858	0.323858	0.363020	0.774486	0.164077	0.265258	0.511014	0.508878	0.508878	0.265202	0.013228
0.232800	20.633716	0.000000	0.000000	0.000000	0.050000	0.000000	3.700000	18.045257	-10.000000	0.000000	-100.533665	1.014051	-5.000000	0.000000	0.000000	0.012124	1.000000	0.035659	0.005275	1.000000	1.000000	0.195717	0.242615	0.242338	0.000000	0.000000	0.012197	0.012197	1.000000	1.000000	1.000000	0.000000	0.243315	0.000000	0.000000	1.000000	1.000000	0.196527	1.000000	1.000000	1.000000	0.293288	0.293288	0.328754	0.701381	0.148590	0.240220	0.462778	0.460844	0.460844	0.240169	0.011979
0.237750	20.633716	0.000000	0.000000	0.000000	0.050000	0.000000	3.700000	16.130103	-10.000000	0.000000	-98.028915	-1.946187	-5.000000	0.000000	0.000000	0.010979	1.000000	0.032293	0.004777	1.000000	1.000000	0.177243	0.219714	0.219463	0.000000	0.000000	0.011046	0.011046	1.000000	1.000000	1.000000	0.000000	0.220348	0.000000	0.000000	1.000000	1.000000	0.177977	1.000000	1.000000	1.000000	0.555276	0.555276	0.621189	1.000000	0.134564	0.217545	0.419096	0.417344	0.417344	0.217499	0.010848
0.242700	20.633716	0.000000	0.000000	0.000000	0.050000	0.000000	3.700000	14.017822	-10.000000	0.000000	-95.292337	-5.384547	-5.000000	0.000000	0.000000	0.009943	1.000000	0.029245	0.004326	1.000000	1.000000	0.160512	0.198974	0.198748	0.000000	0.000000	0.010003	0.010003	1.000000	1.000000	1.000000	0.000000	0.199548	0.000000	0.000000	1.000000	1.000000	0.161177	1.000000	1.000000	1.000000	0.502862	0.502862	0.562554	1.000000	0.121862	0.197011	0.379537	0.377950	0.377950	0.196968	0.009824
0.247650	20.633716	0.000000	0.000000	0.000000	0.050000	0.000000	3.700000	11.701920	-10.000000	0.000000	-92.310646	-9.329664	-5.000000	0.000000	0.000000	0.009004	1.000000	0.026484	0.003918	1.000000	1.000000	0.145361	0.180193	0.179987	0.000000	0.000000	0.009059	0.009059	1.000000	1.000000	1.000000	0.000000	0.180713	0.000000	0.000000	1.000000	1.000000	0.145963	1.000000	1.000000	1.000000	0.455396	0.455396	0.509453	1.000000	0.110359	0.178414	0.343711	0.342275	0.342275	0.178376	0.008897
0.252600	20.633716	0.000000	0.000000	0.000000	0.050000	0.000000	3.700000	9.047899	-10.000000	0.000000	-91.488286	-13.107367	-5.000000	0.000000	0.000000	0.008155	1.000000	0.023985	0.003548	1.000000	1.000000	0.131640	0.163184	0.162998	0.000000	0.000000	0.008204	0.008204	1.000000	1.000000	1.000000	0.000000	0.163655	0.000000	0.000000	1.000000	1.000000	0.132186	1.000000	1.000000	1.000000	0.412410	0.412410	0.461365	0.991221	0.099942	0.161573	0.311268	0.309967	0.309967	0.161539	0.008057
0.257550	20.633716	0.000000	0.000000	0.000000	0.050000	0.000000	3.700000	4.889873	-10.000000	0.000000	-91.484592	-16.550120	-5.000000	0.000000	0.000000	0.007385	1.000000	0.021721	0.003213	1.000000	1.000000	0.119215	0.147781	0.147612	0.000000	0.000000	0.007429	0.007429	1.000000	1.000000	1.000000	0.000000	0.148207	0.000000	0.000000	1.000000	1.000000	0.119708	1.000000	1.000000	1.000000	0.373482	0.373482	0.417816	0.897658	0.090509	0.146322	0.592030	0.590852	0.590852	0.146291	0.007297
0.262500	20.633716	0.000000	0.000000	0.000000	0.050000	0.000000	3.700000	-1.057136	-10.000000	0.000000	-91.218463	-20.707465	-5.000000	0.000000	0.000000	0.006688	1.000000	0.019670	0.002910	1.000000	1.000000	0.107962	0.133831	0.133679	0.000000	0.000000	0.006728	0.006728	1.000000	1.000000	1.000000	0.000000	0.134218	0.000000	0.000000	1.000000	1.000000	0.108409	1.000000	1.000000	1.000000	0.338228	0.338228	0.378377	0.812926	0.081965	0.132511	0.536147	0.535080	0.535080	0.132482	0.006608
0.267450	20.633716	0.000000	0.000000	0.000000	0.050000	0.000000	3.700000	-8.500000	-10.000000	0.000000	-91.479025	-25.758101	-5.000000	0.000000	0.000000	0.006056	1.000000	0.017814	0.002635	1.000000	1.000000	0.097771	0.121199	0.121061	0.000000	0.000000	0.006093	0.006093	1.000000	1.000000	1.000000	0.000000	0.121548	0.000000	0.000000	1.000000	1.000000	0.098176	1.000000	1.000000	1.000000	0.306302	0.306302	0.342661	0.736192	0.074228	0.120003	0.485539	0.484573	0.484573	0.119977	0.005984
0.272400	20.633716	0.000000	0.000000	0.000000	0.050000	0.000000	3.700000	-8.557784	-10.000000	0.000000	-91.113812	-28.700344	-5.000000	0.000000	0.000000	0.005485	1.000000	0.016132	0.002386	1.000000	1.000000	0.088542	0.109759	0.109634	0.000000	0.000000	0.005518	0.005518	1.000000	1.000000	1.000000	0.000000	0.110075	0.000000	0.000000	1.000000	1.000000	0.088909	1.000000	1.000000	1.000000	0.277390	0.277390	0.310317	0.666702	0.067222	0.108675	0.439708	0.438833	0.438833	0.108652	0.005419
0.277350	20.633716	0.000000	0.000000	0.000000	0.050000	0.000000	3.700000	-8.500000	-10.000000	0.000000	-91.401315	-33.238045	-5.000000	0.000000	0.000000	0.004967	1.000000	0.014609	0.002161	1.000000	1.000000	0.080184	0.099398	0.099285	0.000000	0.000000	0.004997	0.004997	1.000000	1.000000	1.000000	0.000000	0.099685	0.000000	0.000000	1.000000	1.000000	0.080517	1.000000	1.000000	1.000000	0.251206	0.251206	0.281025	0.603770	0.060877	0.098417	0.398203	0.397411	0.397411	0.098396	0.004908
0.282300	20.633716	0.000000	0.000000	0.000000	0.050000	0.000000	3.700000	-8.835791	-10.000000	0.000000	-91.468916	-33.576927	-5.000000	0.000000	0.000000	0.004498	1.000000	0.013230	0.001957	1.000000	1.000000	0.072616	0.090016	0.089913	0.000000	0.000000	0.004525	0.004525	1.000000	1.000000	1.000000	0.000000	0.090276	0.000000	0.000000	1.000000	1.000000	0.072916	1.000000	1.000000	1.000000	0.227495	0.227495	0.584841	0.546779	0.055130	0.089127	0.360616	0.359898	0.359898	0.089108	0.004444
0.287250	20.633716	0.000000	0.000000	0.000000	0.050000	0.000000	3.700000	-8.624241	-10.000000	0.000000	-91.464837	-33.983175	-5.000000	0.000000	0.000000	0.004074	1.000000	0.011982	0.001772	1.000000	1.000000	0.065761	0.081519	0.081426	0.000000	0.000000	0.004098	0.004098	1.000000	1.000000	1.000000	0.000000	0.081754	0.000000	0.000000	1.000000	1.000000	0.066034	1.000000	1.000000	1.000000	0.206021	0.206021	0.529637	0.495168	0.049927	0.080715	0.326577	0.325927	0.325927	0.080697	0.004025
0.292200	20.633716	0.000000	0.000000	0.000000	0.050000	0.000000	3.700000	-8.514123	-10.000000	0.000000	-91.353121	-33.500000	-5.000000	0.000000	0.000000	0.003689	1.000000	0.010851	0.001605	1.000000	1.000000	0.059554	0.073824	0.073740	0.000000	0.000000	0.003711	0.003711	1.000000	1.000000	1.000000	0.000000	0.074037	0.000000	0.000000	1.000000	1.000000	0.059801	1.000000	1.000000	1.000000	0.186574	0.186574	0.479643	0.448428	0.045214	0.073096	0.295750	0.295162	0.295162	0.073080	0.003645
0.297150	20.633716	0.000000	0.000000	0.000000	0.050000	0.000000	3.700000	-8.933804	-10.000000	0.000000	-91.151399	-33.703867	-5.000000	0.000000	0.000000	0.003341	1.000000	0.009826	0.001454	1.000000	1.000000	0.053933	0.066856	0.066780	0.000000	0.000000	0.003361	0.003361	1.000000	1.000000	1.000000	0.000000	0.067049	0.000000	0.000000	1.000000	1.000000	0.054156	1.000000	1.000000	1.000000	0.168963	0.168963	0.434369	0.406100	0.040946	0.066196	0.267834	0.267301	0.267301	0.066182	0.003301
0.302100	20.633716	0.000000	0.000000	0.000000	0.050000	0.000000	3.700000	-8.701865	-10.000000	0.000000	-91.500000	-33.500000	-5.000000	0.000000	0.000000	0.003026	1.000000	0.008899	0.001316	1.000000	1.000000	0.381175	0.392879	0.392810	0.000000	0.000000	0.003044	0.003044	1.000000	1.000000	1.000000	0.000000	0.393053	0.000000	0.000000	1.000000	1.000000	0.381377	1.000000	1.000000	1.000000	0.445309	0.153014	0.393368	0.367767	0.242031	0.391284	0.242552	0.242070	0.242070	0.391271	0.002989
0.307050	20.633716	0.000000	0.000000	0.000000	0.050000	0.000000	3.700000	-8.551859	-10.000000	0.000000	-91.457039	-33.721313	-5.000000	0.000000	0.000000	0.331103	1.000000	0.328624	0.001192	1.000000	1.000000	0.345195	0.355794	0.355731	0.000000	0.000000	0.002756	0.327197	1.000000	1.000000	1.000000	0.000000	0.355952	0.000000	0.000000	1.000000	1.000000	0.345378	1.000000	1.000000	1.000000	0.403276	0.138571	0.356237	0.333053	0.219186	0.354350	0.219657	0.219220	0.219220	0.354338	0.318492
0.312000	20.633716	0.000000	0.000000	0.000000	0.050000	0.000000	3.700000	-8.500000	-10.000000	0.000000	-91.337169	-33.500000	-5.000000	0.000000	0.000000	0.299850	1.000000	0.297604	0.001080	1.000000	1.000000	0.312611	0.322210	0.322153	0.000000	0.000000	0.002496	0.296312	1.000000	1.000000	1.000000	0.000000	0.322353	0.000000	0.000000	1.000000	1.000000	0.312777	1.000000	1.000000	1.000000	0.365210	0.125491	0.322611	0.301615	0.198496	0.320902	0.198924	0.198528	0.198528	0.320892	0.288429
0.316950	20.633716	0.000000	0.000000	0.000000	0.050000	0.000000	3.700000	-8.772516	-10.000000	0.000000	-91.148505	-33.736724	-5.000000	0.000000	0.000000	0.271546	1.000000	0.269513	0.318666	1.000000	1.000000	0.590464	0.599156	0.598183	0.000000	0.000000	0.325728	0.268343	1.000000	1.000000	1.000000	0.000000	0.599286	0.000000	0.000000	1.000000	1.000000	0.590614	1.000000	1.000000	1.000000	0.330737	0.113646	0.292159	0.273145	0.368741	0.596131	0.180147	0.179788	0.179788	0.596121	0.261204
0.321900	20.633716	0.000000	0.000000	0.000000	0.050000	0.000000	3.700000	-8.511871	-10.000000	0.000000	-91.500000	-33.500000	-5.000000	0.000000	0.000000	0.245914	1.000000	0.244073	0.288586	1.000000	1.000000	0.534729	0.542601	0.541719	0.000000	0.000000	0.294982	0.243013	1.000000	1.000000	1.000000	0.000000	0.542718	0.000000	0.000000	1.000000	1.000000	0.534865	1.000000	1.000000	1.000000	0.299518	0.102918	0.264582	0.247362	0.333934	0.539861	0.163142	0.162818	0.162818	0.539852	0.236548
0.326850	20.633716	0.000000	0.000000	0.000000	0.050000	0.000000	3.700000	-8.544401	-10.000000	0.000000	-91.461494	-33.714269	-5.000000	0.000000	0.000000	0.222702	1.000000	0.221034	0.261346	1.000000	1.000000	0.788857	0.795986	0.795188	0.000000	0.000000	0.267138	0.220075	1.000000	1.000000	1.000000	0.000000	0.796092	0.000000	0.000000	1.000000	1.000000	0.788980	1.000000	1.000000	1.000000	0.271246	0.093204	0.239607	0.224013	0.490262	0.792591	0.147743	0.147449	0.147449	0.792583	0.214220
0.331800	20.633716	0.000000	0.000000	0.000000	0.050000	0.000000	3.700000	-8.594367	-10.000000	0.000000	-91.354112	-33.500000	-5.000000	0.000000	0.000000	0.201681	1.000000	0.200170	0.236677	1.000000	1.000000	1.000000	1.000000	1.000000	0.000000	0.000000	0.241922	0.199301	1.000000	1.000000	1.000000	0.000000	1.000000	0.000000	0.000000	1.000000	1.000000	1.000000	1.000000	1.000000	1.000000	0.245642	0.084406	0.216990	0.202868	0.648321	1.000000	0.133797	0.133531	0.133531	1.000000	0.193999
0.336750	20.633716	0.000000	0.000000	0.000000	0.050000	0.000000	3.700000	-8.657737	-10.000000	0.000000	-91.191036	-33.692914	-5.000000	0.000000	0.000000	0.182644	1.000000	0.181276	0.214337	1.000000	1.000000	0.947023	0.952869	0.952215	0.000000	0.000000	0.219087	0.180489	1.000000	1.000000	1.000000	0.000000	0.952957	0.000000	0.000000	1.000000	1.000000	0.948027	1.000000	1.000000	1.000000	0.222456	0.076439	0.196508	0.183719	0.587125	0.949185	0.121168	0.120927	0.120927	0.949178	0.175687
0.341700	20.633716	0.000000	0.000000	0.000000	0.050000	0.000000	3.700000	-8.731349	-10.000000	0.000000	-91.500000	-33.500000	-5.000000	0.000000	0.000000	0.165404	1.000000	0.164165	0.194105	1.000000	1.000000	1.000000	1.000000	1.000000	0.000000	0.000000	0.198407	0.163452	1.000000	1.000000	1.000000	0.000000	1.000000	0.000000	0.000000	1.000000	1.000000	1.000000	1.000000	1.000000	1.000000	0.201458	0.069224	0.177959	0.166378	0.733599	1.000000	0.109731	0.109512	0.109512	1.000000	0.159104
0.346650	20.633716	0.000000	0.000000	0.000000	0.050000	0.000000	3.700000	-8.810577	-10.000000	0.000000	-91.193344	-33.677467	-5.000000	0.000000	0.000000	0.149791	1.000000	0.148669	0.175783	1.000000	1.000000	1.000000	1.000000	1.000000	0.000000	0.000000	0.179679	0.148024	1.000000	1.000000	1.000000	0.000000	1.000000	0.000000	0.000000	1.000000	1.000000	1.000000	1.000000	1.000000	1.000000	0.182442	0.062689	0.161161	0.150673	0.664353	1.000000	0.099373	0.099175	0.099175	1.000000	0.144086
0.351600	20.633716	0.000000	0.000000	0.000000	0.050000	0.000000	3.700000	-8.904547	-10.000000	0.000000	-91.000546	-33.662650	-5.000000	0.000000	0.000000	0.135652	1.000000	0.134636	0.159191	1.000000	1.000000	1.000000	1.000000	1.000000	0.000000	0.000000	0.162718	0.134051	1.000000	1.000000	1.000000	0.000000	1.000000	0.000000	0.000000	1.000000	1.000000	1.000000	1.000000	1.000000	1.000000	0.165220	0.056772	0.145949	0.136450	0.800528	1.000000	0.089993	0.089814	0.089814	1.000000	0.130485
0.356550	20.633716	0.000000	0.000000	0.000000	0.050000	0.000000	3.700000	-8.906135	-10.000000	0.000000	-91.216255	-33.647152	-5.000000	0.000000	0.000000	0.122847	1.000000	0.121927	0.144164	1.000000	1.000000	1.000000	1.000000	1.000000	0.000000	0.000000	0.147359	0.121398	1.000000	1.000000	1.000000	0.000000	1.000000	0.000000	0.000000	1.000000	1.000000	1.000000	1.000000	1.000000	1.000000	0.149625	0.051413	0.132173	0.123571	0.724964	1.000000	0.081498	0.081336	0.081336	1.000000	0.118168
0.361500	20.633716	0.000000	0.000000	0.000000	0.050000	0.000000	3.700000	-8.808779	-10.000000	0.000000	-91.470958	-33.500000	-5.000000	0.000000	0.000000	0.111251	0.973134	0.110418	0.130556	0.971210	0.971488	1.000000	1.000000	1.000000	0.000000	0.000000	0.133450	0.109939	0.971651	0.971488	0.971488	0.000000	1.000000	0.000000	0.000000	0.971201	0.971488	1.000000	0.971488	0.971488	0.971488	0.135502	0.046560	0.119697	0.111907	0.851278	1.000000	0.073805	0.073659	0.073659	1.000000	0.107014
0.366450	20.633716	0.000000	0.000000	0.000000	0.050000	0.000000	3.700000	-8.793081	-10.000000	0.000000	-91.043337	-33.608869	-5.000000	0.000000	0.000000	0.100750	0.881278	0.099996	0.118233	0.879535	0.879787	1.000000	1.000000	1.000000	0.000000	0.000000	0.120853	0.099562	0.879935	0.879787	0.879787	0.000000	1.000000	0.000000	0.000000	0.879528	0.879787	1.000000	0.879787	0.879787	0.879787	0.122711	0.042165	0.108398	0.101343	0.770924	1.000000	0.066839	0.066706	0.066706	1.000000	0.096913
0.371400	20.633716	0.000000	0.000000	0.000000	0.050000	0.000000	3.700000	-8.577341	-10.000000	0.000000	-91.393168	-33.583746	-5.000000	0.000000	0.000000	0.409884	0.798092	0.407292	0.431513	0.796514	0.796742	1.000000	1.000000	1.000000	0.000000	0.000000	0.109445	0.407852	0.796876	0.796742	0.796742	0.000000	1.000000	0.000000	0.000000	0.796507	0.796742	1.000000	0.796742	0.796742	0.796742	0.111128	0.038185	0.098166	0.091777	0.889421	1.000000	0.060530	0.060409	0.060409	1.000000	0.403550
0.376350	20.633716	0.000000	0.000000	0.000000	0.050000	0.000000	3.700000	-8.500000	-10.000000	0.000000	-91.119233	-33.583661	-5.000000	0.000000	0.000000	0.371195	0.722759	0.368847	0.390782	0.721330	0.721536	1.000000	1.000000	1.000000	0.000000	0.000000	0.099115	0.369354	0.721657	0.721536	0.721536	0.000000	1.000000	0.000000	0.000000	0.721323	0.721536	1.000000	0.721536	0.721536	0.721536	0.100639	0.034581	0.088900	0.083114	0.805467	1.000000	0.054816	0.054707	0.054707	1.000000	0.365458
0.381300	20.633716	0.000000	0.000000	0.000000	0.050000	0.000000	3.700000	-8.676298	-10.000000	0.000000	-91.017577	-33.756541	-5.000000	0.000000	0.000000	0.336157	0.654536	0.334031	0.353895	0.653242	0.653429	1.000000	1.000000	1.000000	0.000000	0.000000	0.400836	0.334490	0.653539	0.653429	0.653429	0.000000	1.000000	0.000000	0.000000	0.653236	0.653429	1.000000	0.653429	0.653429	0.653429	0.091139	0.031317	0.080509	0.075269	0.916722	1.000000	0.049642	0.049543	0.049543	1.000000	0.330962
0.386250	20.633716	0.000000	0.000000	0.000000	0.050000	0.000000	3.700000	-8.869309	-10.000000	0.000000	-91.416589	-33.559326	-5.000000	0.000000	0.000000	0.304426	0.592753	0.302501	0.320490	0.591581	0.591750	1.000000	1.000000	1.000000	0.000000	0.000000	0.363000	0.302917	0.591850	0.591750	0.591750	0.000000	1.000000	0.000000	0.000000	0.591576	0.591750	1.000000	0.591750	0.591750	0.591750	0.082536	0.028361	0.072909	0.068164	1.000000	1.000000	0.044956	0.044867	0.044867	1.000000	0.299722
0.391200	20.633716	0.000000	0.000000	0.000000	0.050000	0.000000	3.700000	-8.889312	-10.000000	0.000000	-91.319657	-32.976158	-5.000000	0.000000	0.000000	0.275691	0.536802	0.273947	0.290238	0.535740	0.535894	1.000000	1.000000	1.000000	0.000000	0.000000	0.328736	0.274324	0.535984	0.535894	0.535894	0.000000	1.000000	0.000000	0.000000	0.535736	0.535894	1.000000	0.535894	0.535894	0.535894	0.074746	0.025684	0.066027	0.061730	0.935767	1.000000	0.040713	0.040632	0.040632	1.000000	0.271430
0.396150	20.633716	0.000000	0.000000	0.000000	0.050000	0.000000	3.700000	-8.796865	-10.000000	0.000000	-91.029275	-32.143072	-5.000000	0.000000	0.000000	0.249668	0.486132	0.248089	0.262842	0.485171	0.485310	1.000000	1.000000	1.000000	0.000000	0.000000	0.297706	0.248430	0.485391	0.485310	0.485310	0.000000	1.000000	0.000000	0.000000	0.485167	0.485310	1.000000	0.485310	0.485310	0.485310	0.067690	0.023259	0.059795	0.055903	1.000000	1.000000	0.036870	0.036796	0.036796	1.000000	0.245809
0.401100	20.633716	0.000000	0.000000	0.000000	0.050000	0.000000	3.700000	-8.576234	-10.000000	0.000000	-91.385377	-32.618647	-5.000000	0.000000	0.000000	0.226101	0.440245	0.224671	0.238032	0.439374	0.439500	1.000000	1.000000	1.000000	0.000000	0.000000	0.269605	0.224980	0.439574	0.439500	0.439500	0.000000	1.000000	0.000000	0.000000	0.439371	0.439500	1.000000	0.439500	0.439500	0.439500	0.061301	0.021064	0.054151	0.050626	0.948099	1.000000	0.033390	0.033323	0.033323	1.000000	0.222607
0.406050	20.633716	0.000000	0.000000	0.000000	0.050000	0.000000	3.700000	-8.803453	-10.000000	0.000000	-91.480461	-29.642137	-5.000000	0.000000	0.000000	0.204759	0.398689	0.203464	0.215564	0.397901	0.398015	1.000000	1.000000	1.000000	0.000000	0.000000	0.244156	0.203744	0.398082	0.398015	0.398015	0.000000	1.000000	0.000000	0.000000	0.397898	0.398015	1.000000	0.398015	0.398015	0.398015	0.055514	0.019076	0.049039	0.045848	1.000000	1.000000	0.030238	0.030178	0.030178	1.000000	0.201595
0.411000	20.633716	0.000000	0.000000	0.000000	0.050000	0.000000	3.700000	-8.867545	-10.000000	0.000000	-91.500000	-28.435137	-5.000000	0.000000	0.000000	0.185431	0.361056	0.184259	0.195216	0.360342	0.360446	1.000000	1.000000	1.000000	0.000000	0.000000	0.221110	0.184512	0.360506	0.360446	0.360446	0.000000	1.000000	0.000000	0.000000	0.360339	0.360446	1.000000	0.360446	0.360446	0.360446	0.050274	0.017275	0.044410	0.041520	0.954986	1.000000	0.027384	0.027329	0.027329	1.000000	0.182566
0.415950	20.633716	0.000000	0.000000	0.000000	0.050000	0.000000	3.700000	-8.618063	-10.000000	0.000000	-91.134080	-26.106548	-5.000000	0.000000	0.000000	0.167928	0.326975	0.499199	0.176789	0.326329	0.326422	1.000000	1.000000	1.000000	0.000000	0.000000	0.200239	0.167096	0.326477	0.326422	0.326422	0.000000	1.000000	0.000000	0.000000	0.326326	0.326422	1.000000	0.326422	0.326422	0.326422	0.045529	0.015644	0.040218	0.037601	1.000000	1.000000	0.024799	0.024749	0.024749	1.000000	0.487830
0.420900	20.633716	0.000000	0.000000	0.000000	0.050000	0.000000	3.700000	-8.864158	-10.000000	0.000000	-91.256457	-25.655418	-5.000000	0.000000	0.000000	0.152077	0.296112	0.452079	0.160102	0.295526	0.295611	1.000000	1.000000	1.000000	0.000000	0.000000	0.181338	0.151323	0.295660	0.295611	0.295611	0.000000	1.000000	0.000000	0.000000	0.295523	0.295611	1.000000	0.295611	0.295611	0.295611	0.041231	0.014168	0.036422	0.034052	0.957465	1.000000	0.022458	0.022413	0.022413	1.000000	0.441783
0.425850	20.633716	0.000000	0.000000	0.000000	0.050000	0.000000	3.700000	-8.816727	-10.000000	0.000000	-91.397006	-23.522277	-5.000000	0.000000	0.000000	0.450674	0.268161	0.409406	0.458883	0.267631	0.267707	1.000000	1.000000	1.000000	0.000000	0.000000	0.488661	0.449991	0.267752	0.267707	0.267707	0.000000	1.000000	0.000000	0.000000	0.267628	0.267707	1.000000	0.267707	0.267707	0.267707	0.037339	0.012830	0.032984	0.030837	1.000000	1.000000	0.020338	0.020298	0.020298	1.000000	0.400082
0.430800	20.633716	0.000000	0.000000	0.000000	0.050000	0.000000	3.700000	-8.592320	-10.000000	0.000000	-91.430460	-20.479411	-5.000000	0.000000	0.000000	0.408134	0.242849	0.370762	0.415568	0.242369	0.242438	1.000000	1.000000	1.000000	0.000000	0.000000	0.442536	0.407515	0.242479	0.242438	0.242438	0.000000	1.000000	0.000000	0.000000	0.242366	0.242438	1.000000	0.242438	0.242438	0.242438	0.033815	0.011619	0.029871	0.027927	1.000000	1.000000	0.018418	0.018382	0.018382	1.000000	0.362317
0.435750	20.633716	0.000000	0.000000	0.000000	0.050000	0.000000	3.700000	-8.326132	-10.000000	0.000000	-91.868808	-17.809541	-5.000000	0.000000	0.000000	0.369609	0.219926	0.335765	0.376342	0.219491	0.219554	1.000000	1.000000	1.000000	0.000000	0.000000	0.400764	0.369049	0.219591	0.219554	0.219554	0.000000	1.000000	0.000000	0.000000	0.219489	0.219554	1.000000	0.219554	0.219554	0.219554	0.030623	0.010522	0.027051	0.025291	1.000000	1.000000	0.016680	0.016647	0.016647	1.000000	0.328117
0.440700	20.633716	0.000000	0.000000	0.000000	0.050000	0.000000	3.700000	-7.931008	-10.000000	0.000000	-92.436230	-14.922183	-5.000000	0.000000	0.000000	0.334721	0.199166	0.304071	0.340818	0.198773	0.198830	1.000000	1.000000	1.000000	0.000000	0.000000	0.362935	0.334214	0.198863	0.198830	0.198830	0.000000	1.000000	0.000000	0.000000	0.198771	0.198830	1.000000	0.198830	0.198830	0.198830	0.027732	0.009529	0.024498	0.022903	1.000000	1.000000	0.015105	0.015075	0.015075	1.000000	0.297146
0.445650	20.633716	0.000000	0.000000	0.000000	0.050000	0.000000	3.700000	-7.360590	-10.000000	0.000000	-93.169594	-11.861051	-5.000000	0.000000	0.000000	0.303126	0.180367	0.275369	0.308647	0.180010	0.180062	1.000000	1.000000	1.000000	0.000000	0.000000	0.328677	0.302667	0.180092	0.180062	0.180062	0.000000	1.000000	0.000000	0.000000	0.180009	0.180062	1.000000	0.180062	0.180062	0.180062	0.025115	0.008630	0.022185	0.020741	1.000000	1.000000	0.013680	0.013652	0.013652	1.000000	0.269098
0.450600	20.633716	0.000000	0.000000	0.000000	0.050000	0.000000	3.700000	-6.584114	-10.000000	0.000000	-94.099504	-8.661811	-5.000000	0.000000	0.000000	0.274513	0.163342	0.249377	0.279514	0.163019	0.163065	1.000000	1.000000	1.000000	0.000000	0.000000	0.297652	0.274097	0.163093	0.163065	0.163065	0.000000	1.000000	0.000000	0.000000	0.163017	0.163065	1.000000	0.163065	0.163065	0.163065	0.022744	0.007815	0.020091	0.018784	1.000000	1.000000	0.012388	0.012364	0.012364	1.000000	0.243697
0.455550	20.633716	0.000000	0.000000	0.000000	0.050000	0.000000	3.700000	-5.587579	-10.000000	0.000000	-95.236560	-5.330452	-5.000000	0.000000	0.000000	0.248601	0.147923	0.225837	0.253130	0.147631	0.147673	1.000000	1.000000	1.000000	0.000000	0.000000	0.269556	0.248225	0.147698	0.147673	0.147673	0.000000	1.000000	0.000000	0.000000	0.147630	0.147673	1.000000	0.147673	0.147673	0.147673	0.020597	0.007077	0.018195	0.017011	1.000000	1.000000	0.011219	0.011197	0.011197	1.000000	0.220694
0.460500	20.633716	0.000000	0.000000	0.000000	0.050000	0.000000	3.700000	-4.368563	-10.000000	0.000000	-96.583943	-1.873770	-5.000000	0.000000	0.000000	0.225135	0.133961	0.204520	0.229236	0.133696	0.133734	1.000000	1.000000	1.000000	0.000000	0.000000	0.244112	0.224794	0.133756	0.133734	0.133734	0.000000	1.000000	0.000000	0.000000	0.133695	0.133734	1.000000	0.133734	0.133734	0.133734	0.018653	0.006409	0.016477	0.015405	1.000000	1.000000	0.010160	0.010140	0.010140	1.000000	0.199862
0.465450	20.633716	0.000000	0.000000	0.000000	0.050000	0.000000	3.700000	-2.940704	-10.000000	0.000000	-98.126377	1.699112	-5.000000	0.000000	0.000000	0.203884	0.121316	0.185215	0.207598	0.121076	0.121111	1.000000	1.000000	1.000000	0.000000	0.000000	0.221070	0.203575	0.121131	0.121111	0.121111	0.000000	1.000000	0.000000	0.000000	0.121075	0.121111	1.000000	0.121111	0.121111	0.121111	0.016892	0.005804	0.014922	0.013951	1.000000	1.000000	0.009201	0.009183	0.009183	1.000000	0.489282
0.470400	20.633716	0.000000	0.000000	0.000000	0.050000	0.000000	3.700000	-1.302131	-10.000000	0.000000	-99.864666	5.404759	-5.000000	0.000000	0.000000	0.184639	0.109865	0.167732	0.188003	0.109647	0.109679	1.000000	1.000000	1.000000	0.000000	0.000000	0.200203	0.184360	0.109697	0.109679	0.109679	0.000000	1.000000	0.000000	0.000000	0.109646	0.109679	1.000000	0.109679	0.109679	0.109679	0.015298	0.005257	0.013513	0.012634	1.000000	1.000000	0.008332	0.008316	0.008316	1.000000	0.443098
0.475350	20.633716	0.000000	0.000000	0.000000	0.050000	0.000000	3.700000	0.557031	-10.000000	0.000000	-101.806564	9.254071	-5.000000	0.000000	0.000000	0.167211	0.099494	0.151900	0.170257	0.099297	0.099326	1.000000	1.000000	1.000000	0.000000	0.000000	0.181305	0.166957	0.099343	0.099326	0.099326	0.000000	1.000000	0.000000	0.000000	0.099297	0.099326	1.000000	0.099326	0.099326	0.099326	0.013854	0.004760	0.012238	0.011441	1.000000	1.000000	0.007546	0.007531	0.007531	1.000000	0.401273
0.480300	20.633716	0.000000	0.000000	0.000000	0.050000	0.000000	3.700000	2.623859	-10.000000	0.000000	-103.930291	13.244809	-5.000000	0.000000	0.000000	0.151427	0.090103	0.137562	0.154186	0.089925	0.089950	1.000000	1.000000	1.000000	0.000000	0.000000	0.164191	0.151198	0.089965	0.089950	0.089950	0.000000	1.000000	0.000000	0.000000	0.089924	0.089950	1.000000	0.089950	0.089950	0.089950	0.012546	0.004311	0.011083	0.010361	1.000000	1.000000	0.006834	0.006820	0.006820	1.000000	0.363396
0.485250	20.633716	0.000000	0.000000	0.000000	0.050000	0.000000	3.700000	4.858637	-10.000000	0.000000	-106.188354	17.372226	-5.000000	0.000000	0.000000	0.137134	0.081598	0.124577	0.139632	0.081436	0.081460	1.000000	1.000000	1.000000	0.000000	0.000000	0.148693	0.136926	0.081473	0.081460	0.081460	0.000000	1.000000	0.000000	0.000000	0.081436	0.081460	1.000000	0.081460	0.081460	0.081460	0.011362	0.003904	0.010037	0.009383	1.000000	1.000000	0.006189	0.006176	0.006176	1.000000	0.329094
0.490200	20.633716	0.000000	0.000000	0.000000	0.050000	0.000000	3.700000	7.239396	-10.000000	0.000000	-108.550175	21.640689	-5.000000	0.000000	0.000000	0.124190	0.073896	0.112818	0.126452	0.073749	0.073771	1.000000	1.000000	1.000000	0.000000	0.000000	0.134658	0.124001	0.073783	0.073771	0.073771	0.000000	1.000000	0.000000	0.000000	0.073749	0.073771	1.000000	0.073771	0.073771	0.073771	0.010289	0.003536	0.009089	0.008498	1.000000	1.000000	0.005604	0.005593	0.005593	1.000000	0.298030
0.495150	20.633716	0.000000	0.000000	0.000000	0.050000	0.000000	3.700000	9.759117	-10.000000	0.000000	-111.001793	26.059369	-5.000000	0.000000	0.000000	0.440830	0.066920	0.427585	0.442879	0.066788	0.066807	1.000000	1.000000	1.000000	0.000000	0.000000	0.450310	0.440660	0.066818	0.066807	0.066807	0.000000	1.000000	0.000000	0.000000	0.066788	0.066807	1.000000	0.066807	0.066807	0.066807	0.009318	0.003202	0.008231	0.007696	1.000000	1.000000	0.005075	0.005065	0.005065	1.000000	0.269899
0.500100	20.633716	0.000000	0.000000	0.000000	0.050000	0.000000	3.700000	12.410410	-10.000000	0.000000	-113.684699	30.683606	-5.000000	0.000000	0.000000	0.399219	0.391940	0.387225	0.401075	0.389835	0.389852	1.000000	1.000000	1.000000	0.000000	0.000000	0.407805	0.399065	0.390854	0.390843	0.389852	0.000000	1.000000	0.000000	0.000000	0.389835	0.389852	1.000000	0.389852	0.389852	0.389852	0.008439	0.002900	0.007454	0.006969	1.000000	1.000000	0.004596	0.004587	0.004587	1.000000	0.244422
0.505050	20.633716	0.000000	0.000000	0.000000	0.050000	0.000000	3.700000	14.738127	-10.000000	0.000000	-116.148033	34.006035	-5.000000	0.000000	0.000000	0.361536	0.354944	0.350674	0.363216	0.353038	0.353053	1.000000	1.000000	1.000000	0.000000	0.000000	0.369311	0.361397	0.353960	0.353951	0.353053	0.000000	1.000000	0.000000	0.000000	0.353037	0.353053	1.000000	0.353053	0.353053	0.353053	0.282065	0.277048	0.313189	0.662965	1.000000	1.000000	0.310601	0.310593	0.310593	1.000000	0.221351
0.510000	20.633716	0.000000	0.000000	0.000000	0.050000	0.000000	3.700000	16.426182	-10.000000	0.000000	-118.073817	36.090327	-5.000000	0.000000	0.000000	0.327410	0.652776	0.317573	0.328932	0.650056	0.650070	1.000000	1.000000	1.000000	0.000000	0.000000	0.334451	0.327284	0.650891	0.650883	0.650070	0.000000	1.000000	0.000000	0.000000	0.650056	0.650070	1.000000	0.650070	0.650070	0.650070	0.255440	0.250897	0.283627	0.600386	1.000000	1.000000	0.281283	0.281275	0.281275	1.000000	0.200457
0.514950	20.633716	0.000000	0.000000	0.000000	0.050000	0.000000	3.700000	17.607689	-10.000000	0.000000	-119.498724	37.709994	-5.000000	0.000000	0.000000	0.296505	0.591160	0.287597	0.297883	0.588696	0.588709	1.000000	1.000000	1.000000	0.000000	0.000000	0.302881	0.296391	0.589452	0.589445	0.588709	0.000000	1.000000	0.000000	0.000000	0.588696	0.588709	1.000000	0.588709	0.588709	0.588709	0.231328	0.227214	0.256854	0.543715	1.000000	1.000000	0.254732	0.254725	0.254725	1.000000	0.181535
0.519900	20.633716	0.000000	0.000000	0.000000	0.050000	0.000000	3.700000	18.225024	-10.000000	0.000000	-120.377353	38.882652	-5.000000	0.000000	0.000000	0.268517	0.862737	0.260450	0.269765	0.859524	0.859535	1.000000	1.000000	1.000000	0.000000	0.000000	0.274292	0.268414	0.860209	0.860202	0.859535	0.000000	1.000000	0.000000	0.000000	0.859523	0.859535	1.000000	0.859535	0.859535	0.859535	0.209493	0.205767	0.232609	0.492392	1.000000	1.000000	0.230687	0.230681	0.230681	1.000000	0.164400
0.524850	20.633716	0.000000	0.000000	0.000000	0.050000	0.000000	3.700000	18.608481	-10.000000	0.000000	-121.008002	39.834029	-5.000000	0.000000	0.000000	0.243172	0.781301	0.235865	0.244302	0.778392	0.778402	1.000000	1.000000	1.000000	0.000000	0.000000	0.248401	0.243078	0.779012	0.779006	0.778402	0.000000	1.000000	0.000000	0.000000	0.778391	0.778402	1.000000	0.778402	0.778402	0.778402	0.189718	0.186344	0.210653	0.445914	1.000000	1.000000	0.208912	0.208907	0.208907	1.000000	0.148882
0.529800	20.633716	0.000000	0.000000	0.000000	0.050000	0.000000	3.700000	18.868298	-10.000000	0.000000	-121.487569	40.636501	-5.000000	0.000000	0.000000	0.220218	1.000000	0.213602	0.221241	1.000000	1.000000	1.000000	1.000000	1.000000	0.000000	0.000000	0.224954	0.220133	1.000000	1.000000	1.000000	0.000000	1.000000	0.000000	0.000000	1.000000	1.000000	1.000000	1.000000	1.000000	1.000000	0.171810	0.168755	0.190769	0.403824	1.000000	1.000000	0.189192	0.189187	0.189187	1.000000	0.134829
0.534750	20.633716	0.000000	0.000000	0.000000	0.050000	0.000000	3.700000	19.006270	-10.000000	0.000000	-121.814908	41.335927	-5.000000	0.000000	0.000000	0.199431	0.933700	0.193439	0.200358	0.930435	0.930443	1.000000	1.000000	1.000000	0.000000	0.000000	0.203720	0.199354	0.930944	0.930938	0.930443	0.000000	1.000000	0.000000	0.000000	0.929558	0.930443	1.000000	0.930443	0.930443	0.930443	0.155593	0.152826	0.172762	0.365706	0.940817	1.000000	0.171334	0.171330	0.171330	1.000000	0.122102
0.539700	20.633716	0.000000	0.000000	0.000000	0.050000	0.000000	3.700000	19.081343	-10.000000	0.000000	-122.045997	42.041652	-5.000000	0.000000	0.000000	0.180607	1.000000	0.175180	0.181446	1.000000	1.000000	1.000000	1.000000	1.000000	0.000000	0.000000	0.184490	0.180537	1.000000	1.000000	1.000000	0.000000	1.000000	0.000000	0.000000	1.000000	1.000000	1.000000	1.000000	1.000000	1.000000	0.140906	0.138400	0.156455	0.331186	0.852011	1.000000	0.155162	0.155157	0.155157	1.000000	0.110576
0.544650	20.633716	0.000000	0.000000	0.000000	0.050000	0.000000	3.700000	19.094984	-10.000000	0.000000	-122.179545	42.800619	-5.000000	0.000000	0.000000	0.163559	1.000000	0.158645	0.164319	1.000000	1.000000	1.000000	1.000000	1.000000	0.000000	0.000000	0.167076	0.163495	1.000000	1.000000	1.000000	0.000000	1.000000	0.000000	0.000000	1.000000	1.000000	1.000000	1.000000	1.000000	1.000000	0.127606	0.125336	0.141686	0.299925	0.771588	1.000000	0.140516	0.140512	0.140512	1.000000	0.100139
0.549600	20.633716	0.000000	0.000000	0.000000	0.050000	0.000000	3.700000	19.050456	-10.000000	0.000000	-122.213954	43.632984	-5.000000	0.000000	0.000000	0.148120	1.000000	0.143670	0.148808	1.000000	1.000000	1.000000	1.000000	1.000000	0.000000	0.000000	0.151305	0.148063	1.000000	1.000000	1.000000	0.000000	1.000000	0.000000	0.000000	1.000000	1.000000	1.000000	1.000000	1.000000	1.000000	0.115561	0.113506	0.128312	0.271614	0.698756	1.000000	0.127252	0.127249	0.127249	1.000000	0.090687
0.554550	20.633716	0.000000	0.000000	0.000000	0.050000	0.000000	3.700000	18.960478	-10.000000	0.000000	-122.164134	44.488908	-5.000000	0.000000	0.000000	0.134139	1.000000	0.130108	0.134762	1.000000	1.000000	1.000000	1.000000	1.000000	0.000000	0.000000	0.137023	0.134087	1.000000	1.000000	1.000000	0.000000	1.000000	0.000000	0.000000	1.000000	1.000000	1.000000	1.000000	1.000000	1.000000	0.104653	0.102792	0.116201	0.245976	0.632799	1.000000	0.115240	0.115237	0.115237	1.000000	0.082126
0.559500	20.633716	0.000000	0.000000	0.000000	0.050000	0.000000	3.700000	18.847052	-10.000000	0.000000	-122.069207	44.943088	-5.000000	0.000000	0.000000	0.121477	1.000000	0.117827	0.122042	1.000000	1.000000	0.929569	0.929232	0.929225	0.000000	0.000000	0.124089	0.121430	1.000000	1.000000	1.000000	0.000000	0.929638	0.000000	0.000000	1.000000	1.000000	0.931519	1.000000	1.000000	1.000000	0.371682	0.369996	0.415376	0.887351	0.573068	0.926369	0.414506	0.414503	0.414503	0.926369	0.074374
0.564450	20.633716	0.000000	0.000000	0.000000	0.050000	0.000000	3.700000	18.716958	-10.000000	0.000000	-121.954363	45.025698	-5.000000	0.000000	0.000000	0.110011	1.000000	0.106705	0.110522	1.000000	1.000000	0.841825	0.841520	0.841513	0.000000	0.000000	0.112376	0.109968	1.000000	1.000000	1.000000	0.000000	0.841887	0.000000	0.000000	1.000000	1.000000	0.843591	1.000000	1.000000	1.000000	0.336598	0.335071	0.376168	0.803592	0.518975	0.838927	0.375380	0.375377	0.375377	0.838927	0.067354
0.569400	20.633716	0.000000	0.000000	0.000000	0.050000	0.000000	3.700000	18.553204	-10.000000	0.000000	-121.794331	44.979269	-5.000000	0.000000	0.000000	0.099626	1.000000	0.096633	0.100089	1.000000	1.000000	0.762364	0.762087	0.762081	0.000000	0.000000	0.101769	0.099588	1.000000	1.000000	1.000000	0.000000	0.762420	0.000000	0.000000	1.000000	1.000000	0.763963	1.000000	1.000000	1.000000	0.304826	0.303443	0.340660	0.727739	0.469988	0.759739	0.339947	0.339945	0.339945	0.759739	0.060996
0.574350	20.633716	0.000000	0.000000	0.000000	0.050000	0.000000	3.700000	18.344777	-10.000000	0.000000	-121.579345	44.854031	-5.000000	0.000000	0.000000	0.090223	1.000000	0.087512	0.090642	1.000000	1.000000	0.690403	0.690152	0.690147	0.000000	0.000000	0.092163	0.090188	1.000000	1.000000	1.000000	0.000000	0.690454	0.000000	0.000000	1.000000	1.000000	0.691851	1.000000	1.000000	1.000000	0.276052	0.274801	0.308505	0.659047	0.425625	0.688026	0.307859	0.307857	0.307857	0.688026	0.055239
0.579300	20.633716	0.000000	0.000000	0.000000	0.050000	0.000000	3.700000	18.079719	-10.000000	0.000000	-121.295584	44.659490	-5.000000	0.000000	0.000000	0.081706	1.000000	0.079251	0.082086	1.000000	1.000000	0.625234	0.625007	0.625002	0.000000	0.000000	0.083463	0.081675	1.000000	1.000000	1.000000	0.000000	0.625280	0.000000	0.000000	1.000000	1.000000	0.626546	1.000000	1.000000	1.000000	0.249995	0.248862	0.279384	0.596838	0.385449	0.623082	0.278799	0.278798	0.278798	0.623082	0.050025
0.584250	20.633716	0.000000	0.000000	0.000000	0.050000	0.000000	3.700000	17.743967	-10.000000	0.000000	-120.928948	44.385538	-5.000000	0.000000	0.000000	0.073994	1.000000	0.071771	0.074338	1.000000	1.000000	0.566217	0.566012	0.566007	0.000000	0.000000	0.075585	0.073965	1.000000	1.000000	1.000000	0.000000	0.566259	0.000000	0.000000	1.000000	1.000000	0.567405	1.000000	1.000000	1.000000	0.226398	0.225371	0.253013	0.540501	0.349066	0.564268	0.252483	0.252481	0.252481	0.564268	0.045303
0.589200	20.633716	0.000000	0.000000	0.000000	0.050000	0.000000	3.700000	17.317734	-10.000000	0.000000	-120.459780	44.006364	-5.000000	0.000000	0.000000	0.067009	1.000000	0.064996	0.067321	1.000000	1.000000	0.512771	0.512585	0.512581	0.000000	0.000000	0.068450	0.066983	1.000000	1.000000	1.000000	0.000000	0.512808	0.000000	0.000000	1.000000	1.000000	0.513846	1.000000	1.000000	1.000000	0.205028	0.204098	0.229130	0.489482	0.316117	0.511005	0.228651	0.228649	0.228649	0.511005	0.041027
0.594150	20.633716	0.000000	0.000000	0.000000	0.050000	0.000000	3.700000	16.778850	-10.000000	0.000000	-119.868164	43.467288	-5.000000	0.000000	0.000000	0.060684	1.000000	0.058861	0.060966	1.000000	1.000000	0.464369	0.464201	0.464197	0.000000	0.000000	0.061989	0.060661	1.000000	1.000000	1.000000	0.000000	0.464403	0.000000	0.000000	1.000000	1.000000	0.465343	1.000000	1.000000	1.000000	0.472748	0.471906	0.528067	1.000000	0.286278	0.462771	0.527633	0.527631	0.527631	0.462770	0.037154
0.599100	20.633716	0.000000	0.000000	0.000000	0.050000	0.000000	3.700000	16.105812	-10.000000	0.000000	-119.130642	42.570220	-5.000000	0.000000	0.000000	0.054956	1.000000	0.053305	0.055212	1.000000	1.000000	0.420536	0.420384	0.420381	0.000000	0.000000	0.056138	0.054935	1.000000	1.000000	1.000000	0.000000	0.420567	0.000000	0.000000	1.000000	1.000000	0.421419	1.000000	1.000000	1.000000	0.428124	0.427361	0.478222	1.000000	0.259255	0.419089	0.477828	0.477827	0.477827	0.419089	0.033647
0.604050	20.633716	0.000000	0.000000	0.000000	0.050000	0.000000	3.700000	15.278140	-10.000000	0.000000	-118.216952	41.292394	-5.000000	0.000000	0.000000	0.049769	1.000000	0.048273	0.050000	1.000000	1.000000	0.380841	0.380703	0.380700	0.000000	0.000000	0.050839	0.049749	1.000000	1.000000	1.000000	0.000000	0.380869	0.000000	0.000000	1.000000	1.000000	0.381640	1.000000	1.000000	1.000000	0.387712	0.387022	0.433081	0.926909	0.234784	0.379530	0.432725	0.432724	0.432724	0.379530	0.030471
0.609000	20.633716	0.000000	0.000000	0.000000	0.050000	0.000000	3.700000	14.283942	-10.000000	0.000000	-117.111780	39.725235	-5.000000	0.000000	0.000000	0.045071	1.000000	0.043717	0.045280	1.000000	1.000000	0.344893	0.344768	0.344765	0.000000	0.000000	0.046040	0.045054	1.000000	1.000000	1.000000	0.000000	0.344918	0.000000	0.000000	1.000000	1.000000	0.345616	1.000000	1.000000	1.000000	0.351115	0.350490	0.392202	0.839416	0.212622	0.343705	0.391879	0.391878	0.391878	0.343705	0.027595
0.613950	20.633716	0.000000	0.000000	0.000000	0.050000	0.000000	3.700000	13.119150	-10.000000	0.000000	-115.819581	37.931999	-5.000000	0.000000	0.000000	0.040817	1.000000	0.039590	0.041006	1.000000	1.000000	0.312338	0.312224	0.312222	0.000000	0.000000	0.041694	0.040801	1.000000	1.000000	1.000000	0.000000	0.312361	0.000000	0.000000	1.000000	1.000000	0.312993	1.000000	1.000000	1.000000	0.317973	0.317407	0.355181	0.760182	0.192552	0.311262	0.354889	0.354888	0.354888	0.311262	0.024990
0.618900	20.633716	0.000000	0.000000	0.000000	0.050000	0.000000	3.700000	11.785377	-10.000000	0.000000	-114.348055	35.934764	-5.000000	0.000000	0.000000	0.036964	1.000000	0.035853	0.037136	1.000000	1.000000	0.282855	0.282753	0.282751	0.000000	0.000000	0.037759	0.036950	1.000000	1.000000	1.000000	0.000000	0.282876	0.000000	0.000000	1.000000	1.000000	0.283449	1.000000	1.000000	1.000000	0.287959	0.287446	0.321655	0.688427	0.174377	0.281882	0.321390	0.321389	0.321389	0.281882	0.022631
0.623850	20.633716	0.000000	0.000000	0.000000	0.050000	0.000000	3.700000	10.300933	-10.000000	0.000000	-112.718323	33.793869	-5.000000	0.000000	0.000000	0.033475	1.000000	0.032469	0.033630	1.000000	1.000000	0.256156	0.256063	0.256061	0.000000	0.000000	0.034195	0.033462	1.000000	1.000000	1.000000	0.000000	0.256175	0.000000	0.000000	1.000000	1.000000	0.256693	1.000000	1.000000	1.000000	0.260778	0.260313	0.291293	0.623445	0.157917	0.255274	0.291054	0.291053	0.291053	0.255274	0.020495
0.628800	20.633716	0.000000	0.000000	0.000000	0.050000	0.000000	3.700000	8.629321	-10.000000	0.000000	-110.891468	31.471826	-5.000000	0.000000	0.000000	0.030315	1.000000	0.029404	0.030456	1.000000	1.000000	0.231977	0.231893	0.231891	0.000000	0.000000	0.030967	0.030303	1.000000	1.000000	1.000000	0.000000	0.231994	0.000000	0.000000	1.000000	1.000000	0.232464	1.000000	1.000000	1.000000	0.236162	0.235742	0.263797	0.564596	0.143011	0.231178	0.263580	0.263580	0.263580	0.231178	0.018560
0.633750	20.633716	0.000000	0.000000	0.000000	0.050000	0.000000	3.700000	6.774987	-10.000000	0.000000	-108.876864	28.973561	-5.000000	0.000000	0.000000	0.027454	1.000000	0.026629	0.027581	1.000000	1.000000	0.210080	0.210004	0.210002	0.000000	0.000000	0.028044	0.027443	1.000000	1.000000	1.000000	0.000000	0.210096	0.000000	0.000000	1.000000	1.000000	0.210521	1.000000	1.000000	1.000000	0.213871	0.213490	0.238897	1.000000	0.129512	0.209357	0.545139	0.544219	0.544219	0.209357	0.016808
0.638700	20.633716	0.000000	0.000000	0.000000	0.050000	0.000000	3.700000	4.723940	-10.000000	0.000000	-106.638135	26.257142	-5.000000	0.000000	0.000000	0.024862	1.000000	0.024115	0.024978	1.000000	1.000000	0.190250	0.190181	0.190180	0.000000	0.000000	0.025397	0.024852	1.000000	1.000000	1.000000	0.000000	0.190264	0.000000	0.000000	1.000000	1.000000	0.190649	1.000000	1.000000	1.000000	0.484227	0.483882	0.540788	1.000000	0.117287	0.189595	0.493682	0.492849	0.492849	0.189595	0.015222
0.643650	20.633716	0.000000	0.000000	0.000000	0.050000	0.000000	3.700000	2.465048	-10.000000	0.000000	-104.153320	23.165464	-5.000000	0.000000	0.000000	0.022515	1.000000	0.021839	0.022620	1.000000	1.000000	0.172292	0.172230	0.172228	0.000000	0.000000	0.023000	0.022507	1.000000	1.000000	1.000000	0.000000	0.172305	0.000000	0.000000	1.000000	1.000000	0.172654	1.000000	1.000000	1.000000	0.438520	0.438207	0.489742	0.959492	0.106216	0.171699	0.447082	0.446328	0.446328	0.171699	0.013785
0.648600	20.633716	0.000000	0.000000	0.000000	0.050000	0.000000	3.700000	-0.022225	-10.000000	0.000000	-101.374856	19.683998	-5.000000	0.000000	0.000000	0.020390	1.000000	0.019777	0.020485	1.000000	1.000000	0.156029	0.155973	0.155971	0.000000	0.000000	0.020829	0.020382	1.000000	1.000000	1.000000	0.000000	0.156041	0.000000	0.000000	1.000000	1.000000	0.156356	1.000000	1.000000	1.000000	0.397127	0.396844	0.443514	0.868923	0.096190	0.155492	0.404881	0.404198	0.404198	0.155492	0.012484
0.653550	20.633716	0.000000	0.000000	0.000000	0.050000	0.000000	3.700000	-2.765559	-10.000000	0.000000	-98.246622	15.853789	-5.000000	0.000000	0.000000	0.018465	1.000000	0.017911	0.018551	1.000000	1.000000	0.141301	0.141250	0.141249	0.000000	0.000000	0.018862	0.018458	1.000000	1.000000	1.000000	0.000000	0.141312	0.000000	0.000000	1.000000	1.000000	0.141598	1.000000	1.000000	1.000000	0.359641	0.359385	0.401650	0.786904	0.087110	0.140815	0.366664	0.366045	0.366045	0.140815	0.011305
0.658500	20.633716	0.000000	0.000000	0.000000	0.050000	0.000000	3.700000	-5.768992	-10.000000	0.000000	-94.809448	11.743796	-5.000000	0.000000	0.000000	0.016722	1.000000	0.016220	0.016800	1.000000	1.000000	0.127964	0.127917	0.127916	0.000000	0.000000	0.017082	0.016716	1.000000	1.000000	1.000000	0.000000	0.127973	0.000000	0.000000	1.000000	1.000000	0.128232	1.000000	1.000000	1.000000	0.325694	0.325462	0.363737	1.000000	0.078888	0.127523	0.648789	0.648229	0.648229	0.127523	0.010238
0.663450	20.633716	0.000000	0.000000	0.000000	0.050000	0.000000	3.700000	-8.500000	-10.000000	0.000000	-91.052662	7.326553	-5.000000	0.000000	0.000000	0.015144	1.000000	0.014689	0.015214	1.000000	1.000000	0.115885	0.115843	0.115842	0.000000	0.000000	0.015470	0.015138	1.000000	1.000000	1.000000	0.000000	0.115893	0.000000	0.000000	1.000000	1.000000	0.116128	1.000000	1.000000	1.000000	0.294951	0.294741	0.329403	1.000000	0.071442	0.115486	0.587548	0.587041	0.587041	0.115486	0.009272
0.668400	20.633716	0.000000	0.000000	0.000000	0.050000	0.000000	3.700000	-8.512653	-10.000000	0.000000	-91.228887	5.465987	-5.000000	0.000000	0.000000	0.013714	1.000000	0.013302	0.013778	1.000000	1.000000	0.104946	0.104908	0.104907	0.000000	0.000000	0.014009	0.013709	1.000000	1.000000	1.000000	0.000000	0.104954	0.000000	0.000000	1.000000	1.000000	0.105166	1.000000	1.000000	1.000000	0.549054	0.548864	0.613148	1.000000	0.064698	0.104585	0.532089	0.531629	0.531629	0.104585	0.008397
0.673350	20.633716	0.000000	0.000000	0.000000	0.050000	0.000000	3.700000	-8.926123	-10.000000	0.000000	-91.413657	3.174999	-5.000000	0.000000	0.000000	0.012420	1.000000	0.012047	0.012478	1.000000	1.000000	0.095040	0.095006	0.095005	0.000000	0.000000	0.012687	0.012415	1.000000	1.000000	1.000000	0.000000	0.095047	0.000000	0.000000	1.000000	1.000000	0.095239	1.000000	1.000000	1.000000	0.497228	0.497056	0.555272	1.000000	0.058591	0.094713	0.481864	0.481447	0.481447	0.094713	0.007604
0.678300	20.633716	0.000000	0.000000	0.000000	0.050000	0.000000	3.700000	-8.716646	-10.000000	0.000000	-91.500000	0.322683	-5.000000	0.000000	0.000000	0.011248	1.000000	0.010910	0.011300	1.000000	1.000000	0.086069	0.086038	0.086037	0.000000	0.000000	0.011489	0.011243	1.000000	1.000000	1.000000	0.000000	0.086075	0.000000	0.000000	1.000000	1.000000	0.086250	1.000000	1.000000	1.000000	0.450293	0.450137	0.502858	0.937201	0.053061	0.085773	0.436380	0.436003	0.436003	0.085773	0.006886
0.683250	20.633716	0.000000	0.000000	0.000000	0.050000	0.000000	3.700000	-8.559205	-10.000000	0.000000	-91.288435	-2.793137	-5.000000	0.000000	0.000000	0.010186	1.000000	0.009880	0.010233	1.000000	1.000000	0.077945	0.077917	0.077916	0.000000	0.000000	0.010405	0.010182	1.000000	1.000000	1.000000	0.000000	0.077951	0.000000	0.000000	1.000000	1.000000	0.078108	1.000000	1.000000	1.000000	0.407789	0.407648	0.455393	0.848737	0.048052	0.077677	0.395189	0.394847	0.394847	0.077677	0.006236
0.688200	20.633716	0.000000	0.000000	0.000000	0.050000	0.000000	3.700000	-8.500000	-10.000000	0.000000	-91.475536	-5.925953	-5.000000	0.000000	0.000000	0.009224	1.000000	0.008947	0.009267	1.000000	1.000000	0.070587	0.070562	0.070561	0.000000	0.000000	0.009423	0.009221	1.000000	1.000000	1.000000	0.000000	0.070593	0.000000	0.000000	1.000000	1.000000	0.070736	1.000000	1.000000	1.000000	0.369297	0.369169	0.412407	0.768623	0.043516	0.070344	0.357886	0.357577	0.357577	0.070344	0.005648
0.693150	20.633716	0.000000	0.000000	0.000000	0.050000	0.000000	3.700000	-8.848806	-10.000000	0.000000	-91.081820	-9.277151	-5.000000	0.000000	0.000000	0.008354	1.000000	0.008103	0.008393	1.000000	1.000000	0.395261	0.395238	0.395237	0.000000	0.000000	0.008533	0.008351	1.000000	1.000000	1.000000	0.000000	0.395266	0.000000	0.000000	1.000000	1.000000	0.396392	1.000000	1.000000	1.000000	0.334439	0.334323	0.373479	0.696071	0.244359	0.395041	0.324104	0.323825	0.323825	0.395041	0.005115
0.698100	20.633716	0.000000	0.000000	0.000000	0.050000	0.000000	3.700000	-8.632504	-10.000000	0.000000	-91.392747	-12.148551	-5.000000	0.000000	0.000000	0.007565	1.000000	0.007338	0.007600	1.000000	1.000000	0.357951	0.357930	0.357930	0.000000	0.000000	0.007728	0.007562	1.000000	1.000000	1.000000	0.000000	0.357956	0.000000	0.000000	1.000000	1.000000	0.358976	1.000000	1.000000	1.000000	0.302870	0.302765	0.338226	0.630367	0.221293	0.357752	0.293512	0.293258	0.293258	0.357752	0.328099
0.703050	20.633716	0.000000	0.000000	0.000000	0.050000	0.000000	3.700000	-8.515620	-10.000000	0.000000	-91.500000	-14.948071	-5.000000	0.000000	0.000000	0.006851	1.000000	0.006645	0.006883	1.000000	1.000000	0.657497	0.656478	0.656478	0.000000	0.000000	0.006998	0.006848	1.000000	1.000000	1.000000	0.000000	0.657501	0.000000	0.000000	1.000000	1.000000	0.658425	1.000000	1.000000	1.000000	0.274282	0.274187	0.306300	0.570866	0.405972	0.656317	0.265806	0.265577	0.265577	0.656316	0.297129
0.708000	20.633716	0.000000	0.000000	0.000000	0.050000	0.000000	3.700000	-8.971394	-10.000000	0.000000	-91.282440	-16.679590	-5.000000	0.000000	0.000000	0.318217	1.000000	0.315231	0.318246	1.000000	1.000000	0.595434	0.594512	0.594511	0.000000	0.000000	0.323073	0.317279	1.000000	1.000000	1.000000	0.000000	0.595438	0.000000	0.000000	1.000000	1.000000	0.596275	1.000000	1.000000	1.000000	0.248392	0.248306	0.277388	0.516980	0.367652	0.594365	0.240716	0.240509	0.240509	0.594365	0.269082
0.712950	20.633716	0.000000	0.000000	0.000000	0.050000	0.000000	3.700000	-8.710821	-10.000000	0.000000	-91.040574	-18.213794	-5.000000	0.000000	0.000000	0.288180	1.000000	0.285476	0.288206	1.000000	1.000000	0.867593	0.866758	0.866757	0.000000	0.000000	0.292578	0.287330	1.000000	1.000000	1.000000	0.000000	0.867597	0.000000	0.000000	1.000000	1.000000	0.869342	1.000000	1.000000	1.000000	0.508589	0.509365	0.567940	1.000000	0.536059	0.866625	0.534730	0.534542	0.534542	0.866625	0.243683
0.717900	20.633716	0.000000	0.000000	0.000000	0.050000	0.000000	3.700000	-8.551384	-10.000000	0.000000	-91.175224	-19.750297	-5.000000	0.000000	0.000000	0.260978	1.000000	0.258529	0.261002	1.000000	1.000000	0.785700	0.784943	0.784942	0.000000	0.000000	0.264961	0.260208	1.000000	1.000000	1.000000	0.000000	0.785702	0.000000	0.000000	1.000000	1.000000	0.787283	1.000000	1.000000	1.000000	0.460582	0.461285	0.514331	1.000000	0.485460	0.784823	0.484256	0.484085	0.484085	0.784823	0.220681
0.722850	20.633716	0.000000	0.000000	0.000000	0.050000	0.000000	3.700000	-8.500000	-10.000000	0.000000	-91.300236	-21.194008	-5.000000	0.000000	0.000000	0.236344	1.000000	0.234126	0.236365	1.000000	1.000000	1.000000	1.000000	1.000000	0.000000	0.000000	0.239950	0.235647	1.000000	1.000000	1.000000	0.000000	1.000000	0.000000	0.000000	1.000000	1.000000	1.000000	1.000000	1.000000	1.000000	0.417107	0.417743	0.465782	0.943957	0.639719	1.000000	0.438546	0.438391	0.438391	1.000000	0.199851
0.727800	20.633716	0.000000	0.000000	0.000000	0.050000	0.000000	3.700000	-8.675328	-10.000000	0.000000	-91.477943	-22.503868	-5.000000	0.000000	0.000000	0.214035	1.000000	0.212026	0.214054	1.000000	1.000000	0.938188	0.937568	0.937567	0.000000	0.000000	0.217301	0.213404	1.000000	1.000000	1.000000	0.000000	0.938191	0.000000	0.000000	1.000000	1.000000	0.941258	1.000000	1.000000	1.000000	0.377735	0.378311	0.421816	0.854855	0.579335	0.936588	0.397151	0.397011	0.397011	0.936588	0.180987
0.732750	20.633716	0.000000	0.000000	0.000000	0.050000	0.000000	3.700000	-8.881772	-10.000000	0.000000	-91.500000	-23.551147	-5.000000	0.000000	0.000000	0.193832	1.000000	0.192013	0.193849	1.000000	1.000000	1.000000	1.000000	1.000000	0.000000	0.000000	0.196790	0.193260	1.000000	1.000000	1.000000	0.000000	1.000000	0.000000	0.000000	1.000000	1.000000	1.000000	1.000000	1.000000	1.000000	0.342080	0.342602	0.382000	0.774164	0.722343	1.000000	0.359663	0.359536	0.359536	1.000000	0.163903
0.737700	20.633716	0.000000	0.000000	0.000000	0.050000	0.000000	3.700000	-8.952912	-10.000000	0.000000	-91.162088	-25.011923	-5.000000	0.000000	0.000000	0.175535	1.000000	0.173888	0.175551	1.000000	1.000000	1.000000	1.000000	1.000000	0.000000	0.000000	0.178214	0.175018	1.000000	1.000000	1.000000	0.000000	1.000000	0.000000	0.000000	1.000000	1.000000	1.000000	1.000000	1.000000	1.000000	0.309790	0.310263	0.345942	0.701089	0.654159	1.000000	0.325713	0.325599	0.325599	1.000000	0.148432
0.742650	20.633716	0.000000	0.000000	0.000000	0.050000	0.000000	3.700000	-8.500000	-10.000000	0.000000	-91.290643	-25.351838	-5.000000	0.000000	0.000000	0.158966	1.000000	0.157475	0.158981	1.000000	1.000000	1.000000	1.000000	1.000000	0.000000	0.000000	0.161392	0.158498	1.000000	1.000000	1.000000	0.000000	1.000000	0.000000	0.000000	1.000000	1.000000	0.963572	1.000000	1.000000	1.000000	0.280549	0.280977	0.313288	0.634911	0.787743	1.000000	0.294969	0.294865	0.294865	1.000000	0.134421
0.747600	20.633716	0.000000	0.000000	0.000000	0.050000	0.000000	3.700000	-8.510842	-10.000000	0.000000	-91.418479	-26.677531	-5.000000	0.000000	0.000000	0.143961	1.000000	0.142610	0.143974	1.000000	1.000000	1.000000	1.000000	1.000000	0.000000	0.000000	0.146158	0.143537	1.000000	1.000000	1.000000	0.000000	1.000000	0.000000	0.000000	1.000000	1.000000	0.872619	1.000000	1.000000	1.000000	0.254067	0.254455	0.283716	0.574981	0.713386	1.000000	0.267126	0.267032	0.267032	1.000000	0.121733
0.752550	20.633716	0.000000	0.000000	0.000000	0.050000	0.000000	3.700000	-8.538997	-10.000000	0.000000	-91.035891	-27.515785	-5.000000	0.000000	0.000000	0.130372	1.000000	0.129149	0.130384	1.000000	1.000000	1.000000	1.000000	1.000000	0.000000	0.000000	0.132362	0.129988	1.000000	1.000000	1.000000	0.000000	1.000000	0.000000	0.000000	1.000000	1.000000	1.000000	1.000000	1.000000	1.000000	0.230085	0.230436	0.256935	0.520707	0.837314	1.000000	0.241911	0.241826	0.241826	1.000000	0.110242
0.757500	20.633716	0.000000	0.000000	0.000000	0.050000	0.000000	3.700000	-8.587785	-10.000000	0.000000	-91.237383	-28.229370	-5.000000	0.000000	0.000000	0.118066	0.928311	0.116958	0.118077	0.926302	0.926302	1.000000	1.000000	1.000000	0.000000	0.000000	0.119868	0.117718	0.926655	0.926637	0.926632	0.000000	1.000000	0.000000	0.000000	0.925748	0.926617	0.996525	0.926290	0.926290	0.926290	0.208367	0.208685	0.232683	0.471557	0.758278	1.000000	0.219077	0.219000	0.219000	1.000000	0.099836
0.762450	20.633716	0.000000	0.000000	0.000000	0.050000	0.000000	3.700000	-8.541286	-10.000000	0.000000	-91.445702	-29.761274	-5.000000	0.000000	0.000000	0.106922	0.840686	0.105918	0.106931	0.838867	0.838867	1.000000	1.000000	1.000000	0.000000	0.000000	0.108553	0.106606	0.839186	0.839170	0.839165	0.000000	1.000000	0.000000	0.000000	0.838365	0.839152	1.000000	0.838856	0.838856	0.838856	0.188699	0.188987	0.210719	0.427045	0.874551	1.000000	0.198398	0.198328	0.198328	1.000000	0.090412
0.767400	20.633716	0.000000	0.000000	0.000000	0.050000	0.000000	3.700000	-8.500000	-10.000000	0.000000	-91.166898	-29.770881	-5.000000	0.000000	0.000000	0.096829	0.761332	0.429254	0.096838	0.759684	0.759684	1.000000	1.000000	1.000000	0.000000	0.000000	0.098307	0.429877	0.759974	0.759959	0.759954	0.000000	1.000000	0.000000	0.000000	0.759230	0.759942	1.000000	0.759674	0.759674	0.759674	0.170887	0.171148	0.190829	0.386736	0.994503	1.000000	0.179671	0.179607	0.179607	1.000000	0.412220
0.772350	20.633716	0.000000	0.000000	0.000000	0.050000	0.000000	3.700000	-8.763004	-10.000000	0.000000	-91.500000	-29.511330	-5.000000	0.000000	0.000000	0.390467	0.689468	0.388736	0.390475	0.687976	0.687976	1.000000	1.000000	1.000000	0.000000	0.000000	0.393630	0.389300	0.688238	0.688225	0.688221	0.000000	1.000000	0.000000	0.000000	0.687565	0.688210	1.000000	0.687967	0.687967	0.687967	0.154757	0.154993	0.172816	0.350231	0.900629	1.000000	0.162711	0.162654	0.162654	1.000000	0.373310
0.777300	20.633716	0.000000	0.000000	0.000000	0.050000	0.000000	3.700000	-8.500000	-10.000000	0.000000	-91.483233	-30.678549	-5.000000	0.000000	0.000000	0.353610	0.624388	0.352042	0.353617	0.623037	0.623037	1.000000	1.000000	1.000000	0.000000	0.000000	0.356474	0.352553	0.623274	0.623262	0.623258	0.000000	1.000000	0.000000	0.000000	0.622664	0.623248	1.000000	0.623029	0.623029	0.623029	0.140149	0.140363	0.156504	0.317172	1.000000	1.000000	0.147352	0.147301	0.147301	1.000000	0.338073
0.782250	20.633716	0.000000	0.000000	0.000000	0.050000	0.000000	3.700000	-8.525950	-10.000000	0.000000	-91.120716	-30.774675	-5.000000	0.000000	0.000000	0.320232	0.565450	0.318812	0.320238	0.564227	0.564227	1.000000	1.000000	1.000000	0.000000	0.000000	0.322826	0.319275	0.564442	0.564431	0.564428	0.000000	1.000000	0.000000	0.000000	0.563889	0.564419	1.000000	0.564220	0.564220	0.564220	0.126920	0.127114	0.141731	0.287233	0.918741	1.000000	0.133444	0.133397	0.133397	1.000000	0.306161
0.787200	20.633716	0.000000	0.000000	0.000000	0.050000	0.000000	3.700000	-8.505750	-10.000000	0.000000	-91.097374	-30.525339	-5.000000	0.000000	0.000000	0.290005	0.512076	0.288719	0.290011	0.510968	0.510969	1.000000	1.000000	1.000000	0.000000	0.000000	0.292354	0.289138	0.511163	0.511153	0.511150	0.000000	1.000000	0.000000	0.000000	0.510663	0.511142	1.000000	0.510962	0.510962	0.510962	0.114940	0.115115	0.128353	0.260121	1.000000	1.000000	0.120848	0.120805	0.120805	1.000000	0.277262
0.792150	20.633716	0.000000	0.000000	0.000000	0.050000	0.000000	3.700000	-8.818282	-10.000000	0.000000	-91.159181	-28.971495	-5.000000	0.000000	0.000000	0.262630	0.463740	0.261466	0.262636	0.462737	0.462737	1.000000	1.000000	1.000000	0.000000	0.000000	0.264758	0.261846	0.462913	0.462904	0.462902	0.000000	1.000000	0.000000	0.000000	0.462460	0.462894	1.000000	0.462731	0.462731	0.462731	0.104090	0.104249	0.116237	0.235568	0.930376	1.000000	0.109441	0.109402	0.109402	1.000000	0.251091
0.797100	20.633716	0.000000	0.000000	0.000000	0.050000	0.000000	3.700000	-8.511588	-10.000000	0.000000	-91.500000	-29.419282	-5.000000	0.000000	0.000000	0.237840	0.419967	0.236786	0.237845	0.419058	0.419058	1.000000	1.000000	1.000000	0.000000	0.000000	0.239767	0.237129	0.419218	0.419210	0.419207	0.000000	1.000000	0.000000	0.000000	0.418808	0.419201	1.000000	0.419053	0.419053	0.419053	0.094265	0.094409	0.105265	0.213332	1.000000	1.000000	0.099110	0.099075	0.099075	1.000000	0.227390
0.802050	20.633716	0.000000	0.000000	0.000000	0.050000	0.000000	3.700000	-8.948117	-10.000000	0.000000	-91.041352	-30.149761	-5.000000	0.000000	0.000000	0.215390	0.380325	0.214435	0.215394	0.379503	0.379503	1.000000	1.000000	1.000000	0.000000	0.000000	0.217135	0.214746	0.379647	0.379640	0.379638	0.000000	1.000000	0.000000	0.000000	0.379276	0.379632	1.000000	0.379498	0.379498	0.379498	0.085367	0.085497	0.095329	0.193195	0.936758	1.000000	0.089755	0.089723	0.089723	1.000000	0.205926
0.807000	20.633716	0.000000	0.000000	0.000000	0.050000	0.000000	3.700000	-8.977175	-10.000000	0.000000	-91.199696	-29.876227	-5.000000	0.000000	0.000000	0.195059	0.344426	0.194194	0.195063	0.343681	0.343681	1.000000	1.000000	1.000000	0.000000	0.000000	0.196639	0.194476	0.343811	0.343805	0.343803	0.000000	1.000000	0.000000	0.000000	0.343475	0.343797	1.000000	0.343676	0.343676	0.343676	0.077309	0.077427	0.086331	0.174959	1.000000	1.000000	0.081283	0.081254	0.081254	1.000000	0.186488
0.811950	20.633716	0.000000	0.000000	0.000000	0.050000	0.000000	3.700000	-8.858924	-10.000000	0.000000	-91.275553	-29.219636	-5.000000	0.000000	0.000000	0.176647	0.311915	0.175864	0.176650	0.311240	0.311240	1.000000	1.000000	1.000000	0.000000	0.000000	0.178078	0.176119	0.311358	0.311352	0.311351	0.000000	1.000000	0.000000	0.000000	0.311054	0.311346	1.000000	0.311236	0.311236	0.311236	0.070012	0.070119	0.078182	0.158444	1.000000	1.000000	0.073610	0.073584	0.073584	1.000000	0.168885
0.816900	20.633716	0.000000	0.000000	0.000000	0.050000	0.000000	3.700000	-8.770156	-10.000000	0.000000	-91.325790	-28.865500	-5.000000	0.000000	0.000000	0.469186	0.282472	0.465702	0.469189	0.281861	0.281861	1.000000	1.000000	1.000000	0.000000	0.000000	0.474220	0.467780	0.281969	0.281963	0.281962	0.000000	1.000000	0.000000	0.000000	0.281693	0.281957	1.000000	0.281858	0.281858	0.281858	0.063403	0.063500	0.070802	0.143488	1.000000	1.000000	0.066662	0.066639	0.066639	1.000000	0.457546
0.821850	20.633716	0.000000	0.000000	0.000000	0.050000	0.000000	3.700000	-8.579214	-10.000000	0.000000	-91.747911	-28.275785	-5.000000	0.000000	0.000000	0.424898	0.255809	0.421743	0.424901	0.255256	0.255256	1.000000	1.000000	1.000000	0.000000	0.000000	0.429458	0.423625	0.255353	0.255348	0.255347	0.000000	1.000000	0.000000	0.000000	0.255103	0.255343	1.000000	0.255252	0.255252	0.255252	0.057419	0.057506	0.064119	0.129944	1.000000	1.000000	0.060370	0.060349	0.060349	1.000000	0.414358
0.826800	20.633716	0.000000	0.000000	0.000000	0.050000	0.000000	3.700000	-8.276576	-10.000000	0.000000	-92.301724	-27.283986	-5.000000	0.000000	0.000000	0.384791	0.231663	0.381934	0.384794	0.231162	0.231162	1.000000	1.000000	1.000000	0.000000	0.000000	0.388920	0.383638	0.231250	0.231245	0.231244	0.000000	1.000000	0.000000	0.000000	0.231023	0.231240	1.000000	0.231159	0.231159	0.231159	0.051999	0.052078	0.058067	0.117678	1.000000	1.000000	0.054671	0.054652	0.054652	1.000000	0.375246
0.831750	20.633716	0.000000	0.000000	0.000000	0.050000	0.000000	3.700000	-7.825523	-10.000000	0.000000	-93.011814	-26.062265	-5.000000	0.000000	0.000000	0.348470	0.209796	0.345883	0.348473	0.209342	0.209342	1.000000	1.000000	1.000000	0.000000	0.000000	0.352209	0.347426	0.209422	0.209418	0.209416	0.000000	1.000000	0.000000	0.000000	0.209217	0.209413	1.000000	0.209339	0.209339	0.209339	0.047090	0.047162	0.052586	0.106571	1.000000	1.000000	0.049511	0.049493	0.049493	1.000000	0.339825
0.836700	20.633716	0.000000	0.000000	0.000000	0.050000	0.000000	3.700000	-7.185926	-10.000000	0.000000	-93.900652	-24.600051	-5.000000	0.000000	0.000000	0.315577	0.189993	0.313234	0.315579	0.189582	0.189582	1.000000	1.000000	1.000000	0.000000	0.000000	0.318963	0.314632	0.189654	0.189650	0.189649	0.000000	1.000000	0.000000	0.000000	0.189468	0.189646	1.000000	0.189579	0.189579	0.189579	0.042645	0.042710	0.047622	0.096511	1.000000	1.000000	0.044837	0.044822	0.044822	1.000000	0.307749
0.841650	20.633716	0.000000	0.000000	0.000000	0.050000	0.000000	3.700000	-6.336464	-10.000000	0.000000	-94.991004	-23.068206	-5.000000	0.000000	0.000000	0.285789	0.172059	0.283667	0.285791	0.171687	0.171687	1.000000	1.000000	1.000000	0.000000	0.000000	0.288856	0.284933	0.171752	0.171749	0.171748	0.000000	1.000000	0.000000	0.000000	0.171584	0.171745	1.000000	0.171684	0.171684	0.171684	0.038620	0.038679	0.043127	0.087401	1.000000	1.000000	0.040605	0.040591	0.040591	1.000000	0.278699
0.846600	20.633716	0.000000	0.000000	0.000000	0.050000	0.000000	3.700000	-5.260720	-10.000000	0.000000	-96.265151	-21.160242	-5.000000	0.000000	0.000000	0.258813	0.155818	0.256891	0.258815	0.155481	0.155481	1.000000	1.000000	1.000000	0.000000	0.000000	0.261590	0.258038	0.155540	0.155537	0.155536	0.000000	1.000000	0.000000	0.000000	0.155388	0.155534	1.000000	0.155479	0.155479	0.155479	0.034975	0.035028	0.039056	0.079151	1.000000	1.000000	0.036772	0.036759	0.036759	1.000000	0.252392
0.851550	20.633716	0.000000	0.000000	0.000000	0.050000	0.000000	3.700000	-3.938847	-10.000000	0.000000	-97.782337	-19.085490	-5.000000	0.000000	0.000000	0.234383	0.141110	0.232643	0.234385	0.140805	0.140805	1.000000	1.000000	1.000000	0.000000	0.000000	0.236898	0.233681	0.140858	0.140856	0.140855	0.000000	1.000000	0.000000	0.000000	0.140720	0.140852	1.000000	0.140803	0.140803	0.140803	0.031673	0.031722	0.035369	0.071680	1.000000	1.000000	0.033301	0.033290	0.033290	1.000000	0.228569
0.856500	20.633716	0.000000	0.000000	0.000000	0.050000	0.000000	3.700000	-2.405378	-10.000000	0.000000	-99.499587	-16.818659	-5.000000	0.000000	0.000000	0.212259	0.127790	0.210683	0.212261	0.127514	0.127514	1.000000	1.000000	1.000000	0.000000	0.000000	0.214537	0.211623	0.127562	0.127560	0.127559	0.000000	1.000000	0.000000	0.000000	0.127438	0.127557	1.000000	0.127512	0.127512	0.127512	0.028684	0.028727	0.032031	0.064914	1.000000	1.000000	0.030158	0.030147	0.030147	1.000000	0.206994
0.861450	20.633716	0.000000	0.000000	0.000000	0.050000	0.000000	3.700000	-0.655322	-10.000000	0.000000	-101.420866	-14.373946	-5.000000	0.000000	0.000000	0.192224	0.115728	0.515237	0.192225	0.115478	0.115478	1.000000	1.000000	1.000000	0.000000	0.000000	0.194286	0.191648	0.115521	0.115519	0.115519	0.000000	1.000000	0.000000	0.000000	0.115408	0.115517	1.000000	0.115476	0.115476	0.115476	0.025976	0.026016	0.029007	0.058787	1.000000	1.000000	0.027311	0.027302	0.027302	1.000000	0.500407
0.866400	20.633716	0.000000	0.000000	0.000000	0.050000	0.000000	3.700000	1.307973	-10.000000	0.000000	-103.538096	-11.767744	-5.000000	0.000000	0.000000	0.174079	0.104804	0.466603	0.174080	0.104577	0.104577	1.000000	1.000000	1.000000	0.000000	0.000000	0.175947	0.173558	0.104617	0.104615	0.104615	0.000000	1.000000	0.000000	0.000000	0.104515	0.104613	1.000000	0.104576	0.104576	0.104576	0.023524	0.023560	0.026269	0.053238	1.000000	1.000000	0.024733	0.024725	0.024725	1.000000	0.453172
0.871350	20.633716	0.000000	0.000000	0.000000	0.050000	0.000000	3.700000	3.452357	-10.000000	0.000000	-105.892948	-8.985565	-5.000000	0.000000	0.000000	0.462250	0.094911	0.422559	0.462251	0.094706	0.094706	1.000000	1.000000	1.000000	0.000000	0.000000	0.465778	0.461778	0.094742	0.094740	0.094740	0.000000	1.000000	0.000000	0.000000	0.094649	0.094738	1.000000	0.094705	0.094705	0.094705	0.021304	0.021336	0.023790	0.048212	1.000000	1.000000	0.022399	0.022391	0.022391	1.000000	0.410396
0.876300	20.633716	0.000000	0.000000	0.000000	0.050000	0.000000	3.700000	5.745430	-10.000000	0.000000	-108.506324	-6.067137	-5.000000	0.000000	0.000000	0.418617	0.085953	0.382673	0.418618	0.085767	0.085767	1.000000	1.000000	1.000000	0.000000	0.000000	0.421812	0.418190	0.085799	0.085798	0.085797	0.000000	1.000000	0.000000	0.000000	0.085715	0.085796	1.000000	0.085765	0.085765	0.085765	0.019293	0.019322	0.021544	0.043662	1.000000	1.000000	0.020284	0.020277	0.020277	1.000000	0.371658
0.881250	20.633716	0.000000	0.000000	0.000000	0.050000	0.000000	3.700000	8.170805	-10.000000	0.000000	-111.271396	-3.041996	-5.000000	0.000000	0.000000	0.379103	0.077839	0.346552	0.379104	0.077671	0.077671	1.000000	1.000000	1.000000	0.000000	0.000000	0.381996	0.378716	0.077700	0.077699	0.077699	0.000000	1.000000	0.000000	0.000000	0.077624	0.077697	1.000000	0.077670	0.077670	0.077670	0.017472	0.017498	0.019511	0.039540	1.000000	1.000000	0.018370	0.018363	0.018363	1.000000	0.336577
0.886200	20.633716	0.000000	0.000000	0.000000	0.050000	0.000000	3.700000	10.740833	-10.000000	0.000000	-114.152255	0.088730	-5.000000	0.000000	0.000000	0.343319	0.070492	0.313840	0.343320	0.070339	0.403673	1.000000	1.000000	1.000000	0.000000	0.000000	0.345939	0.342968	0.070366	0.070365	0.070364	0.000000	1.000000	0.000000	0.000000	0.403631	0.403697	1.000000	0.403672	0.403672	0.403672	0.015822	0.015847	0.017669	0.035808	1.000000	1.000000	0.016636	0.016630	0.016630	1.000000	0.304806
0.891150	20.633716	0.000000	0.000000	0.000000	0.050000	0.000000	3.700000	13.125299	-10.000000	0.000000	-116.797524	2.757781	-5.000000	0.000000	0.000000	0.310912	0.367527	0.284216	0.310913	0.366478	0.365569	1.000000	1.000000	1.000000	0.000000	0.000000	0.313285	0.310595	0.366502	0.366501	0.366500	0.000000	1.000000	0.000000	0.000000	0.365531	0.365591	1.000000	0.365568	0.365568	0.365568	0.295427	0.295449	0.331786	0.701027	1.000000	1.000000	0.327078	0.327073	0.327073	1.000000	0.276035
0.896100	20.633716	0.000000	0.000000	0.000000	0.050000	0.000000	3.700000	14.799940	-10.000000	0.000000	-118.746339	4.471367	-5.000000	0.000000	0.000000	0.281565	0.332835	0.257388	0.281565	0.331885	0.331062	1.000000	1.000000	1.000000	0.000000	0.000000	0.283713	0.281277	0.331907	0.331906	0.331905	0.000000	1.000000	0.000000	0.000000	0.331028	0.331082	1.000000	0.331062	0.331062	0.331062	0.267541	0.267561	0.300468	0.634855	1.000000	1.000000	0.296205	0.296200	0.296200	1.000000	0.249980
0.901050	20.633716	0.000000	0.000000	0.000000	0.050000	0.000000	3.700000	16.065298	-10.000000	0.000000	-120.270643	5.803546	-5.000000	0.000000	0.000000	0.254987	0.605107	0.233093	0.254988	0.604246	0.603501	1.000000	1.000000	1.000000	0.000000	0.000000	0.256933	0.254727	0.604266	0.604265	0.604265	0.000000	1.000000	0.000000	0.000000	0.602559	0.603519	1.000000	0.603501	0.603501	0.603501	0.242288	0.242306	0.272106	0.574930	1.000000	1.000000	0.268245	0.268241	0.268241	1.000000	0.226384
0.906000	20.633716	0.000000	0.000000	0.000000	0.050000	0.000000	3.700000	16.664200	-10.000000	0.000000	-121.131833	6.687585	-5.000000	0.000000	0.000000	0.230918	0.880323	0.211091	0.230919	0.878547	0.876878	1.000000	1.000000	1.000000	0.000000	0.000000	0.232681	0.230682	0.878565	0.878564	0.878563	0.000000	1.000000	0.000000	0.000000	0.876025	0.876894	1.000000	0.876877	0.876877	0.876877	0.219418	0.219434	0.246422	0.520661	1.000000	1.000000	0.242925	0.242921	0.242921	1.000000	0.205015
0.910950	20.633716	0.000000	0.000000	0.000000	0.050000	0.000000	3.700000	17.071522	-10.000000	0.000000	-121.770958	7.412936	-5.000000	0.000000	0.000000	0.209122	0.797227	0.191165	0.209122	0.795619	0.794108	1.000000	1.000000	1.000000	0.000000	0.000000	0.210717	0.208908	0.795635	0.795634	0.795634	0.000000	1.000000	0.000000	0.000000	0.793335	0.794122	1.000000	0.794107	0.794107	0.794107	0.198706	0.198721	0.223161	0.471515	1.000000	1.000000	0.219995	0.219991	0.219991	1.000000	0.185663
0.915900	20.633716	0.000000	0.000000	0.000000	0.050000	0.000000	3.700000	17.319228	-10.000000	0.000000	-122.217426	7.999198	-5.000000	0.000000	0.000000	0.189382	1.000000	0.173121	0.189383	1.000000	1.000000	1.000000	1.000000	1.000000	0.000000	0.000000	0.190827	0.189189	1.000000	1.000000	1.000000	0.000000	1.000000	0.000000	0.000000	1.000000	1.000000	1.000000	1.000000	1.000000	1.000000	0.179950	0.179963	0.202097	0.427008	0.930127	1.000000	0.199229	0.199226	0.199226	1.000000	0.168138
0.920850	20.633716	0.000000	0.000000	0.000000	0.050000	0.000000	3.700000	17.457104	-10.000000	0.000000	-122.521755	8.486904	-5.000000	0.000000	0.000000	0.171506	0.950303	0.156780	0.171506	0.948094	0.946855	1.000000	1.000000	1.000000	0.000000	0.000000	0.172815	0.171331	0.948108	0.948107	0.948107	0.000000	1.000000	0.000000	0.000000	0.945334	0.946867	1.000000	0.946855	0.946855	0.946855	0.162964	0.162976	0.183020	0.386701	1.000000	1.000000	0.180423	0.180420	0.180420	1.000000	0.152267
0.925800	20.633716	0.000000	0.000000	0.000000	0.050000	0.000000	3.700000	17.529479	-10.000000	0.000000	-122.728271	8.937371	-5.000000	0.000000	0.000000	0.155317	1.000000	0.141981	0.155318	1.000000	1.000000	1.000000	1.000000	1.000000	0.000000	0.000000	0.156502	0.155158	1.000000	1.000000	1.000000	0.000000	1.000000	0.000000	0.000000	1.000000	1.000000	1.000000	1.000000	1.000000	1.000000	0.147582	0.147593	0.165745	0.350200	0.942932	1.000000	0.163393	0.163390	0.163390	1.000000	0.137894
0.930750	20.633716	0.000000	0.000000	0.000000	0.050000	0.000000	3.700000	17.545480	-10.000000	0.000000	-122.847419	9.406265	-5.000000	0.000000	0.000000	0.140656	1.000000	0.128579	0.140657	1.000000	1.000000	1.000000	1.000000	1.000000	0.000000	0.000000	0.141730	0.140513	1.000000	1.000000	1.000000	0.000000	1.000000	0.000000	0.000000	1.000000	1.000000	1.000000	1.000000	1.000000	1.000000	0.133651	0.133661	0.150100	0.317144	0.853927	1.000000	0.147970	0.147967	0.147967	1.000000	0.124878
0.935700	20.633716	0.000000	0.000000	0.000000	0.050000	0.000000	3.700000	17.507094	-10.000000	0.000000	-122.876867	9.942493	-5.000000	0.000000	0.000000	0.127380	1.000000	0.116442	0.127380	1.000000	1.000000	1.000000	1.000000	1.000000	0.000000	0.000000	0.128352	0.127249	1.000000	1.000000	1.000000	0.000000	1.000000	0.000000	0.000000	1.000000	1.000000	1.000000	1.000000	1.000000	1.000000	0.121035	0.121044	0.135932	0.287208	0.773323	1.000000	0.134003	0.134001	0.134001	1.000000	0.113091
0.940650	20.633716	0.000000	0.000000	0.000000	0.050000	0.000000	3.700000	17.422048	-10.000000	0.000000	-122.820495	10.603391	-5.000000	0.000000	0.000000	0.115356	1.000000	0.105451	0.115356	1.000000	1.000000	1.000000	1.000000	1.000000	0.000000	0.000000	0.116236	0.115238	1.000000	1.000000	1.000000	0.000000	1.000000	0.000000	0.000000	1.000000	1.000000	1.000000	1.000000	1.000000	1.000000	0.109611	0.109619	0.123101	0.260098	0.700328	1.000000	0.121354	0.121352	0.121352	1.000000	0.102416
0.945600	20.633716	0.000000	0.000000	0.000000	0.050000	0.000000	3.700000	17.302164	-10.000000	0.000000	-122.698635	11.339306	-5.000000	0.000000	0.000000	0.104467	1.000000	0.095497	0.104468	1.000000	1.000000	1.000000	1.000000	1.000000	0.000000	0.000000	0.105264	0.104361	1.000000	1.000000	1.000000	0.000000	1.000000	0.000000	0.000000	1.000000	1.000000	1.000000	1.000000	1.000000	1.000000	0.099264	0.099272	0.111481	0.235547	0.634222	1.000000	0.109899	0.109897	0.109897	1.000000	0.092748
0.950550	20.633716	0.000000	0.000000	0.000000	0.050000	0.000000	3.700000	17.151648	-10.000000	0.000000	-122.517539	12.105571	-5.000000	0.000000	0.000000	0.094606	1.000000	0.086483	0.094607	1.000000	1.000000	0.931454	0.930308	0.930901	0.000000	0.000000	0.095328	0.094510	1.000000	1.000000	1.000000	0.000000	0.931442	0.000000	0.000000	1.000000	1.000000	0.927343	1.000000	1.000000	1.000000	0.089895	0.089901	0.100958	0.213313	0.574357	0.928011	0.099525	0.099524	0.099524	0.927675	0.083994
0.955500	20.633716	0.000000	0.000000	0.000000	0.050000	0.000000	3.700000	16.974299	-10.000000	0.000000	-122.278328	12.417368	-5.000000	0.000000	0.000000	0.085676	1.000000	0.078320	0.085677	1.000000	1.000000	0.843533	0.842494	0.843032	0.000000	0.000000	0.086330	0.085589	1.000000	1.000000	1.000000	0.000000	0.843521	0.000000	0.000000	1.000000	1.000000	0.839810	1.000000	1.000000	1.000000	0.359150	0.359156	0.401572	0.855777	0.520142	0.840414	0.399344	0.398415	0.398415	0.840109	0.076065
0.960450	20.633716	0.000000	0.000000	0.000000	0.050000	0.000000	3.700000	16.771530	-10.000000	0.000000	-122.004670	12.384104	-5.000000	0.000000	0.000000	0.077589	1.000000	0.070927	0.077589	1.000000	1.000000	0.763910	0.762969	0.763456	0.000000	0.000000	0.078181	0.077510	1.000000	1.000000	1.000000	0.000000	0.763900	0.000000	0.000000	1.000000	1.000000	0.760538	1.000000	1.000000	1.000000	0.325249	0.325254	0.363667	0.774999	0.471045	0.761086	0.361649	0.360808	0.360808	0.760810	0.068885
0.965400	20.633716	0.000000	0.000000	0.000000	0.050000	0.000000	3.700000	16.527206	-10.000000	0.000000	-121.664092	12.189941	-5.000000	0.000000	0.000000	0.070265	1.000000	0.064232	0.070266	1.000000	1.000000	0.691803	0.690951	0.691392	0.000000	0.000000	0.070802	0.070194	1.000000	1.000000	1.000000	0.000000	0.691794	0.000000	0.000000	1.000000	1.000000	0.688749	1.000000	1.000000	1.000000	0.294548	0.294553	0.329339	0.701845	0.426582	0.689245	0.327512	0.326750	0.326750	0.688995	0.062383
0.970350	20.633716	0.000000	0.000000	0.000000	0.050000	0.000000	3.700000	16.226502	-10.000000	0.000000	-121.246864	11.940903	-5.000000	0.000000	0.000000	0.063633	1.000000	0.058169	0.063633	1.000000	1.000000	0.626502	0.625731	0.626130	0.000000	0.000000	0.064118	0.063568	1.000000	1.000000	1.000000	0.000000	0.626494	0.000000	0.000000	1.000000	1.000000	0.623737	1.000000	1.000000	1.000000	0.266745	0.266749	0.298252	0.635596	0.386316	0.624186	0.296598	0.295908	0.295908	0.623960	0.056495
0.975300	20.633716	0.000000	0.000000	0.000000	0.050000	0.000000	3.700000	15.853195	-10.000000	0.000000	-120.730878	11.574536	-5.000000	0.000000	0.000000	0.057626	1.000000	0.052678	0.057627	1.000000	1.000000	0.567365	0.566667	0.567028	0.000000	0.000000	0.058066	0.057568	1.000000	1.000000	1.000000	0.000000	0.567358	0.000000	0.000000	1.000000	1.000000	0.564861	1.000000	1.000000	1.000000	0.241566	0.241570	0.270100	0.575601	0.349851	0.565268	0.579678	0.575337	0.575337	0.565063	0.051162
0.980250	20.633716	0.000000	0.000000	0.000000	0.050000	0.000000	3.700000	15.383154	-10.000000	0.000000	-120.091555	11.080839	-5.000000	0.000000	0.000000	0.052187	1.000000	0.047706	0.052187	1.000000	1.000000	0.513810	0.513178	0.513505	0.000000	0.000000	0.052585	0.052134	1.000000	1.000000	1.000000	0.000000	0.513804	0.000000	0.000000	1.000000	1.000000	0.511543	1.000000	1.000000	1.000000	0.218764	0.218768	0.244604	0.521269	0.316828	0.511911	0.524961	0.521030	0.521030	0.511725	0.046333
0.985200	20.633716	0.000000	0.000000	0.000000	0.050000	0.000000	3.700000	14.790855	-10.000000	0.000000	-119.296673	10.416158	-5.000000	0.000000	0.000000	0.047261	1.000000	0.043203	0.047261	1.000000	1.000000	0.465311	0.464738	0.465035	0.000000	0.000000	0.047622	0.047213	1.000000	1.000000	1.000000	0.000000	0.465305	0.000000	0.000000	1.000000	1.000000	0.463257	1.000000	1.000000	1.000000	0.198115	0.198118	0.221516	0.472065	0.286922	0.463591	0.475409	0.471849	0.471849	0.463423	0.041959
0.990150	20.633716	0.000000	0.000000	0.000000	0.050000	0.000000	3.700000	14.056903	-10.000000	0.000000	-118.323604	9.518061	-5.000000	0.000000	0.000000	0.042800	1.000000	0.039125	0.042800	1.000000	1.000000	0.421389	0.420870	0.421139	0.000000	0.000000	0.043126	0.042756	1.000000	1.000000	1.000000	0.000000	0.421384	0.000000	0.000000	1.000000	1.000000	0.419529	1.000000	1.000000	1.000000	0.464767	0.464770	0.519251	1.000000	0.259838	0.419831	0.430534	0.427310	0.427310	0.419679	0.037999
0.995100	20.633716	0.000000	0.000000	0.000000	0.050000	0.000000	3.700000	13.163433	-10.000000	0.000000	-117.146210	8.203971	-5.000000	0.000000	0.000000	0.038760	1.000000	0.035432	0.038760	1.000000	1.000000	0.381613	0.381144	0.381387	0.000000	0.000000	0.039056	0.038720	1.000000	1.000000	1.000000	0.000000	0.381608	0.000000	0.000000	1.000000	1.000000	0.379929	1.000000	1.000000	1.000000	0.420897	0.420900	0.470238	1.000000	0.235312	0.380203	0.389895	0.386975	0.386975	0.380065	0.034412
1.000050	20.633716	0.000000	0.000000	0.000000	0.050000	0.000000	3.700000	12.099507	-10.000000	0.000000	-115.759267	6.525742	-5.000000	0.000000	0.000000	0.035101	1.000000	0.032087	0.035101	1.000000	1.000000	0.345592	0.345167	0.345387	0.000000	0.000000	0.035369	0.035065	1.000000	1.000000	1.000000	0.000000	0.345588	0.000000	0.000000	1.000000	1.000000	0.344067	1.000000	1.000000	1.000000	0.381168	0.381170	0.425851	0.910598	0.213100	0.344315	0.353092	0.350448	0.350448	0.344190	0.031164
1.005000	20.633716	0.000000	0.000000	0.000000	0.050000	0.000000	3.700000	10.888236	-10.000000	0.000000	-114.203730	4.583273	-5.000000	0.000000	0.000000	0.031788	1.000000	0.029059	0.031788	1.000000	1.000000	0.312971	0.312586	0.312785	0.000000	0.000000	0.032031	0.031756	1.000000	1.000000	1.000000	0.000000	0.312967	0.000000	0.000000	1.000000	1.000000	0.311590	1.000000	1.000000	1.000000	0.345188	0.345191	0.385654	0.824645	0.192985	0.311814	0.319763	0.317368	0.317368	0.311701	0.028222
1.009950	20.633716	0.000000	0.000000	0.000000	0.050000	0.000000	3.700000	9.490308	-10.000000	0.000000	-112.431027	2.376606	-5.000000	0.000000	0.000000	0.028787	1.000000	0.026316	0.028788	1.000000	1.000000	0.283429	0.283080	0.283261	0.000000	0.000000	0.029007	0.028758	1.000000	1.000000	1.000000	0.000000	0.283425	0.000000	0.000000	1.000000	1.000000	0.282178	1.000000	1.000000	1.000000	0.312605	0.312607	0.349251	0.746805	0.174769	0.282381	0.289580	0.287411	0.287411	0.282279	0.025558
1.014900	20.633716	0.000000	0.000000	0.000000	0.050000	0.000000	3.700000	7.913007	-10.000000	0.000000	-110.467356	-0.061339	-5.000000	0.000000	0.000000	0.026070	1.000000	0.023832	0.026070	1.000000	1.000000	0.256676	0.256360	0.256523	0.000000	0.000000	0.026269	0.026044	1.000000	1.000000	1.000000	0.000000	0.256672	0.000000	0.000000	1.000000	1.000000	0.255543	1.000000	1.000000	1.000000	0.283098	0.283100	0.316285	0.676312	0.158272	0.255727	0.262246	0.260282	0.260282	0.255634	0.023146
1.019850	20.633716	0.000000	0.000000	0.000000	0.050000	0.000000	3.700000	6.150318	-10.000000	0.000000	-108.301002	-2.739549	-5.000000	0.000000	0.000000	0.023609	1.000000	0.021582	0.023609	1.000000	1.000000	0.232447	0.232161	0.232309	0.000000	0.000000	0.023789	0.023585	1.000000	1.000000	1.000000	0.000000	0.232444	0.000000	0.000000	1.000000	1.000000	0.231422	1.000000	1.000000	1.000000	0.256376	0.256377	0.286430	0.612474	0.143333	0.231588	0.237492	0.235713	0.235713	0.231504	0.020961
1.024800	20.633716	0.000000	0.000000	0.000000	0.050000	0.000000	3.700000	4.190476	-10.000000	0.000000	-105.899380	-5.680918	-5.000000	0.000000	0.000000	0.021381	1.000000	0.019545	0.021381	1.000000	1.000000	0.210506	0.210247	0.210381	0.000000	0.000000	0.021544	0.021359	1.000000	1.000000	1.000000	0.000000	0.210503	0.000000	0.000000	1.000000	1.000000	0.209577	1.000000	1.000000	1.000000	0.232176	0.232177	0.259393	0.554661	0.129803	0.209728	0.545417	0.543806	0.543806	0.209652	0.018982
1.029750	20.633716	0.000000	0.000000	0.000000	0.050000	0.000000	3.700000	2.017829	-10.000000	0.000000	-103.226040	-8.933262	-5.000000	0.000000	0.000000	0.019363	1.000000	0.017700	0.019363	1.000000	1.000000	0.190636	0.190401	0.190523	0.000000	0.000000	0.019510	0.019343	1.000000	1.000000	1.000000	0.000000	0.190634	0.000000	0.000000	1.000000	1.000000	0.189795	1.000000	1.000000	1.000000	0.210260	0.210262	0.234909	0.502306	0.117551	0.189931	0.493934	0.492475	0.492475	0.189863	0.017191
1.034700	20.633716	0.000000	0.000000	0.000000	0.050000	0.000000	3.700000	-0.395397	-10.000000	0.000000	-100.213181	-12.575987	-5.000000	0.000000	0.000000	0.017535	1.000000	0.016029	0.017535	1.000000	1.000000	0.172642	0.172429	0.172539	0.000000	0.000000	0.017669	0.017517	1.000000	1.000000	1.000000	0.000000	0.172639	0.000000	0.000000	1.000000	1.000000	0.171880	1.000000	1.000000	1.000000	0.480086	0.480087	0.536202	1.000000	0.106455	0.172003	0.447310	0.445989	0.445989	0.171941	0.015568
1.039650	20.633716	0.000000	0.000000	0.000000	0.050000	0.000000	3.700000	-3.062329	-10.000000	0.000000	-96.872628	-16.841805	-5.000000	0.000000	0.000000	0.015880	1.000000	0.014516	0.015880	1.000000	1.000000	0.156346	0.156153	0.156253	0.000000	0.000000	0.016001	0.015864	1.000000	1.000000	1.000000	0.000000	0.156344	0.000000	0.000000	1.000000	1.000000	0.155656	1.000000	1.000000	1.000000	0.434769	0.434770	0.485589	1.000000	0.096406	0.155768	0.405088	0.403892	0.403892	0.155711	0.014098
1.044600	20.633716	0.000000	0.000000	0.000000	0.050000	0.000000	3.700000	-5.995867	-10.000000	0.000000	-93.222882	-21.757639	-5.000000	0.000000	0.000000	0.014381	1.000000	0.013146	0.014381	1.000000	1.000000	0.141588	0.141413	0.141504	0.000000	0.000000	0.014491	0.014366	1.000000	1.000000	1.000000	0.000000	0.141586	0.000000	0.000000	1.000000	1.000000	0.140963	1.000000	1.000000	1.000000	0.393731	0.393732	0.439753	0.941534	0.087306	0.141064	0.366851	0.365767	0.365767	0.141013	0.012768
1.049550	20.633716	0.000000	0.000000	0.000000	0.050000	0.000000	3.700000	-8.536414	-10.000000	0.000000	-91.109433	-27.333728	-5.000000	0.000000	0.000000	0.013023	1.000000	0.011905	0.013023	1.000000	1.000000	0.128223	0.128065	0.128147	0.000000	0.000000	0.013123	0.013010	1.000000	1.000000	1.000000	0.000000	0.128221	0.000000	0.000000	1.000000	1.000000	0.127657	1.000000	1.000000	1.000000	0.356566	0.356566	0.398244	0.852661	0.079065	0.127749	0.332223	0.331242	0.331242	0.127703	0.011562
1.054500	20.633716	0.000000	0.000000	0.000000	0.050000	0.000000	3.700000	-8.686641	-10.000000	0.000000	-91.415726	-29.403663	-5.000000	0.000000	0.000000	0.011794	1.000000	0.010781	0.011794	1.000000	1.000000	0.116120	0.115977	0.116051	0.000000	0.000000	0.011884	0.011782	1.000000	1.000000	1.000000	0.000000	0.116118	0.000000	0.000000	1.000000	1.000000	0.115607	1.000000	1.000000	1.000000	0.322909	0.322909	0.360653	0.772176	0.071602	0.115691	0.613815	0.613869	0.613869	0.115649	0.010471
1.059450	20.633716	0.000000	0.000000	0.000000	0.050000	0.000000	3.700000	-8.554420	-10.000000	0.000000	-91.306764	-33.530530	-5.000000	0.000000	0.000000	0.010681	1.000000	0.009764	0.010681	1.000000	1.000000	0.105159	0.105030	0.105097	0.000000	0.000000	0.010762	0.010670	1.000000	1.000000	1.000000	0.000000	0.105158	0.000000	0.000000	1.000000	1.000000	0.104695	1.000000	1.000000	1.000000	0.292429	0.292429	0.326610	0.699289	0.064844	0.104770	0.555876	0.555924	0.555924	0.104732	0.009483
1.064400	20.633716	0.000000	0.000000	0.000000	0.050000	0.000000	3.700000	-8.500000	-10.000000	0.000000	-91.471748	-33.500000	-5.000000	0.000000	0.000000	0.009673	1.000000	0.008842	0.009673	1.000000	1.000000	0.095233	0.095116	0.095176	0.000000	0.000000	0.009746	0.009663	1.000000	1.000000	1.000000	0.000000	0.095232	0.000000	0.000000	1.000000	1.000000	0.094813	1.000000	1.000000	1.000000	0.264826	0.264826	0.615384	0.633282	0.058723	0.094881	0.503406	0.503449	0.503449	0.094846	0.008588
1.069350	20.633716	0.000000	0.000000	0.000000	0.050000	0.000000	3.700000	-8.808440	-10.000000	0.000000	-91.466037	-33.636084	-5.000000	0.000000	0.000000	0.008760	1.000000	0.008007	0.008760	1.000000	1.000000	0.086244	0.086137	0.086192	0.000000	0.000000	0.008826	0.008751	1.000000	1.000000	1.000000	0.000000	0.086242	0.000000	0.000000	1.000000	1.000000	0.085863	1.000000	1.000000	1.000000	0.239828	0.239829	0.557297	0.573505	0.053180	0.085925	0.455888	0.455928	0.455928	0.085894	0.007777
1.074300	20.633716	0.000000	0.000000	0.000000	0.050000	0.000000	3.700000	-8.613041	-10.000000	0.000000	-91.353120	-33.667169	-5.000000	0.000000	0.000000	0.007933	1.000000	0.007252	0.007933	1.000000	1.000000	0.078103	0.078007	0.078057	0.000000	0.000000	0.007993	0.007925	1.000000	1.000000	1.000000	0.000000	0.078102	0.000000	0.000000	1.000000	1.000000	0.077758	1.000000	1.000000	1.000000	0.217190	0.217191	0.504692	0.519371	0.048160	0.077814	0.412856	0.412892	0.412892	0.077786	0.007043
1.079250	20.633716	0.000000	0.000000	0.000000	0.050000	0.000000	3.700000	-8.513349	-10.000000	0.000000	-91.160993	-33.500000	-5.000000	0.000000	0.000000	0.007184	1.000000	0.006567	0.007184	1.000000	1.000000	0.404064	0.403977	0.404022	0.000000	0.000000	0.007239	0.007177	1.000000	1.000000	1.000000	0.000000	0.404063	0.000000	0.000000	1.000000	1.000000	0.070418	1.000000	1.000000	1.000000	0.196689	0.196690	0.457053	0.470346	0.249800	0.403802	0.373886	0.373918	0.373918	0.403777	0.006378
1.084200	20.633716	0.000000	0.000000	0.000000	0.050000	0.000000	3.700000	-8.908602	-10.000000	0.000000	-91.500000	-33.734527	-5.000000	0.000000	0.000000	0.006506	1.000000	0.005947	0.006506	1.000000	1.000000	0.365924	0.365845	0.365885	0.000000	0.000000	0.006556	0.006499	1.000000	1.000000	1.000000	0.000000	0.365923	0.000000	0.000000	1.000000	1.000000	0.366549	1.000000	1.000000	1.000000	0.178123	0.178124	0.413911	0.425949	0.226221	0.365687	0.338594	0.338623	0.338623	0.365664	0.327305
1.089150	20.633716	0.000000	0.000000	0.000000	0.050000	0.000000	3.700000	-8.689756	-10.000000	0.000000	-91.459029	-33.500000	-5.000000	0.000000	0.000000	0.005892	1.000000	0.005386	0.005892	1.000000	1.000000	0.331383	0.331312	0.331349	0.000000	0.000000	0.005937	0.005886	1.000000	1.000000	1.000000	0.000000	0.331382	0.000000	0.000000	1.000000	1.000000	0.331950	1.000000	1.000000	1.000000	0.458922	0.459818	0.374841	0.385743	0.204867	0.331169	0.306633	0.306660	0.306660	0.331148	0.296410
1.094100	20.633716	0.000000	0.000000	0.000000	0.050000	0.000000	3.700000	-8.548801	-10.000000	0.000000	-91.343086	-33.726388	-5.000000	0.000000	0.000000	0.318287	1.000000	0.315954	0.319229	1.000000	1.000000	0.603792	0.603727	0.603761	0.000000	0.000000	0.322112	0.317343	1.000000	1.000000	1.000000	0.000000	0.603791	0.000000	0.000000	1.000000	1.000000	0.605219	1.000000	1.000000	1.000000	0.415603	0.416415	0.339459	0.349332	0.373378	0.603598	0.277690	0.277714	0.277714	0.603579	0.268432
1.099050	20.633716	0.000000	0.000000	0.000000	0.050000	0.000000	3.700000	-8.672663	-10.000000	0.000000	-91.151011	-33.500000	-5.000000	0.000000	0.000000	0.288243	1.000000	0.286131	0.289096	1.000000	1.000000	0.878135	0.878077	0.878107	0.000000	0.000000	0.291707	0.287388	1.000000	1.000000	1.000000	0.000000	0.878135	0.000000	0.000000	1.000000	1.000000	0.880424	1.000000	1.000000	1.000000	0.376374	0.377108	0.307417	0.316358	0.542470	0.876965	0.251478	0.251500	0.251500	0.876948	0.243094
1.104000	20.633716	0.000000	0.000000	0.000000	0.050000	0.000000	3.700000	-8.747926	-10.000000	0.000000	-91.500000	-33.736696	-5.000000	0.000000	0.000000	0.261036	1.000000	0.259122	0.261808	1.000000	1.000000	0.795246	0.795193	0.795221	0.000000	0.000000	0.264172	0.260261	1.000000	1.000000	1.000000	0.000000	0.795246	0.000000	0.000000	1.000000	1.000000	0.797319	1.000000	1.000000	1.000000	0.340847	0.341512	0.278399	0.286496	0.491265	0.794187	0.227740	0.227760	0.227760	0.794171	0.220148
1.108950	20.633716	0.000000	0.000000	0.000000	0.050000	0.000000	3.700000	-8.829071	-10.000000	0.000000	-91.461940	-33.500000	-5.000000	0.000000	0.000000	0.236396	1.000000	0.234663	0.237095	1.000000	1.000000	1.000000	1.000000	1.000000	0.000000	0.000000	0.239236	0.235694	1.000000	1.000000	1.000000	0.000000	1.000000	0.000000	0.000000	1.000000	1.000000	1.000000	1.000000	1.000000	1.000000	0.308674	0.309276	0.252121	0.259453	0.646182	1.000000	0.206243	0.206261	0.206261	1.000000	0.199367
1.113900	20.633716	0.000000	0.000000	0.000000	0.050000	0.000000	3.700000	-8.912698	-10.000000	0.000000	-91.351491	-33.744612	-5.000000	0.000000	0.000000	0.214082	1.000000	0.212513	0.214715	1.000000	1.000000	0.947789	0.947745	0.947768	0.000000	0.000000	0.216654	0.213447	1.000000	1.000000	1.000000	0.000000	0.947788	0.000000	0.000000	1.000000	1.000000	0.951270	1.000000	1.000000	1.000000	0.279537	0.280083	0.228322	0.234963	0.585188	0.946033	0.186776	0.186792	0.186792	0.946020	0.180549
1.118850	20.633716	0.000000	0.000000	0.000000	0.050000	0.000000	3.700000	-8.998302	-10.000000	0.000000	-91.176153	-33.500000	-5.000000	0.000000	0.000000	0.193874	1.000000	0.192453	0.194448	1.000000	1.000000	1.000000	1.000000	1.000000	0.000000	0.000000	0.196204	0.193299	1.000000	1.000000	1.000000	0.000000	1.000000	0.000000	0.000000	1.000000	1.000000	1.000000	1.000000	1.000000	1.000000	0.253151	0.253645	0.206771	0.212784	0.729433	1.000000	0.169146	0.169160	0.169160	1.000000	0.163506
1.123800	20.633716	0.000000	0.000000	0.000000	0.050000	0.000000	3.700000	-8.894829	-10.000000	0.000000	-91.356332	-33.723240	-5.000000	0.000000	0.000000	0.175574	1.000000	0.174287	0.176094	1.000000	1.000000	1.000000	1.000000	1.000000	0.000000	0.000000	0.177684	0.175053	1.000000	1.000000	1.000000	0.000000	1.000000	0.000000	0.000000	1.000000	1.000000	1.000000	1.000000	1.000000	1.000000	0.229256	0.229703	0.187253	0.192699	0.660580	1.000000	0.153180	0.153193	0.153193	1.000000	0.148073
1.128750	20.633716	0.000000	0.000000	0.000000	0.050000	0.000000	3.700000	-8.718021	-10.000000	0.000000	-91.500000	-33.500000	-5.000000	0.000000	0.000000	0.159001	1.000000	0.157836	0.159472	1.000000	1.000000	1.000000	1.000000	1.000000	0.000000	0.000000	0.160912	0.158530	1.000000	1.000000	1.000000	0.000000	1.000000	0.000000	0.000000	1.000000	1.000000	1.000000	1.000000	1.000000	1.000000	0.207616	0.208021	0.169578	0.174510	0.793558	1.000000	0.138721	0.138733	0.138733	1.000000	0.134096
1.133700	20.633716	0.000000	0.000000	0.000000	0.050000	0.000000	3.700000	-8.538792	-10.000000	0.000000	-91.382833	-33.661463	-5.000000	0.000000	0.000000	0.143993	1.000000	0.142937	0.144419	1.000000	1.000000	1.000000	1.000000	1.000000	0.000000	0.000000	0.145723	0.143566	1.000000	1.000000	1.000000	0.000000	1.000000	0.000000	0.000000	1.000000	1.000000	1.000000	1.000000	1.000000	1.000000	0.188019	0.188386	0.153571	0.158037	0.718652	1.000000	0.125627	0.125637	0.125637	1.000000	0.121438
1.138650	20.633716	0.000000	0.000000	0.000000	0.050000	0.000000	3.700000	-8.978677	-10.000000	0.000000	-91.206613	-33.500000	-5.000000	0.000000	0.000000	0.130401	1.000000	0.129445	0.130787	1.000000	1.000000	1.000000	1.000000	1.000000	0.000000	0.000000	0.131968	0.130014	1.000000	1.000000	1.000000	0.000000	1.000000	0.000000	0.000000	1.000000	1.000000	1.000000	1.000000	1.000000	1.000000	0.170271	0.170604	0.139075	0.143120	0.843236	1.000000	0.113768	0.113778	0.113778	1.000000	0.109975
1.143600	20.633716	0.000000	0.000000	0.000000	0.050000	0.000000	3.700000	-8.707556	-10.000000	0.000000	-91.500000	-33.500000	-5.000000	0.000000	0.000000	0.118092	0.948333	0.117227	0.118442	0.946538	0.946567	1.000000	1.000000	1.000000	0.000000	0.000000	0.119511	0.117742	0.947272	0.947272	0.946900	0.000000	1.000000	0.000000	0.000000	0.946350	0.946567	1.000000	0.946509	0.946509	0.946509	0.154199	0.154500	0.125948	0.129611	0.763641	1.000000	0.103030	0.103038	0.103038	1.000000	0.099595
1.148550	20.633716	0.000000	0.000000	0.000000	0.050000	0.000000	3.700000	-8.534043	-10.000000	0.000000	-91.030375	-33.925660	-5.000000	0.000000	0.000000	0.106945	0.858817	0.106161	0.107262	0.857192	0.857218	1.000000	1.000000	1.000000	0.000000	0.000000	0.108230	0.106628	0.857857	0.857857	0.857520	0.000000	1.000000	0.000000	0.000000	0.857022	0.857218	1.000000	0.857166	0.857166	0.857166	0.139644	0.139916	0.114059	0.117376	0.880540	1.000000	0.093304	0.093312	0.093312	1.000000	0.090194
1.153500	20.633716	0.000000	0.000000	0.000000	0.050000	0.000000	3.700000	-8.928957	-10.000000	0.000000	-91.376150	-33.500000	-5.000000	0.000000	0.000000	0.096850	0.777752	0.096141	0.097137	0.776280	0.776304	1.000000	1.000000	1.000000	0.000000	0.000000	0.098014	0.096563	0.776882	0.776882	0.776577	0.000000	1.000000	0.000000	0.000000	0.776126	0.776304	1.000000	0.776256	0.776256	0.776256	0.126462	0.126709	0.103293	0.106297	1.000000	1.000000	0.084497	0.084505	0.084505	1.000000	0.415013
1.158450	20.633716	0.000000	0.000000	0.000000	0.050000	0.000000	3.700000	-8.680086	-10.000000	0.000000	-91.001875	-33.500000	-5.000000	0.000000	0.000000	0.392311	0.704338	0.390754	0.393487	0.703005	0.703027	1.000000	1.000000	1.000000	0.000000	0.000000	0.395201	0.392051	0.703551	0.703551	0.703274	0.000000	1.000000	0.000000	0.000000	0.702866	0.703027	1.000000	0.702984	0.702984	0.702984	0.114525	0.114749	0.093543	0.096263	0.907202	1.000000	0.076521	0.076528	0.076528	1.000000	0.375839
1.163400	20.633716	0.000000	0.000000	0.000000	0.050000	0.000000	3.700000	-8.860506	-10.000000	0.000000	-91.404544	-33.600388	-5.000000	0.000000	0.000000	0.355280	0.637854	0.353870	0.356345	0.636647	0.636667	1.000000	1.000000	1.000000	0.000000	0.000000	0.357897	0.355044	0.637141	0.637141	0.636891	0.000000	1.000000	0.000000	0.000000	0.636521	0.636667	1.000000	0.636628	0.636628	0.636628	0.103715	0.103918	0.084713	0.087177	1.000000	1.000000	0.069298	0.069304	0.069304	1.000000	0.340363
1.168350	20.633716	0.000000	0.000000	0.000000	0.050000	0.000000	3.700000	-8.902783	-10.000000	0.000000	-91.414780	-33.586126	-5.000000	0.000000	0.000000	0.321744	0.577646	0.320468	0.322709	0.576553	0.576570	1.000000	1.000000	1.000000	0.000000	0.000000	0.324114	0.321531	0.577000	0.577000	0.576773	0.000000	1.000000	0.000000	0.000000	0.576439	0.576571	1.000000	0.576535	0.576535	0.576535	0.093925	0.094109	0.076717	0.078948	0.925761	1.000000	0.062757	0.062763	0.062763	1.000000	0.308236
1.173300	20.633716	0.000000	0.000000	0.000000	0.050000	0.000000	3.700000	-8.786959	-10.000000	0.000000	-91.067196	-33.548797	-5.000000	0.000000	0.000000	0.291374	0.523121	0.290218	0.292248	0.522131	0.522147	1.000000	1.000000	1.000000	0.000000	0.000000	0.293521	0.291181	0.522536	0.522536	0.522330	0.000000	1.000000	0.000000	0.000000	0.522027	0.522147	1.000000	0.522115	0.522115	0.522115	0.085059	0.085226	0.069475	0.071496	1.000000	1.000000	0.056833	0.056838	0.056838	1.000000	0.279141
1.178250	20.633716	0.000000	0.000000	0.000000	0.050000	0.000000	3.700000	-8.580553	-10.000000	0.000000	-91.260874	-33.496002	-5.000000	0.000000	0.000000	0.263871	0.473742	0.262824	0.264662	0.472846	0.472860	1.000000	1.000000	1.000000	0.000000	0.000000	0.265815	0.263696	0.473212	0.473212	0.473026	0.000000	1.000000	0.000000	0.000000	0.472752	0.472860	1.000000	0.472831	0.472831	0.472831	0.077031	0.077181	0.062917	0.064747	0.937200	1.000000	0.051469	0.051473	0.051473	1.000000	0.252792
1.183200	20.633716	0.000000	0.000000	0.000000	0.050000	0.000000	3.700000	-8.795489	-10.000000	0.000000	-91.440353	-33.500000	-5.000000	0.000000	0.000000	0.238964	0.429025	0.238015	0.239680	0.428213	0.428226	1.000000	1.000000	1.000000	0.000000	0.000000	0.240724	0.238805	0.428545	0.428545	0.428377	0.000000	1.000000	0.000000	0.000000	0.428128	0.428226	1.000000	0.428200	0.428200	0.428200	0.069759	0.069896	0.056979	0.058636	1.000000	1.000000	0.046610	0.046615	0.046615	1.000000	0.228930
1.188150	20.633716	0.000000	0.000000	0.000000	0.050000	0.000000	3.700000	-8.848218	-10.000000	0.000000	-91.485147	-33.207137	-5.000000	0.000000	0.000000	0.216407	0.388528	0.215549	0.217056	0.387793	0.387805	1.000000	1.000000	1.000000	0.000000	0.000000	0.218001	0.216264	0.388094	0.388094	0.387941	0.000000	1.000000	0.000000	0.000000	0.387716	0.387805	1.000000	0.387781	0.387781	0.387781	0.063175	0.063298	0.051600	0.053101	0.943402	1.000000	0.042211	0.042214	0.042214	1.000000	0.207321
1.193100	20.633716	0.000000	0.000000	0.000000	0.050000	0.000000	3.700000	-8.629904	-10.000000	0.000000	-91.076686	-30.601747	-5.000000	0.000000	0.000000	0.195980	0.351854	0.195203	0.196568	0.351188	0.351199	1.000000	1.000000	1.000000	0.000000	0.000000	0.197424	0.195850	0.351461	0.351461	0.351323	0.000000	1.000000	0.000000	0.000000	0.351119	0.351199	1.000000	0.351178	0.351178	0.351178	0.057212	0.057323	0.046730	0.048089	1.000000	1.000000	0.038226	0.038230	0.038230	1.000000	0.187752
1.198050	20.633716	0.000000	0.000000	0.000000	0.050000	0.000000	3.700000	-8.916542	-10.000000	0.000000	-91.196588	-31.098131	-5.000000	0.000000	0.000000	0.177481	0.318642	0.176777	0.178013	0.318039	0.318049	1.000000	1.000000	1.000000	0.000000	0.000000	0.178789	0.177363	0.318286	0.318286	0.318161	0.000000	1.000000	0.000000	0.000000	0.317976	0.318049	1.000000	0.318029	0.318029	0.318029	0.051811	0.051912	0.042319	0.043549	1.000000	1.000000	0.034618	0.034621	0.034621	1.000000	0.170029
1.203000	20.633716	0.000000	0.000000	0.000000	0.050000	0.000000	3.700000	-8.864424	-10.000000	0.000000	-91.408337	-29.782264	-5.000000	0.000000	0.000000	0.472741	0.288565	0.469304	0.474162	0.288019	0.288027	1.000000	1.000000	1.000000	0.000000	0.000000	0.479601	0.471698	0.288242	0.288242	0.288129	0.000000	1.000000	0.000000	0.000000	0.287962	0.288028	1.000000	0.288010	0.288010	0.288010	0.046921	0.047012	0.038324	0.039439	1.000000	1.000000	0.031350	0.031353	0.031353	1.000000	0.461341
1.207950	20.633716	0.000000	0.000000	0.000000	0.050000	0.000000	3.700000	-8.695606	-10.000000	0.000000	-91.460658	-27.726213	-5.000000	0.000000	0.000000	0.428118	0.261327	0.425005	0.429405	0.260832	0.260840	1.000000	1.000000	1.000000	0.000000	0.000000	0.434330	0.427174	0.261034	0.261034	0.260932	0.000000	1.000000	0.000000	0.000000	0.260780	0.260840	1.000000	0.260824	0.260824	0.260824	0.042492	0.042575	0.034707	0.035716	1.000000	1.000000	0.028391	0.028394	0.028394	1.000000	0.417794
1.212900	20.633716	0.000000	0.000000	0.000000	0.050000	0.000000	3.700000	-8.448466	-10.000000	0.000000	-91.942290	-26.050041	-5.000000	0.000000	0.000000	0.387707	0.236659	0.384888	0.388872	0.236212	0.236219	1.000000	1.000000	1.000000	0.000000	0.000000	0.393333	0.386852	0.236395	0.236395	0.236302	0.000000	1.000000	0.000000	0.000000	0.236165	0.236219	1.000000	0.236204	0.236204	0.236204	0.038481	0.038556	0.031431	0.032345	1.000000	1.000000	0.025711	0.025714	0.025714	1.000000	0.378357
1.217850	20.633716	0.000000	0.000000	0.000000	0.050000	0.000000	3.700000	-8.096464	-10.000000	0.000000	-92.520932	-23.990129	-5.000000	0.000000	0.000000	0.351111	0.214321	0.348558	0.352166	0.213915	0.213922	1.000000	1.000000	1.000000	0.000000	0.000000	0.356205	0.350336	0.214081	0.214081	0.213997	0.000000	1.000000	0.000000	0.000000	0.213873	0.213922	1.000000	0.213908	0.213908	0.213908	0.034849	0.034917	0.028464	0.029292	1.000000	1.000000	0.023284	0.023286	0.023286	1.000000	0.342643
1.222800	20.633716	0.000000	0.000000	0.000000	0.050000	0.000000	3.700000	-7.587652	-10.000000	0.000000	-93.245759	-21.828457	-5.000000	0.000000	0.000000	0.317969	0.194090	0.315657	0.318924	0.193723	0.193729	1.000000	1.000000	1.000000	0.000000	0.000000	0.322582	0.317267	0.193873	0.193873	0.193797	0.000000	1.000000	0.000000	0.000000	0.193685	0.193729	1.000000	0.193717	0.193717	0.193717	0.031559	0.031621	0.025777	0.026527	1.000000	1.000000	0.021087	0.021088	0.021088	1.000000	0.310301
1.227750	20.633716	0.000000	0.000000	0.000000	0.050000	0.000000	3.700000	-6.863499	-10.000000	0.000000	-94.170389	-19.391818	-5.000000	0.000000	0.000000	0.287955	0.175770	0.285861	0.288820	0.175437	0.175443	1.000000	1.000000	1.000000	0.000000	0.000000	0.292133	0.287320	0.175573	0.175573	0.175504	0.000000	1.000000	0.000000	0.000000	0.175402	0.175443	1.000000	0.175432	0.175432	0.175432	0.028580	0.028636	0.023344	0.024023	1.000000	1.000000	0.019096	0.019098	0.019098	1.000000	0.281011
1.232700	20.633716	0.000000	0.000000	0.000000	0.050000	0.000000	3.700000	-5.923135	-10.000000	0.000000	-95.293366	-16.749156	-5.000000	0.000000	0.000000	0.260774	0.159179	0.258878	0.261558	0.158877	0.158882	1.000000	1.000000	1.000000	0.000000	0.000000	0.264558	0.260199	0.159001	0.159001	0.158938	0.000000	1.000000	0.000000	0.000000	0.158846	0.158882	1.000000	0.158872	0.158872	0.158872	0.025882	0.025933	0.021140	0.021755	1.000000	1.000000	0.017294	0.017295	0.017295	1.000000	0.254485
1.237650	20.633716	0.000000	0.000000	0.000000	0.050000	0.000000	3.700000	-4.751792	-10.000000	0.000000	-96.632826	-13.932111	-5.000000	0.000000	0.000000	0.236159	0.144153	0.234442	0.236869	0.143881	0.143885	1.000000	1.000000	1.000000	0.000000	0.000000	0.239586	0.235638	0.143992	0.143992	0.143936	0.000000	1.000000	0.000000	0.000000	0.143852	0.143885	1.000000	0.143876	0.143876	0.143876	0.023439	0.023485	0.019145	0.019702	1.000000	1.000000	0.015661	0.015663	0.015663	1.000000	0.230464
1.242600	20.633716	0.000000	0.000000	0.000000	0.050000	0.000000	3.700000	-3.361719	-10.000000	0.000000	-98.178320	-10.964545	-5.000000	0.000000	0.000000	0.213868	0.130546	0.212313	0.214510	0.130299	0.130303	1.000000	1.000000	1.000000	0.000000	0.000000	0.216971	0.213396	0.130400	0.130400	0.130349	0.000000	1.000000	0.000000	0.000000	0.130274	0.130303	1.000000	0.130295	0.130295	0.130295	0.021227	0.021268	0.017338	0.017842	1.000000	1.000000	0.014183	0.014184	0.014184	1.000000	0.208710
1.247550	20.633716	0.000000	0.000000	0.000000	0.050000	0.000000	3.700000	-1.760049	-10.000000	0.000000	-99.927098	-7.856264	-5.000000	0.000000	0.000000	0.517148	0.118224	0.509007	0.520658	0.118000	0.118004	1.000000	1.000000	1.000000	0.000000	0.000000	0.196491	0.518670	0.118092	0.118092	0.118045	0.000000	1.000000	0.000000	0.000000	0.117977	0.118004	1.000000	0.117997	0.117997	0.117997	0.019223	0.019261	0.015701	0.016158	1.000000	1.000000	0.012844	0.012845	0.012845	1.000000	0.501961
1.252500	20.633716	0.000000	0.000000	0.000000	0.050000	0.000000	3.700000	0.070213	-10.000000	0.000000	-102.021295	-4.585871	-5.000000	0.000000	0.000000	0.468333	0.107065	0.460961	0.471512	0.106862	0.106865	1.000000	1.000000	1.000000	0.000000	0.000000	0.177943	0.469712	0.106945	0.106945	0.106903	0.000000	1.000000	0.000000	0.000000	0.106841	0.106865	1.000000	0.106859	0.106859	0.106859	0.017409	0.017443	0.014219	0.014633	1.000000	1.000000	0.011632	0.011633	0.011633	1.000000	0.454580
1.257450	20.633716	0.000000	0.000000	0.000000	0.050000	0.000000	3.700000	2.115135	-10.000000	0.000000	-104.409861	-1.196797	-5.000000	0.000000	0.000000	0.424126	0.096958	0.417450	0.427005	0.096775	0.096778	1.000000	1.000000	1.000000	0.000000	0.000000	0.475985	0.425375	0.096850	0.096850	0.096812	0.000000	1.000000	0.000000	0.000000	0.096756	0.096778	1.000000	0.096772	0.096772	0.096772	0.015765	0.015796	0.012877	0.013252	1.000000	1.000000	0.010534	0.010535	0.010535	1.000000	0.411671
1.262400	20.633716	0.000000	0.000000	0.000000	0.050000	0.000000	3.700000	4.337667	-10.000000	0.000000	-106.998447	2.296603	-5.000000	0.000000	0.000000	0.384092	0.087806	0.378046	0.386699	0.087640	0.087643	1.000000	1.000000	1.000000	0.000000	0.000000	0.431056	0.385223	0.087708	0.087708	0.087674	0.000000	1.000000	0.000000	0.000000	0.087623	0.087643	1.000000	0.087637	0.087637	0.087637	0.014277	0.014305	0.011662	0.012001	1.000000	1.000000	0.009540	0.009540	0.009540	1.000000	0.372813
1.267350	20.633716	0.000000	0.000000	0.000000	0.050000	0.000000	3.700000	6.698141	-10.000000	0.000000	-109.711559	5.906555	-5.000000	0.000000	0.000000	0.347837	0.079518	0.342361	0.350198	0.079368	0.079370	1.000000	1.000000	1.000000	0.000000	0.000000	0.390367	0.348861	0.079429	0.079429	0.079398	0.000000	1.000000	0.000000	0.000000	0.079352	0.079370	1.000000	0.079365	0.079365	0.079365	0.012930	0.012955	0.010561	0.010868	1.000000	1.000000	0.008639	0.008640	0.008640	1.000000	0.337622
1.272300	20.633716	0.000000	0.000000	0.000000	0.050000	0.000000	3.700000	9.187014	-10.000000	0.000000	-112.515086	9.646890	-5.000000	0.000000	0.000000	0.315004	0.072012	0.310045	0.317142	0.071876	0.071878	1.000000	1.000000	1.000000	0.000000	0.000000	0.353520	0.315931	0.071932	0.071932	0.071903	0.000000	1.000000	0.000000	0.000000	0.071862	0.071878	1.000000	0.071874	0.071874	0.071874	0.011709	0.011732	0.009564	0.009842	1.000000	1.000000	0.007824	0.007824	0.007824	1.000000	0.305753
1.277250	20.633716	0.000000	0.000000	0.000000	0.050000	0.000000	3.700000	11.553508	-10.000000	0.000000	-115.144440	12.861723	-5.000000	0.000000	0.000000	0.285270	0.371653	0.280779	0.287206	0.369694	0.369696	1.000000	1.000000	1.000000	0.000000	0.000000	0.320150	0.286110	0.370661	0.370661	0.369719	0.000000	1.000000	0.000000	0.000000	0.369681	0.369696	1.000000	0.369692	0.369692	0.369692	0.293397	0.293417	0.326349	0.687632	1.000000	1.000000	0.323820	0.323821	0.323821	1.000000	0.276893
1.282200	20.633716	0.000000	0.000000	0.000000	0.050000	0.000000	3.700000	13.226172	-10.000000	0.000000	-117.096746	14.802854	-5.000000	0.000000	0.000000	0.258343	0.336572	0.254276	0.260096	0.334798	0.334800	1.000000	1.000000	1.000000	0.000000	0.000000	0.289931	0.259103	0.335674	0.335674	0.334820	0.000000	1.000000	0.000000	0.000000	0.334786	0.334800	1.000000	0.334796	0.334796	0.334796	0.265702	0.265721	0.295545	0.622725	1.000000	1.000000	0.293254	0.293255	0.293255	1.000000	0.250756
1.287150	20.633716	0.000000	0.000000	0.000000	0.050000	0.000000	3.700000	14.525397	-10.000000	0.000000	-118.657025	16.323706	-5.000000	0.000000	0.000000	0.233957	0.611241	0.230274	0.235545	0.608715	0.608716	1.000000	1.000000	1.000000	0.000000	0.000000	0.262564	0.234646	0.609508	0.609508	0.608735	0.000000	1.000000	0.000000	0.000000	0.608704	0.608716	1.000000	0.608713	0.608713	0.608713	0.240622	0.240639	0.267648	0.563944	1.000000	1.000000	0.265573	0.265574	0.265574	1.000000	0.227087
1.292100	20.633716	0.000000	0.000000	0.000000	0.050000	0.000000	3.700000	15.119497	-10.000000	0.000000	-119.511314	17.303592	-5.000000	0.000000	0.000000	0.211873	0.553545	0.208538	0.213312	0.884590	0.884592	1.000000	1.000000	1.000000	0.000000	0.000000	0.237780	0.212497	0.885308	0.885308	0.884609	0.000000	1.000000	0.000000	0.000000	0.884581	0.884592	1.000000	0.884589	0.884589	0.884589	0.217909	0.217925	0.242384	0.510712	1.000000	1.000000	0.240505	0.240506	0.240506	1.000000	0.205652
1.297050	20.633716	0.000000	0.000000	0.000000	0.050000	0.000000	3.700000	15.539922	-10.000000	0.000000	-120.162428	18.116072	-5.000000	0.000000	0.000000	0.191874	0.804072	0.188854	0.193177	0.801092	0.801093	1.000000	1.000000	1.000000	0.000000	0.000000	0.215335	0.192439	0.801742	0.801742	0.801109	0.000000	1.000000	0.000000	0.000000	0.801083	0.801093	1.000000	0.801091	0.801091	0.801091	0.197340	0.197354	0.219505	0.462505	1.000000	1.000000	0.217804	0.217804	0.217804	1.000000	0.186240
1.302000	20.633716	0.000000	0.000000	0.000000	0.050000	0.000000	3.700000	15.783399	-10.000000	0.000000	-120.604134	18.775201	-5.000000	0.000000	0.000000	0.173763	1.000000	0.171028	0.174942	1.000000	1.000000	1.000000	1.000000	1.000000	0.000000	0.000000	0.195009	0.174274	1.000000	1.000000	1.000000	0.000000	1.000000	0.000000	0.000000	1.000000	1.000000	1.000000	1.000000	1.000000	1.000000	0.178713	0.178726	0.198785	0.418848	0.937484	1.000000	0.197245	0.197245	0.197245	1.000000	0.168660
1.306950	20.633716	0.000000	0.000000	0.000000	0.050000	0.000000	3.700000	15.924863	-10.000000	0.000000	-120.906805	19.336873	-5.000000	0.000000	0.000000	0.157361	0.958601	0.154884	0.158429	0.955259	0.955260	1.000000	1.000000	1.000000	0.000000	0.000000	0.176602	0.157824	0.955793	0.955793	0.955273	0.000000	1.000000	0.000000	0.000000	0.954357	0.955260	1.000000	0.954363	0.954363	0.954363	0.161844	0.161855	0.180021	0.379312	1.000000	1.000000	0.178626	0.178627	0.178627	1.000000	0.152740
1.311900	20.633716	0.000000	0.000000	0.000000	0.050000	0.000000	3.700000	15.995737	-10.000000	0.000000	-121.104691	19.909640	-5.000000	0.000000	0.000000	0.142507	1.000000	0.140264	0.143475	1.000000	1.000000	1.000000	1.000000	1.000000	0.000000	0.000000	0.159932	0.142927	1.000000	1.000000	1.000000	0.000000	1.000000	0.000000	0.000000	1.000000	1.000000	1.000000	1.000000	1.000000	1.000000	0.146567	0.146577	0.163029	0.343508	0.950052	1.000000	0.161765	0.161766	0.161766	1.000000	0.138323
1.316850	20.633716	0.000000	0.000000	0.000000	0.050000	0.000000	3.700000	16.007163	-10.000000	0.000000	-121.206710	20.537772	-5.000000	0.000000	0.000000	0.129056	1.000000	0.127024	0.129932	1.000000	1.000000	1.000000	1.000000	1.000000	0.000000	0.000000	0.144836	0.129436	1.000000	1.000000	1.000000	0.000000	1.000000	0.000000	0.000000	1.000000	1.000000	1.000000	1.000000	1.000000	1.000000	0.132732	0.132742	0.147640	0.311084	0.860374	1.000000	0.146496	0.146496	0.146496	1.000000	0.125266
1.321800	20.633716	0.000000	0.000000	0.000000	0.050000	0.000000	3.700000	15.957079	-10.000000	0.000000	-121.205548	21.275694	-5.000000	0.000000	0.000000	0.116874	1.000000	0.115034	0.117667	1.000000	1.000000	1.000000	1.000000	1.000000	0.000000	0.000000	0.131164	0.117218	1.000000	1.000000	1.000000	0.000000	1.000000	0.000000	0.000000	1.000000	1.000000	1.000000	1.000000	1.000000	1.000000	0.120203	0.120212	0.133704	0.281720	0.779162	1.000000	0.132668	0.132668	0.132668	1.000000	0.113442
1.326750	20.633716	0.000000	0.000000	0.000000	0.050000	0.000000	3.700000	15.858864	-10.000000	0.000000	-121.117369	22.081407	-5.000000	0.000000	0.000000	0.105842	1.000000	0.104176	0.106561	1.000000	1.000000	1.000000	1.000000	1.000000	0.000000	0.000000	0.118784	0.106154	1.000000	1.000000	1.000000	0.000000	1.000000	0.000000	0.000000	1.000000	1.000000	1.000000	1.000000	1.000000	1.000000	0.108857	0.108865	0.121084	0.255128	0.705615	1.000000	0.120145	0.120145	0.120145	1.000000	0.102734
1.331700	20.633716	0.000000	0.000000	0.000000	0.050000	0.000000	3.700000	15.725390	-10.000000	0.000000	-120.967002	22.913694	-5.000000	0.000000	0.000000	0.095851	1.000000	0.094343	0.096502	1.000000	1.000000	1.000000	1.000000	1.000000	0.000000	0.000000	0.107571	0.096134	1.000000	1.000000	1.000000	0.000000	1.000000	0.000000	0.000000	1.000000	1.000000	1.000000	1.000000	1.000000	1.000000	0.098582	0.098589	0.109654	0.231046	0.639011	1.000000	0.108804	0.108805	0.108805	1.000000	0.093037
1.336650	20.633716	0.000000	0.000000	0.000000	0.050000	0.000000	3.700000	15.558352	-10.000000	0.000000	-120.744960	23.764684	-5.000000	0.000000	0.000000	0.086804	1.000000	0.085437	0.087393	1.000000	1.000000	0.938484	0.937972	0.938358	0.000000	0.000000	0.097417	0.087059	1.000000	1.000000	1.000000	0.000000	0.938407	0.000000	0.000000	1.000000	1.000000	0.939848	1.000000	1.000000	1.000000	0.089277	0.089283	0.099304	0.209237	0.578693	0.935117	0.098534	0.098534	0.098534	0.935087	0.084255
1.341600	20.633716	0.000000	0.000000	0.000000	0.050000	0.000000	3.700000	15.366087	-10.000000	0.000000	-120.460794	24.131125	-5.000000	0.000000	0.000000	0.078610	1.000000	0.077373	0.079144	1.000000	1.000000	0.849899	0.849435	0.849784	0.000000	0.000000	0.088222	0.078842	1.000000	1.000000	1.000000	0.000000	0.849829	0.000000	0.000000	1.000000	1.000000	0.851133	1.000000	1.000000	1.000000	0.358590	0.358596	0.400074	0.852086	0.524069	0.846849	0.399377	0.398446	0.398446	0.846822	0.076302
1.346550	20.633716	0.000000	0.000000	0.000000	0.050000	0.000000	3.700000	15.153893	-10.000000	0.000000	-120.152503	24.111937	-5.000000	0.000000	0.000000	0.071190	1.000000	0.070069	0.071673	1.000000	1.000000	0.769675	0.769255	0.769571	0.000000	0.000000	0.079895	0.071400	1.000000	1.000000	1.000000	0.000000	0.769612	0.000000	0.000000	1.000000	1.000000	0.770793	1.000000	1.000000	1.000000	0.324742	0.324747	0.362310	0.771656	0.474601	0.766914	0.361679	0.360836	0.360836	0.766889	0.069099
1.351500	20.633716	0.000000	0.000000	0.000000	0.050000	0.000000	3.700000	14.902415	-10.000000	0.000000	-119.784393	23.945736	-5.000000	0.000000	0.000000	0.064470	1.000000	0.063455	0.064908	1.000000	1.000000	0.697024	0.696643	0.696930	0.000000	0.000000	0.072353	0.064660	1.000000	1.000000	1.000000	0.000000	0.696966	0.000000	0.000000	1.000000	1.000000	0.698036	1.000000	1.000000	1.000000	0.294089	0.294094	0.328111	0.698818	0.429803	0.694523	0.327539	0.326776	0.326776	0.694500	0.062577
1.356450	20.633716	0.000000	0.000000	0.000000	0.050000	0.000000	3.700000	14.597545	-10.000000	0.000000	-119.342491	23.695492	-5.000000	0.000000	0.000000	0.058385	1.000000	0.057466	0.058781	1.000000	1.000000	0.631230	0.630886	0.631145	0.000000	0.000000	0.065524	0.058557	1.000000	1.000000	1.000000	0.000000	0.631178	0.000000	0.000000	1.000000	1.000000	0.632147	1.000000	1.000000	1.000000	0.266329	0.266333	0.297140	0.632855	0.389233	0.628966	0.296622	0.295931	0.295931	0.628945	0.056670
1.361400	20.633716	0.000000	0.000000	0.000000	0.050000	0.000000	3.700000	14.223024	-10.000000	0.000000	-118.810966	23.361073	-5.000000	0.000000	0.000000	0.052874	1.000000	0.052041	0.053233	1.000000	1.000000	0.571647	0.571335	0.571570	0.000000	0.000000	0.059339	0.053029	1.000000	1.000000	1.000000	0.000000	0.571600	0.000000	0.000000	1.000000	1.000000	0.572478	1.000000	1.000000	1.000000	0.241190	0.241194	0.269092	0.573118	0.352492	0.569596	0.268623	0.267998	0.267998	0.569578	0.051321
1.366350	20.633716	0.000000	0.000000	0.000000	0.050000	0.000000	3.700000	13.758162	-10.000000	0.000000	-118.172480	22.923804	-5.000000	0.000000	0.000000	0.047883	1.000000	0.047129	0.048208	1.000000	1.000000	0.517688	0.517406	0.517618	0.000000	0.000000	0.053738	0.048024	1.000000	1.000000	1.000000	0.000000	0.517646	0.000000	0.000000	1.000000	1.000000	0.518440	1.000000	1.000000	1.000000	0.218423	0.218427	0.243692	0.519020	0.319220	0.515831	0.243267	0.242701	0.242701	0.515814	0.046477
1.371300	20.633716	0.000000	0.000000	0.000000	0.050000	0.000000	3.700000	13.176461	-10.000000	0.000000	-117.390983	22.347732	-5.000000	0.000000	0.000000	0.043363	1.000000	0.042681	0.043657	1.000000	1.000000	0.468823	0.468567	0.468759	0.000000	0.000000	0.048665	0.043491	1.000000	1.000000	1.000000	0.000000	0.468784	0.000000	0.000000	1.000000	1.000000	0.469504	1.000000	1.000000	1.000000	0.197806	0.197809	0.220689	0.470029	0.289088	0.467141	0.220305	0.219792	0.219792	0.467125	0.042090
1.376250	20.633716	0.000000	0.000000	0.000000	0.050000	0.000000	3.700000	12.458893	-10.000000	0.000000	-116.445029	21.581903	-5.000000	0.000000	0.000000	0.039270	1.000000	0.038652	0.039537	1.000000	1.000000	0.424570	0.424338	0.424512	0.000000	0.000000	0.044072	0.039386	1.000000	1.000000	1.000000	0.000000	0.424534	0.000000	0.000000	1.000000	1.000000	0.425186	1.000000	1.000000	1.000000	0.470553	0.471432	0.525275	1.000000	0.261800	0.423046	0.525906	0.524462	0.524462	0.423032	0.038117
1.381200	20.633716	0.000000	0.000000	0.000000	0.050000	0.000000	3.700000	11.606777	-10.000000	0.000000	-115.332055	20.441798	-5.000000	0.000000	0.000000	0.035563	1.000000	0.035003	0.035805	1.000000	1.000000	0.384494	0.384284	0.384442	0.000000	0.000000	0.039912	0.035668	1.000000	1.000000	1.000000	0.000000	0.384462	0.000000	0.000000	1.000000	1.000000	0.385052	1.000000	1.000000	1.000000	0.426136	0.426933	0.475693	1.000000	0.237088	0.383114	0.476265	0.474957	0.474957	0.383102	0.034519
1.386150	20.633716	0.000000	0.000000	0.000000	0.050000	0.000000	3.700000	10.582387	-10.000000	0.000000	-114.006142	18.914614	-5.000000	0.000000	0.000000	0.032206	1.000000	0.031699	0.032425	1.000000	1.000000	0.348200	0.348010	0.348153	0.000000	0.000000	0.036144	0.032301	1.000000	1.000000	1.000000	0.000000	0.348172	0.000000	0.000000	1.000000	1.000000	0.348706	1.000000	1.000000	1.000000	0.385912	0.386634	0.430791	0.924435	0.214709	0.346951	0.431309	0.430125	0.430125	0.346940	0.031261
1.391100	20.633716	0.000000	0.000000	0.000000	0.050000	0.000000	3.700000	9.393307	-10.000000	0.000000	-112.492962	17.117131	-5.000000	0.000000	0.000000	0.029166	1.000000	0.028707	0.029364	1.000000	1.000000	0.315333	0.315161	0.315291	0.000000	0.000000	0.032732	0.029252	1.000000	1.000000	1.000000	0.000000	0.315307	0.000000	0.000000	1.000000	1.000000	0.315791	1.000000	1.000000	1.000000	0.349485	0.350139	0.390128	0.837176	0.194442	0.314202	0.390597	0.389524	0.389524	0.314191	0.028310
1.396050	20.633716	0.000000	0.000000	0.000000	0.050000	0.000000	3.700000	8.030638	-10.000000	0.000000	-110.785929	15.078471	-5.000000	0.000000	0.000000	0.026413	1.000000	0.025997	0.026593	1.000000	1.000000	0.285568	0.285412	0.285530	0.000000	0.000000	0.029643	0.026491	1.000000	1.000000	1.000000	0.000000	0.285545	0.000000	0.000000	1.000000	1.000000	0.285983	1.000000	1.000000	1.000000	0.316497	0.317088	0.353303	0.758153	0.176089	0.284544	0.353728	0.352756	0.352756	0.284534	0.025638
1.401000	20.633716	0.000000	0.000000	0.000000	0.050000	0.000000	3.700000	6.490217	-10.000000	0.000000	-108.886633	12.822149	-5.000000	0.000000	0.000000	0.023920	1.000000	0.023543	0.024082	1.000000	1.000000	0.258613	0.258471	0.258578	0.000000	0.000000	0.026845	0.023990	1.000000	1.000000	1.000000	0.000000	0.258591	0.000000	0.000000	1.000000	1.000000	0.258988	1.000000	1.000000	1.000000	0.286622	0.287158	0.319954	0.686589	0.159467	0.257685	0.320338	0.319459	0.319459	0.257676	0.023218
1.405950	20.633716	0.000000	0.000000	0.000000	0.050000	0.000000	3.700000	4.762295	-10.000000	0.000000	-106.770657	10.339960	-5.000000	0.000000	0.000000	0.021662	1.000000	0.021321	0.021809	1.000000	1.000000	0.234202	0.234074	0.234170	0.000000	0.000000	0.024311	0.021726	1.000000	1.000000	1.000000	0.000000	0.234182	0.000000	0.000000	1.000000	1.000000	0.234542	1.000000	1.000000	1.000000	0.259567	0.260052	0.289753	0.621781	0.144415	0.233361	0.290101	0.289305	0.289305	0.233354	0.021026
1.410900	20.633716	0.000000	0.000000	0.000000	0.050000	0.000000	3.700000	2.833697	-10.000000	0.000000	-104.407811	7.615316	-5.000000	0.000000	0.000000	0.019617	1.000000	0.019309	0.019751	1.000000	1.000000	0.212095	0.211979	0.212066	0.000000	0.000000	0.022016	0.019675	1.000000	1.000000	1.000000	0.000000	0.212077	0.000000	0.000000	1.000000	1.000000	0.212403	1.000000	1.000000	1.000000	0.235066	0.235506	0.262403	0.563089	0.130783	0.211334	0.262718	0.261997	0.261997	0.211327	0.019041
1.415850	20.633716	0.000000	0.000000	0.000000	0.050000	0.000000	3.700000	0.686839	-10.000000	0.000000	-101.758830	4.621193	-5.000000	0.000000	0.000000	0.017766	1.000000	0.017486	0.017886	1.000000	1.000000	0.192075	0.191970	0.192049	0.000000	0.000000	0.019938	0.017818	1.000000	1.000000	1.000000	0.000000	0.192059	0.000000	0.000000	1.000000	1.000000	0.192354	1.000000	1.000000	1.000000	0.212878	0.213276	0.237634	0.509938	0.118438	0.191386	0.237919	0.545551	0.544627	0.191380	0.017244
1.420800	20.633716	0.000000	0.000000	0.000000	0.050000	0.000000	3.700000	-1.705760	-10.000000	0.000000	-98.766078	1.309574	-5.000000	0.000000	0.000000	0.016089	1.000000	0.015836	0.016198	1.000000	1.000000	0.173945	0.173850	0.173921	0.000000	0.000000	0.018056	0.016136	1.000000	1.000000	1.000000	0.000000	0.173930	0.000000	0.000000	1.000000	1.000000	0.174197	1.000000	1.000000	1.000000	0.485079	0.486319	0.542581	1.000000	0.107259	0.173320	0.541858	0.494056	0.493218	0.173315	0.015616
1.425750	20.633716	0.000000	0.000000	0.000000	0.050000	0.000000	3.700000	-4.346638	-10.000000	0.000000	-95.476113	-2.469704	-5.000000	0.000000	0.000000	0.014570	1.000000	0.014341	0.014669	1.000000	1.000000	0.157526	0.157440	0.157504	0.000000	0.000000	0.016352	0.014613	1.000000	1.000000	1.000000	0.000000	0.157513	0.000000	0.000000	1.000000	1.000000	0.157754	1.000000	1.000000	1.000000	0.439291	0.440414	0.491366	1.000000	0.097134	0.156960	0.490711	0.447421	0.446662	0.156955	0.014142
1.430700	20.633716	0.000000	0.000000	0.000000	0.050000	0.000000	3.700000	-7.253013	-10.000000	0.000000	-91.882248	-6.760309	-5.000000	0.000000	0.000000	0.013195	1.000000	0.012987	0.013284	1.000000	1.000000	0.142656	0.142578	0.142637	0.000000	0.000000	0.014808	0.013234	1.000000	1.000000	1.000000	0.000000	0.142645	0.000000	0.000000	1.000000	1.000000	0.142864	1.000000	1.000000	1.000000	0.397825	0.398842	0.444985	0.954076	0.087966	0.142145	0.444391	0.405188	0.404501	0.142140	0.012807
1.435650	20.633716	0.000000	0.000000	0.000000	0.050000	0.000000	3.700000	-8.840575	-10.000000	0.000000	-91.237292	-9.579099	-5.000000	0.000000	0.000000	0.011949	1.000000	0.011761	0.012030	1.000000	1.000000	0.129191	0.129120	0.129173	0.000000	0.000000	0.013410	0.011984	1.000000	1.000000	1.000000	0.000000	0.129180	0.000000	0.000000	1.000000	1.000000	0.129378	1.000000	1.000000	1.000000	0.360274	0.361195	0.402982	0.864019	0.079662	0.128727	0.402444	0.366941	0.366319	0.128723	0.011598
1.440600	20.633716	0.000000	0.000000	0.000000	0.050000	0.000000	3.700000	-8.551282	-10.000000	0.000000	-91.415524	-11.900352	-5.000000	0.000000	0.000000	0.010821	1.000000	0.010651	0.010895	1.000000	1.000000	0.116996	0.116932	0.116980	0.000000	0.000000	0.012145	0.010853	1.000000	1.000000	1.000000	0.000000	0.116987	0.000000	0.000000	1.000000	1.000000	0.117166	1.000000	1.000000	1.000000	0.326267	0.327101	0.364944	0.782462	0.072143	0.116576	0.364457	0.649993	0.648477	0.116573	0.010504
1.445550	20.633716	0.000000	0.000000	0.000000	0.050000	0.000000	3.700000	-8.500000	-10.000000	0.000000	-91.298250	-14.272369	-5.000000	0.000000	0.000000	0.009800	1.000000	0.009646	0.009866	1.000000	1.000000	0.105953	0.105895	0.105938	0.000000	0.000000	0.010998	0.009829	1.000000	1.000000	1.000000	0.000000	0.105944	0.000000	0.000000	1.000000	1.000000	0.106107	1.000000	1.000000	1.000000	0.295470	0.296225	0.330496	0.708604	0.065333	0.105573	0.330055	0.588639	0.587266	0.105569	0.009512
1.450500	20.633716	0.000000	0.000000	0.000000	0.050000	0.000000	3.700000	-8.832181	-10.000000	0.000000	-91.476092	-17.263702	-5.000000	0.000000	0.000000	0.008875	1.000000	0.008735	0.008935	1.000000	1.000000	0.095952	0.095899	0.095939	0.000000	0.000000	0.009960	0.008901	1.000000	1.000000	1.000000	0.000000	0.095944	0.000000	0.000000	1.000000	1.000000	0.096091	1.000000	1.000000	1.000000	0.267580	0.268264	0.299300	0.641717	0.059166	0.095607	0.298900	0.533076	0.531833	0.095604	0.008614
1.455450	20.633716	0.000000	0.000000	0.000000	0.050000	0.000000	3.700000	-8.629920	-10.000000	0.000000	-91.117167	-20.499291	-5.000000	0.000000	0.000000	0.008037	1.000000	0.007911	0.008092	1.000000	1.000000	0.086895	0.086847	0.086883	0.000000	0.000000	0.009020	0.008061	1.000000	1.000000	1.000000	0.000000	0.086887	0.000000	0.000000	1.000000	1.000000	0.087021	1.000000	1.000000	1.000000	0.242322	0.242942	0.271048	0.581144	0.053581	0.086583	0.270687	0.482758	0.481632	0.086580	0.007801
1.460400	20.633716	0.000000	0.000000	0.000000	0.050000	0.000000	3.700000	-8.515567	-10.000000	0.000000	-91.398874	-23.994851	-5.000000	0.000000	0.000000	0.007279	1.000000	0.007164	0.007328	1.000000	1.000000	0.078692	0.078649	0.078682	0.000000	0.000000	0.008168	0.007300	1.000000	1.000000	1.000000	0.000000	0.078686	0.000000	0.000000	1.000000	1.000000	0.078807	1.000000	1.000000	1.000000	0.219449	0.220010	0.245463	0.526289	0.048524	0.078410	0.245136	0.437190	0.436170	0.078407	0.007065
1.465350	20.633716	0.000000	0.000000	0.000000	0.050000	0.000000	3.700000	-8.988092	-10.000000	0.000000	-91.500000	-27.775694	-5.000000	0.000000	0.000000	0.006592	1.000000	0.006488	0.006636	1.000000	1.000000	0.071264	0.071226	0.071255	0.000000	0.000000	0.007397	0.006611	1.000000	1.000000	1.000000	0.000000	0.071259	0.000000	0.000000	1.000000	1.000000	0.071368	1.000000	1.000000	1.000000	0.496347	0.496855	0.553630	0.476611	0.043943	0.071009	0.221997	0.395922	0.394999	0.071006	0.006398
1.470300	20.633716	0.000000	0.000000	0.000000	0.050000	0.000000	3.700000	-8.730108	-10.000000	0.000000	-91.256386	-31.660013	-5.000000	0.000000	0.000000	0.005969	1.000000	0.005875	0.006010	1.000000	1.000000	0.369140	0.369105	0.369131	0.000000	0.000000	0.006699	0.005987	1.000000	1.000000	1.000000	0.000000	0.369135	0.000000	0.000000	1.000000	1.000000	0.370150	1.000000	1.000000	1.000000	0.449496	0.449956	0.501372	0.431623	0.228209	0.368909	0.504731	0.358550	0.357714	0.368907	0.326359
1.475250	20.633716	0.000000	0.000000	0.000000	0.050000	0.000000	3.700000	-8.558923	-10.000000	0.000000	-91.469477	-33.862072	-5.000000	0.000000	0.000000	0.005406	1.000000	0.005321	0.005443	1.000000	1.000000	0.334296	0.334264	0.334288	0.000000	0.000000	0.006067	0.005422	1.000000	1.000000	1.000000	0.000000	0.334291	0.000000	0.000000	1.000000	1.000000	0.335211	1.000000	1.000000	1.000000	0.407067	0.407483	0.454046	1.000000	0.206668	0.334087	0.457088	0.324706	0.323949	0.334085	0.295553
1.480200	20.633716	0.000000	0.000000	0.000000	0.050000	0.000000	3.700000	-8.500000	-10.000000	0.000000	-91.467735	-33.953898	-5.000000	0.000000	0.000000	0.331292	1.000000	0.323463	0.333292	1.000000	1.000000	0.609180	0.609151	0.609173	0.000000	0.000000	0.005494	0.327407	1.000000	1.000000	1.000000	0.000000	0.609175	0.000000	0.000000	1.000000	1.000000	0.610930	1.000000	1.000000	1.000000	0.368643	0.369020	0.411188	0.995044	0.376141	0.608071	0.413943	0.294056	0.293370	0.608069	0.267655
1.485150	20.633716	0.000000	0.000000	0.000000	0.050000	0.000000	3.700000	-8.793107	-10.000000	0.000000	-91.212570	-33.645317	-5.000000	0.000000	0.000000	0.300020	1.000000	0.292930	0.301832	1.000000	1.000000	0.885011	0.884985	0.885005	0.000000	0.000000	0.004976	0.296502	1.000000	1.000000	1.000000	0.000000	0.885007	0.000000	0.000000	1.000000	1.000000	0.553263	1.000000	1.000000	1.000000	0.333846	0.334188	0.372375	0.901120	0.546822	0.884007	0.374870	0.266300	0.265679	0.884005	0.242391
1.490100	20.633716	0.000000	0.000000	0.000000	0.050000	0.000000	3.700000	-8.548282	-10.000000	0.000000	-91.370464	-33.500000	-5.000000	0.000000	0.000000	0.271701	1.000000	0.265280	0.273341	1.000000	1.000000	0.801473	0.801450	0.801467	0.000000	0.000000	0.004506	0.268515	1.000000	1.000000	1.000000	0.000000	0.801470	0.000000	0.000000	1.000000	1.000000	0.803817	1.000000	1.000000	1.000000	0.302334	0.302643	0.337226	0.816061	0.495206	0.800564	0.339485	0.241163	0.240601	0.800562	0.219511
1.495050	20.633716	0.000000	0.000000	0.000000	0.050000	0.000000	3.700000	-8.670636	-10.000000	0.000000	-91.464682	-33.683986	-5.000000	0.000000	0.000000	0.246054	1.000000	0.240240	0.247540	1.000000	1.000000	1.000000	1.000000	1.000000	0.000000	0.000000	0.004081	0.243169	1.000000	1.000000	1.000000	0.000000	1.000000	0.000000	0.000000	1.000000	1.000000	1.000000	1.000000	1.000000	1.000000	0.273796	0.274076	0.305394	0.739031	0.651574	1.000000	0.307441	0.218399	0.217890	1.000000	0.198791
1.500000	20.633716	0.000000	0.000000	0.000000	0.050000	0.000000	3.700000	-8.738228	-10.000000	0.000000	-91.500000	-33.500000	-5.000000	0.000000	0.000000	0.222829	1.000000	0.217563	0.224174	1.000000	1.000000	0.955572	0.955553	0.955567	0.000000	0.000000	0.311981	0.220216	1.000000	1.000000	1.000000	0.000000	0.955569	0.000000	0.000000	1.000000	1.000000	0.959292	1.000000	1.000000	1.000000	0.247952	0.248205	0.276567	0.669273	0.590071	0.953931	0.278421	0.197784	0.197323	0.953930	0.180027
1.504950	20.633716	0.000000	0.000000	0.000000	0.050000	0.000000	3.700000	-8.813332	-10.000000	0.000000	-91.463736	-33.705078	-5.000000	0.000000	0.000000	0.201796	1.000000	0.197027	0.203014	1.000000	1.000000	1.000000	1.000000	1.000000	0.000000	0.000000	0.282532	0.199429	1.000000	1.000000	1.000000	0.000000	1.000000	0.000000	0.000000	1.000000	1.000000	1.000000	1.000000	1.000000	1.000000	0.224547	0.224777	0.250462	0.606099	0.735058	1.000000	0.252140	0.179115	0.178697	1.000000	0.163034
1.509900	20.633716	0.000000	0.000000	0.000000	0.050000	0.000000	3.700000	-8.893500	-10.000000	0.000000	-91.359680	-33.500000	-5.000000	0.000000	0.000000	0.182748	1.000000	0.178429	0.183851	1.000000	1.000000	1.000000	1.000000	1.000000	0.000000	0.000000	0.255863	0.180605	1.000000	1.000000	1.000000	0.000000	1.000000	0.000000	0.000000	1.000000	1.000000	1.000000	1.000000	1.000000	1.000000	0.203351	0.203560	0.226820	0.548888	0.665674	1.000000	0.228340	0.162208	0.161829	1.000000	0.147644
1.514850	20.633716	0.000000	0.000000	0.000000	0.050000	0.000000	3.700000	-8.718731	-10.000000	0.000000	-91.500000	-33.658498	-5.000000	0.000000	0.000000	0.165498	1.000000	0.161587	0.166497	1.000000	1.000000	1.000000	1.000000	1.000000	0.000000	0.000000	0.231712	0.163557	1.000000	1.000000	1.000000	0.000000	1.000000	0.000000	0.000000	1.000000	1.000000	1.000000	1.000000	1.000000	1.000000	0.184157	0.184345	0.205410	0.497077	0.799939	1.000000	0.206786	0.146897	0.146554	1.000000	0.133708
1.519800	20.633716	0.000000	0.000000	0.000000	0.050000	0.000000	3.700000	-8.583727	-10.000000	0.000000	-91.248523	-33.500000	-5.000000	0.000000	0.000000	0.149876	1.000000	0.146334	0.150781	1.000000	1.000000	1.000000	1.000000	1.000000	0.000000	0.000000	0.209840	0.148119	1.000000	1.000000	1.000000	0.000000	1.000000	0.000000	0.000000	1.000000	1.000000	1.000000	1.000000	1.000000	1.000000	0.166774	0.166944	0.186021	0.450157	0.724431	1.000000	0.187267	0.133031	0.132721	1.000000	0.121087
1.524750	20.633716	0.000000	0.000000	0.000000	0.050000	0.000000	3.700000	-8.500000	-10.000000	0.000000	-91.500000	-33.686916	-5.000000	0.000000	0.000000	0.135729	1.000000	0.132522	0.136549	1.000000	1.000000	1.000000	1.000000	1.000000	0.000000	0.000000	0.190033	0.134137	1.000000	1.000000	1.000000	0.000000	1.000000	0.000000	0.000000	1.000000	1.000000	1.000000	1.000000	1.000000	1.000000	0.151032	0.151186	0.168462	0.407666	0.850212	1.000000	0.169591	0.120474	0.120193	1.000000	0.109657
1.529700	20.633716	0.000000	0.000000	0.000000	0.050000	0.000000	3.700000	-8.789016	-10.000000	0.000000	-91.467158	-33.660009	-5.000000	0.000000	0.000000	0.122917	0.955880	0.120013	0.123659	0.953793	0.953811	1.000000	1.000000	1.000000	0.000000	0.000000	0.172095	0.121476	0.953844	0.953844	0.953838	0.000000	1.000000	0.000000	0.000000	0.953113	0.953826	1.000000	0.954322	0.954322	0.954322	0.136775	0.136915	0.152561	0.369185	0.769958	1.000000	0.153583	0.109102	0.108848	1.000000	0.099307
1.534650	20.633716	0.000000	0.000000	0.000000	0.050000	0.000000	3.700000	-8.573865	-10.000000	0.000000	-91.500000	-33.500000	-5.000000	0.000000	0.000000	0.111315	0.865653	0.108684	0.111987	0.863762	0.863778	1.000000	1.000000	1.000000	0.000000	0.000000	0.155851	0.110010	0.863809	0.863809	0.863803	0.000000	1.000000	0.000000	0.000000	0.863147	0.863792	1.000000	0.864241	0.864241	0.864241	0.123865	0.123992	0.138160	0.334337	0.887972	1.000000	0.139086	0.098804	0.098573	1.000000	0.089933
1.539600	20.633716	0.000000	0.000000	0.000000	0.050000	0.000000	3.700000	-8.500000	-10.000000	0.000000	-91.221833	-33.647139	-5.000000	0.000000	0.000000	0.100808	0.783942	0.098425	0.101416	0.782230	0.782245	1.000000	1.000000	1.000000	0.000000	0.000000	0.141140	0.099625	0.782272	0.782272	0.782267	0.000000	1.000000	0.000000	0.000000	0.781672	0.782257	1.000000	0.782664	0.782664	0.782664	0.112173	0.112288	0.125119	0.302778	1.000000	1.000000	0.125957	0.089477	0.089269	1.000000	0.081444
1.544550	20.633716	0.000000	0.000000	0.000000	0.050000	0.000000	3.700000	-8.758365	-10.000000	0.000000	-91.471560	-33.883015	-5.000000	0.000000	0.000000	0.091292	0.709944	0.089135	0.091843	0.708394	0.708407	1.000000	1.000000	1.000000	0.000000	0.000000	0.127817	0.090222	0.708432	0.708432	0.708427	0.000000	1.000000	0.000000	0.000000	0.707889	0.708418	1.000000	0.708787	0.708787	0.708787	0.101585	0.101689	0.113309	0.274199	0.914972	1.000000	0.114068	0.081031	0.080842	1.000000	0.384833
1.549500	20.633716	0.000000	0.000000	0.000000	0.050000	0.000000	3.700000	-8.500000	-10.000000	0.000000	-91.074505	-33.959206	-5.000000	0.000000	0.000000	0.082675	0.642931	0.080721	0.083174	0.641527	0.641539	1.000000	1.000000	1.000000	0.000000	0.000000	0.115752	0.081705	0.641562	0.641562	0.641558	0.000000	1.000000	0.000000	0.000000	0.641070	0.641549	1.000000	0.641883	0.641883	0.641883	0.091996	0.092090	0.102613	0.248316	1.000000	1.000000	0.103301	0.073383	0.073212	1.000000	0.348508
1.554450	20.633716	0.000000	0.000000	0.000000	0.050000	0.000000	3.700000	-8.528432	-10.000000	0.000000	-91.419105	-33.736776	-5.000000	0.000000	0.000000	0.380390	0.582244	0.375879	0.380842	0.580972	0.580983	1.000000	1.000000	1.000000	0.000000	0.000000	0.104826	0.378596	0.581003	0.581003	0.581000	0.000000	1.000000	0.000000	0.000000	0.580558	0.580992	1.000000	0.581294	0.581294	0.581294	0.083312	0.083398	0.092927	0.224877	0.933230	1.000000	0.093550	0.066456	0.066301	1.000000	0.315611
1.559400	20.633716	0.000000	0.000000	0.000000	0.050000	0.000000	3.700000	-8.544463	-10.000000	0.000000	-91.477119	-33.615126	-5.000000	0.000000	0.000000	0.344484	0.527284	0.340399	0.344894	0.526133	0.526143	1.000000	1.000000	1.000000	0.000000	0.000000	0.094932	0.342859	0.526161	0.526161	0.526158	0.000000	1.000000	0.000000	0.000000	0.525758	0.526151	1.000000	0.526425	0.526425	0.526425	0.075448	0.075526	0.084156	0.203651	1.000000	1.000000	0.084720	0.060183	0.060043	1.000000	0.285820
1.564350	20.633716	0.000000	0.000000	0.000000	0.050000	0.000000	3.700000	-8.987901	-10.000000	0.000000	-91.203461	-33.743191	-5.000000	0.000000	0.000000	0.311968	0.477513	0.308268	0.312339	0.476470	0.476479	1.000000	1.000000	1.000000	0.000000	0.000000	0.390573	0.310496	0.476496	0.476496	0.476493	0.000000	1.000000	0.000000	0.000000	0.476130	0.476486	1.000000	0.476734	0.476734	0.476734	0.068327	0.068397	0.076212	0.184428	0.944936	1.000000	0.076723	0.054502	0.054375	1.000000	0.258841
1.569300	20.633716	0.000000	0.000000	0.000000	0.050000	0.000000	3.700000	-8.623732	-10.000000	0.000000	-91.348021	-33.305690	-5.000000	0.000000	0.000000	0.282520	0.432439	0.279170	0.282856	0.431495	0.431503	1.000000	1.000000	1.000000	0.000000	0.000000	0.353706	0.281188	0.431518	0.431518	0.431516	0.000000	1.000000	0.000000	0.000000	0.431187	0.431510	1.000000	0.431734	0.431734	0.431734	0.061877	0.061940	0.069018	0.167019	1.000000	1.000000	0.069481	0.049358	0.049243	1.000000	0.234408
1.574250	20.633716	0.000000	0.000000	0.000000	0.050000	0.000000	3.700000	-8.758841	-10.000000	0.000000	-91.151731	-32.973087	-5.000000	0.000000	0.000000	0.255853	0.391621	0.252819	0.256157	0.390765	0.390773	1.000000	1.000000	1.000000	0.000000	0.000000	0.320319	0.254646	0.390786	0.390786	0.390784	0.000000	1.000000	0.000000	0.000000	0.390487	0.390779	1.000000	0.390982	0.390982	0.390982	0.056036	0.056094	0.062504	0.151254	0.951329	1.000000	0.062922	0.044699	0.044594	1.000000	0.212282
1.579200	20.633716	0.000000	0.000000	0.000000	0.050000	0.000000	3.700000	-8.525742	-10.000000	0.000000	-91.484156	-31.924288	-5.000000	0.000000	0.000000	0.231702	0.354655	0.228955	0.231978	0.353880	0.353887	1.000000	1.000000	1.000000	0.000000	0.000000	0.290084	0.230609	0.353899	0.353899	0.353897	0.000000	1.000000	0.000000	0.000000	0.353628	0.353892	1.000000	0.354076	0.354076	0.354076	0.050747	0.050799	0.056604	0.136977	1.000000	1.000000	0.056983	0.040480	0.040385	1.000000	0.192244
1.584150	20.633716	0.000000	0.000000	0.000000	0.050000	0.000000	3.700000	-8.956447	-10.000000	0.000000	-91.343810	-32.014880	-5.000000	0.000000	0.000000	0.209831	0.321178	0.207343	0.210081	0.320477	0.320483	1.000000	1.000000	1.000000	0.000000	0.000000	0.262702	0.208842	0.320494	0.320494	0.320492	0.000000	1.000000	0.000000	0.000000	0.320248	0.320488	1.000000	0.320654	0.320654	0.320654	0.045957	0.046004	0.051261	0.124047	0.953421	1.000000	0.051604	0.036659	0.036573	1.000000	0.174098
1.589100	20.633716	0.000000	0.000000	0.000000	0.050000	0.000000	3.700000	-8.933114	-10.000000	0.000000	-91.457477	-30.782501	-5.000000	0.000000	0.000000	0.190025	0.290861	0.187772	0.190251	0.290226	0.290232	1.000000	1.000000	1.000000	0.000000	0.000000	0.237905	0.189129	0.290242	0.290242	0.290240	0.000000	1.000000	0.000000	0.000000	0.290019	0.290236	1.000000	0.290387	0.290387	0.290387	0.041619	0.041662	0.046422	0.112338	1.000000	1.000000	0.046733	0.033198	0.033121	1.000000	0.157665
1.594050	20.633716	0.000000	0.000000	0.000000	0.050000	0.000000	3.700000	-8.745371	-10.000000	0.000000	-91.255953	-28.845785	-5.000000	0.000000	0.000000	0.172088	0.263406	0.170048	0.172293	0.262831	0.262836	1.000000	1.000000	1.000000	0.000000	0.000000	0.215449	0.171276	0.262845	0.262845	0.262844	0.000000	1.000000	0.000000	0.000000	0.262644	0.262840	1.000000	0.262977	0.262977	0.262977	0.037690	0.037729	0.042040	0.101734	1.000000	1.000000	0.042322	0.030065	0.029994	1.000000	0.142782
1.599000	20.633716	0.000000	0.000000	0.000000	0.050000	0.000000	3.700000	-8.531448	-10.000000	0.000000	-91.501007	-27.093813	-5.000000	0.000000	0.000000	0.465057	0.238543	0.461357	0.465243	0.238022	0.238026	1.000000	1.000000	1.000000	0.000000	0.000000	0.195112	0.464322	0.238035	0.238035	0.238033	0.000000	1.000000	0.000000	0.000000	0.237852	0.238030	1.000000	0.238154	0.238154	0.238154	0.034133	0.034168	0.038072	0.092131	1.000000	1.000000	0.038327	0.027227	0.027163	1.000000	0.433907
1.603950	20.633716	0.000000	0.000000	0.000000	0.050000	0.000000	3.700000	-8.193233	-10.000000	0.000000	-91.992722	-25.120147	-5.000000	0.000000	0.000000	0.421160	0.216026	0.417808	0.421327	0.215555	0.215559	1.000000	1.000000	1.000000	0.000000	0.000000	0.176695	0.420494	0.215566	0.215566	0.215565	0.000000	1.000000	0.000000	0.000000	0.215401	0.215562	1.000000	0.215674	0.215674	0.215674	0.030911	0.030943	0.034478	0.083435	1.000000	1.000000	0.034709	0.024657	0.024599	1.000000	0.392950
1.608900	20.633716	0.000000	0.000000	0.000000	0.050000	0.000000	3.700000	-7.704649	-10.000000	0.000000	-92.692133	-23.128541	-5.000000	0.000000	0.000000	0.381406	0.195635	0.378371	0.381557	0.195208	0.195212	1.000000	1.000000	1.000000	0.000000	0.000000	0.160016	0.380803	0.195219	0.195219	0.195217	0.000000	1.000000	0.000000	0.000000	0.195069	0.195215	1.000000	0.195316	0.195316	0.195316	0.027993	0.028022	0.031224	0.075559	1.000000	1.000000	0.031433	0.022329	0.022277	1.000000	0.355859
1.613850	20.633716	0.000000	0.000000	0.000000	0.050000	0.000000	3.700000	-7.025668	-10.000000	0.000000	-93.564158	-20.645547	-5.000000	0.000000	0.000000	0.345404	0.177169	0.342655	0.345541	0.176782	0.176785	1.000000	1.000000	1.000000	0.000000	0.000000	0.469353	0.344858	0.176791	0.176791	0.176790	0.000000	1.000000	0.000000	0.000000	0.176656	0.176788	1.000000	0.176880	0.176880	0.176880	0.025351	0.025377	0.028277	0.068427	1.000000	1.000000	0.028466	0.020222	0.020174	1.000000	0.322268
1.618800	20.633716	0.000000	0.000000	0.000000	0.050000	0.000000	3.700000	-6.117269	-10.000000	0.000000	-94.675809	-18.051788	-5.000000	0.000000	0.000000	0.312801	0.160446	0.310312	0.312925	0.160095	0.160098	1.000000	1.000000	1.000000	0.000000	0.000000	0.425050	0.312306	0.160104	0.160104	0.160103	0.000000	1.000000	0.000000	0.000000	0.159981	0.160101	1.000000	0.160184	0.160184	0.160184	0.022958	0.022981	0.025607	0.061968	1.000000	1.000000	0.025779	0.018313	0.018270	1.000000	0.291849
1.623750	20.633716	0.000000	0.000000	0.000000	0.050000	0.000000	3.700000	-4.986758	-10.000000	0.000000	-96.009467	-15.286295	-5.000000	0.000000	0.000000	0.283275	0.145301	0.281021	0.283387	0.144983	0.144986	1.000000	1.000000	1.000000	0.000000	0.000000	0.384928	0.282827	0.144991	0.144991	0.144990	0.000000	1.000000	0.000000	0.000000	0.144880	0.144988	1.000000	0.145064	0.145064	0.145064	0.020791	0.020812	0.023190	0.056119	1.000000	1.000000	0.023346	0.016584	0.016546	1.000000	0.264301
1.628700	20.633716	0.000000	0.000000	0.000000	0.050000	0.000000	3.700000	-3.638243	-10.000000	0.000000	-97.555259	-12.361756	-5.000000	0.000000	0.000000	0.256536	0.131585	0.254494	0.256638	0.131298	0.131301	1.000000	1.000000	1.000000	0.000000	0.000000	0.348594	0.256130	0.131305	0.131305	0.131304	0.000000	1.000000	0.000000	0.000000	0.131205	0.131303	1.000000	0.131371	0.131371	0.131371	0.018828	0.018848	0.021001	0.050822	1.000000	1.000000	0.021142	0.015019	0.014984	1.000000	0.239353
1.633650	20.633716	0.000000	0.000000	0.000000	0.050000	0.000000	3.700000	-2.077302	-10.000000	0.000000	-99.306591	-9.296615	-5.000000	0.000000	0.000000	0.232321	0.119165	0.230472	0.232413	0.118905	0.118907	1.000000	1.000000	1.000000	0.000000	0.000000	0.315690	0.231954	0.118911	0.118911	0.118910	0.000000	1.000000	0.000000	0.000000	0.118820	0.118909	1.000000	0.118971	0.118971	0.118971	0.017051	0.017069	0.019019	0.046025	1.000000	1.000000	0.019146	0.013601	0.013569	1.000000	0.216760
1.638600	20.633716	0.000000	0.000000	0.000000	0.050000	0.000000	3.700000	-0.303706	-10.000000	0.000000	-101.261923	-6.109981	-5.000000	0.000000	0.000000	0.210392	0.107917	0.208717	0.210475	0.107681	0.107683	1.000000	1.000000	1.000000	0.000000	0.000000	0.285891	0.210059	0.107687	0.107687	0.107686	0.000000	1.000000	0.000000	0.000000	0.107604	0.107685	1.000000	0.107741	0.107741	0.107741	0.015442	0.015457	0.017224	0.041680	1.000000	1.000000	0.017339	0.012317	0.012289	1.000000	0.196299
1.643550	20.633716	0.000000	0.000000	0.000000	0.050000	0.000000	3.700000	1.678204	-10.000000	0.000000	-103.403386	-2.810159	-5.000000	0.000000	0.000000	0.190532	0.097730	0.189016	0.190608	0.097517	0.097519	1.000000	1.000000	1.000000	0.000000	0.000000	0.258905	0.190231	0.097522	0.097522	0.097521	0.000000	1.000000	0.000000	0.000000	0.097447	0.097520	1.000000	0.097571	0.097571	0.097571	0.013984	0.013998	0.015598	0.037746	1.000000	1.000000	0.015702	0.011155	0.011129	1.000000	0.177770
1.648500	20.633716	0.000000	0.000000	0.000000	0.050000	0.000000	3.700000	3.842365	-10.000000	0.000000	-105.692747	0.595732	-5.000000	0.000000	0.000000	0.172548	0.088505	0.171175	0.172616	0.088312	0.088314	1.000000	1.000000	1.000000	0.000000	0.000000	0.234467	0.172275	0.088317	0.088317	0.088316	0.000000	1.000000	0.000000	0.000000	0.088249	0.088315	1.000000	0.088361	0.088361	0.088361	0.012664	0.012677	0.014126	0.034183	1.000000	1.000000	0.014220	0.010102	0.010078	1.000000	0.160990
1.653450	20.633716	0.000000	0.000000	0.000000	0.050000	0.000000	3.700000	6.157045	-10.000000	0.000000	-108.131610	4.126384	-5.000000	0.000000	0.000000	0.469212	0.080151	0.463302	0.469274	0.079976	0.079977	1.000000	1.000000	1.000000	0.000000	0.000000	0.212335	0.469907	0.079980	0.079980	0.079980	0.000000	1.000000	0.000000	0.000000	0.079919	0.079979	1.000000	0.080020	0.080020	0.080020	0.011469	0.011480	0.012792	0.030956	1.000000	1.000000	0.012878	0.009148	0.009127	1.000000	0.450396
1.658400	20.633716	0.000000	0.000000	0.000000	0.050000	0.000000	3.700000	8.617564	-10.000000	0.000000	-110.820412	7.806425	-5.000000	0.000000	0.000000	0.424922	0.072585	0.419570	0.424978	0.072427	0.072428	1.000000	1.000000	1.000000	0.000000	0.000000	0.192292	0.425551	0.072431	0.072431	0.072430	0.000000	1.000000	0.000000	0.000000	0.072375	0.072429	1.000000	0.072467	0.072467	0.072467	0.010386	0.010397	0.011585	0.028034	1.000000	1.000000	0.011662	0.008285	0.008265	1.000000	0.407883
1.663350	20.633716	0.000000	0.000000	0.000000	0.050000	0.000000	3.700000	11.009720	-10.000000	0.000000	-113.461790	11.072724	-5.000000	0.000000	0.000000	0.384813	0.374947	0.379966	0.384864	0.372951	0.372952	1.000000	1.000000	1.000000	0.000000	0.000000	0.483354	0.385383	0.372954	0.372954	0.372954	0.000000	1.000000	0.000000	0.000000	0.372904	0.372953	1.000000	0.372987	0.372987	0.372987	0.294759	0.294768	0.330094	0.710252	1.000000	1.000000	0.329206	0.326147	0.326129	1.000000	0.369382
1.668300	20.633716	0.000000	0.000000	0.000000	0.050000	0.000000	3.700000	12.673430	-10.000000	0.000000	-115.447283	13.076076	-5.000000	0.000000	0.000000	0.348490	0.339555	0.344100	0.348536	0.337747	0.337748	1.000000	1.000000	1.000000	0.000000	0.000000	0.437729	0.349005	0.337750	0.337750	0.337750	0.000000	1.000000	0.000000	0.000000	0.337705	0.337749	1.000000	0.337780	0.337780	0.337780	0.266936	0.266945	0.298936	0.643210	1.000000	1.000000	0.298131	0.295361	0.295345	1.000000	0.334515
1.673250	20.633716	0.000000	0.000000	0.000000	0.050000	0.000000	3.700000	13.997432	-10.000000	0.000000	-117.080388	14.655630	-5.000000	0.000000	0.000000	0.315595	0.616717	0.311620	0.315637	0.614152	0.614153	1.000000	1.000000	1.000000	0.000000	0.000000	0.396411	0.316062	0.614155	0.614155	0.614154	0.000000	1.000000	0.000000	0.000000	0.614114	0.614154	1.000000	0.614182	0.614182	0.614182	0.241739	0.241747	0.270719	0.582496	1.000000	1.000000	0.269990	0.267482	0.267467	1.000000	0.302939
1.678200	20.633716	0.000000	0.000000	0.000000	0.050000	0.000000	3.700000	14.588607	-10.000000	0.000000	-117.985796	15.669683	-5.000000	0.000000	0.000000	0.285805	0.558503	0.282206	0.285843	0.556181	0.556182	1.000000	1.000000	1.000000	0.000000	0.000000	0.358993	0.286228	0.556183	0.556183	0.556183	0.000000	1.000000	0.000000	0.000000	0.556146	0.556183	1.000000	0.556208	0.556208	0.556208	0.218921	0.218928	0.245165	0.527513	1.000000	1.000000	0.244505	0.242233	0.242220	1.000000	0.274344
1.683150	20.633716	0.000000	0.000000	0.000000	0.050000	0.000000	3.700000	15.017248	-10.000000	0.000000	-118.697465	16.506384	-5.000000	0.000000	0.000000	0.258827	0.811304	0.255568	0.258862	0.808284	0.808285	1.000000	1.000000	1.000000	0.000000	0.000000	0.325107	0.259211	0.808287	0.808287	0.808286	0.000000	1.000000	0.000000	0.000000	0.808253	0.808286	1.000000	0.808309	0.808309	0.808309	0.198257	0.198263	0.222024	0.477720	1.000000	1.000000	0.221426	0.219369	0.219357	1.000000	0.248448
1.688100	20.633716	0.000000	0.000000	0.000000	0.050000	0.000000	3.700000	15.251163	-10.000000	0.000000	-119.179813	17.183419	-5.000000	0.000000	0.000000	0.234396	1.000000	0.231444	0.234427	1.000000	1.000000	1.000000	1.000000	1.000000	0.000000	0.000000	0.294420	0.234743	1.000000	1.000000	1.000000	0.000000	1.000000	0.000000	0.000000	1.000000	1.000000	1.000000	1.000000	1.000000	1.000000	0.179543	0.179549	0.201066	0.432627	0.945364	1.000000	0.200525	0.198662	0.198651	1.000000	0.224997
1.693050	20.633716	0.000000	0.000000	0.000000	0.050000	0.000000	3.700000	15.394015	-10.000000	0.000000	-119.532912	17.765834	-5.000000	0.000000	0.000000	0.212271	0.967241	0.209598	0.212299	0.963858	0.963859	1.000000	1.000000	1.000000	0.000000	0.000000	0.266629	0.212585	0.963860	0.963860	0.963860	0.000000	1.000000	0.000000	0.000000	0.962930	0.963860	1.000000	0.962976	0.962976	0.962976	0.162595	0.162601	0.182087	0.391790	1.000000	1.000000	0.181597	0.179910	0.179900	1.000000	0.203759
1.698000	20.633716	0.000000	0.000000	0.000000	0.050000	0.000000	3.700000	15.457337	-10.000000	0.000000	-119.773885	18.324225	-5.000000	0.000000	0.000000	0.192234	1.000000	0.189813	0.192260	1.000000	1.000000	1.000000	1.000000	1.000000	0.000000	0.000000	0.241461	0.192519	1.000000	1.000000	1.000000	0.000000	1.000000	0.000000	0.000000	1.000000	1.000000	1.000000	1.000000	1.000000	1.000000	0.147248	0.147252	0.164900	0.354808	0.958155	1.000000	0.164456	0.162928	0.162919	1.000000	0.184526
1.702950	20.633716	0.000000	0.000000	0.000000	0.050000	0.000000	3.700000	15.464415	-10.000000	0.000000	-119.923846	18.929845	-5.000000	0.000000	0.000000	0.174089	1.000000	0.171896	0.174112	1.000000	1.000000	1.000000	1.000000	1.000000	0.000000	0.000000	0.218669	0.174347	1.000000	1.000000	1.000000	0.000000	1.000000	0.000000	0.000000	1.000000	1.000000	1.000000	1.000000	1.000000	1.000000	0.133349	0.133353	0.149334	0.321317	0.867713	1.000000	0.148932	0.147549	0.147541	1.000000	0.167108
1.707900	20.633716	0.000000	0.000000	0.000000	0.050000	0.000000	3.700000	15.409352	-10.000000	0.000000	-119.971437	19.626257	-5.000000	0.000000	0.000000	0.157656	1.000000	0.155671	0.157677	1.000000	1.000000	1.000000	1.000000	1.000000	0.000000	0.000000	0.198028	0.157890	1.000000	1.000000	1.000000	0.000000	1.000000	0.000000	0.000000	1.000000	1.000000	1.000000	1.000000	1.000000	1.000000	0.120762	0.120766	0.135238	0.290988	0.785807	1.000000	0.134874	0.133621	0.133614	1.000000	0.151334
1.712850	20.633716	0.000000	0.000000	0.000000	0.050000	0.000000	3.700000	15.305632	-10.000000	0.000000	-119.927846	20.411641	-5.000000	0.000000	0.000000	0.142775	1.000000	0.140977	0.142794	1.000000	1.000000	1.000000	1.000000	1.000000	0.000000	0.000000	0.179336	0.142986	1.000000	1.000000	1.000000	0.000000	1.000000	0.000000	0.000000	1.000000	1.000000	1.000000	1.000000	1.000000	1.000000	0.109363	0.109366	0.122473	0.263521	0.711633	1.000000	0.122143	0.121008	0.121002	1.000000	0.137050
1.717800	20.633716	0.000000	0.000000	0.000000	0.050000	0.000000	3.700000	15.165285	-10.000000	0.000000	-119.809862	21.230177	-5.000000	0.000000	0.000000	0.129298	1.000000	0.127670	0.129315	1.000000	1.000000	1.000000	1.000000	1.000000	0.000000	0.000000	0.162408	0.129489	1.000000	1.000000	1.000000	0.000000	1.000000	0.000000	0.000000	1.000000	1.000000	1.000000	1.000000	1.000000	1.000000	0.099040	0.099043	0.110913	0.238646	0.644461	1.000000	0.110614	0.109586	0.109580	1.000000	0.124113
1.722750	20.633716	0.000000	0.000000	0.000000	0.050000	0.000000	3.700000	14.993484	-10.000000	0.000000	-119.634462	22.078043	-5.000000	0.000000	0.000000	0.117093	1.000000	0.115619	0.117109	1.000000	1.000000	0.945922	0.945907	0.945907	0.000000	0.000000	0.147078	0.117267	1.000000	1.000000	1.000000	0.000000	0.945922	0.000000	0.000000	1.000000	1.000000	0.947852	1.000000	1.000000	1.000000	0.089691	0.089694	0.100443	0.216120	0.583629	0.943533	0.100173	0.099242	0.099237	0.943515	0.112398
1.727700	20.633716	0.000000	0.000000	0.000000	0.050000	0.000000	3.700000	14.794241	-10.000000	0.000000	-119.413498	22.587425	-5.000000	0.000000	0.000000	0.106041	1.000000	0.104705	0.106055	1.000000	1.000000	0.856634	0.856621	0.856621	0.000000	0.000000	0.133195	0.106198	1.000000	1.000000	1.000000	0.000000	0.856634	0.000000	0.000000	1.000000	1.000000	0.858382	1.000000	1.000000	1.000000	0.362323	0.362326	0.405800	0.868348	0.528539	0.854471	0.404611	0.403768	0.403763	0.854455	0.101788
1.732650	20.633716	0.000000	0.000000	0.000000	0.050000	0.000000	3.700000	14.576013	-10.000000	0.000000	-119.160685	22.570295	-5.000000	0.000000	0.000000	0.096031	1.000000	0.094822	0.096044	1.000000	1.000000	0.775775	0.775762	0.775762	0.000000	0.000000	0.120623	0.096173	1.000000	1.000000	1.000000	0.000000	0.775775	0.000000	0.000000	1.000000	1.000000	0.777358	1.000000	1.000000	1.000000	0.328123	0.328125	0.367496	0.786383	0.478649	0.773816	0.366419	0.365655	0.365651	0.773801	0.092180
1.737600	20.633716	0.000000	0.000000	0.000000	0.050000	0.000000	3.700000	14.316762	-10.000000	0.000000	-118.859070	22.476543	-5.000000	0.000000	0.000000	0.086967	1.000000	0.085871	0.086978	1.000000	1.000000	0.702548	0.702537	0.702537	0.000000	0.000000	0.109237	0.087095	1.000000	1.000000	1.000000	0.000000	0.702548	0.000000	0.000000	1.000000	1.000000	0.703981	1.000000	1.000000	1.000000	0.297151	0.297153	0.332807	0.712155	0.433468	0.700774	0.331832	0.331140	0.331136	0.700761	0.083479
1.742550	20.633716	0.000000	0.000000	0.000000	0.050000	0.000000	3.700000	14.006768	-10.000000	0.000000	-118.490179	22.251451	-5.000000	0.000000	0.000000	0.078758	1.000000	0.077766	0.078768	1.000000	1.000000	0.636233	0.636223	0.636223	0.000000	0.000000	0.098926	0.078874	1.000000	1.000000	1.000000	0.000000	0.636233	0.000000	0.000000	1.000000	1.000000	0.637531	1.000000	1.000000	1.000000	0.269102	0.269104	0.301393	0.644933	0.392552	0.634626	0.300509	0.299883	0.299880	0.634614	0.075600
1.747500	20.633716	0.000000	0.000000	0.000000	0.050000	0.000000	3.700000	13.625165	-10.000000	0.000000	-118.036946	21.979719	-5.000000	0.000000	0.000000	0.071324	1.000000	0.070425	0.071333	1.000000	1.000000	0.576178	0.576168	0.576168	0.000000	0.000000	0.089588	0.071429	1.000000	1.000000	1.000000	0.000000	0.576178	0.000000	0.000000	1.000000	1.000000	0.577353	1.000000	1.000000	1.000000	0.243701	0.243703	0.272944	0.584057	0.355499	0.574723	0.272144	0.271577	0.591176	0.574712	0.068464
1.752450	20.633716	0.000000	0.000000	0.000000	0.050000	0.000000	3.700000	13.152737	-10.000000	0.000000	-117.478171	21.581335	-5.000000	0.000000	0.000000	0.064591	1.000000	0.063778	0.064600	1.000000	1.000000	0.521791	0.521783	0.521783	0.000000	0.000000	0.081132	0.064687	1.000000	1.000000	1.000000	0.000000	0.521791	0.000000	0.000000	1.000000	1.000000	0.522856	1.000000	1.000000	1.000000	0.220698	0.220699	0.247180	0.528926	0.321942	0.520473	0.246455	0.245942	0.535374	0.520464	0.062001
1.757400	20.633716	0.000000	0.000000	0.000000	0.050000	0.000000	3.700000	12.564620	-10.000000	0.000000	-116.791843	21.077118	-5.000000	0.000000	0.000000	0.058494	1.000000	0.057758	0.058502	1.000000	1.000000	0.472538	0.472530	0.472531	0.000000	0.000000	0.073473	0.058581	1.000000	1.000000	1.000000	0.000000	0.472538	0.000000	0.000000	1.000000	1.000000	0.473502	1.000000	1.000000	1.000000	0.199865	0.199867	0.223848	0.479000	0.291554	0.471345	0.223192	0.222727	0.484839	0.471336	0.056149
1.762350	20.633716	0.000000	0.000000	0.000000	0.050000	0.000000	3.700000	11.848473	-10.000000	0.000000	-115.960805	20.394333	-5.000000	0.000000	0.000000	0.052973	1.000000	0.052306	0.052980	1.000000	1.000000	0.427934	0.427927	0.427927	0.000000	0.000000	0.066538	0.053051	1.000000	1.000000	1.000000	0.000000	0.427934	0.000000	0.000000	1.000000	1.000000	0.428807	1.000000	1.000000	1.000000	0.181000	0.181001	0.202719	0.433786	0.264033	0.426854	0.202124	0.201703	0.439074	0.426846	0.050849
1.767300	20.633716	0.000000	0.000000	0.000000	0.050000	0.000000	3.700000	10.987674	-10.000000	0.000000	-114.962776	19.529565	-5.000000	0.000000	0.000000	0.047973	1.000000	0.047369	0.047979	1.000000	1.000000	0.387541	0.387534	0.387534	0.000000	0.000000	0.060257	0.048044	1.000000	1.000000	1.000000	0.000000	0.387541	0.000000	0.000000	1.000000	1.000000	0.388331	1.000000	1.000000	1.000000	0.163915	0.163916	0.183584	0.392840	0.239111	0.386562	0.183045	0.182664	0.397629	0.386555	0.046049
1.772250	20.633716	0.000000	0.000000	0.000000	0.050000	0.000000	3.700000	9.962767	-10.000000	0.000000	-113.773171	18.428019	-5.000000	0.000000	0.000000	0.043444	1.000000	0.042897	0.043450	1.000000	1.000000	0.350960	0.350954	0.350954	0.000000	0.000000	0.054570	0.043509	1.000000	1.000000	1.000000	0.000000	0.350960	0.000000	0.000000	1.000000	1.000000	0.351676	1.000000	1.000000	1.000000	0.438115	0.439862	0.489722	1.000000	0.216540	0.350074	0.489235	0.488889	0.360096	0.350067	0.041702
1.777200	20.633716	0.000000	0.000000	0.000000	0.050000	0.000000	3.700000	8.771488	-10.000000	0.000000	-112.404931	16.990385	-5.000000	0.000000	0.000000	0.039344	1.000000	0.038848	0.039349	1.000000	1.000000	0.317832	0.317827	0.317827	0.000000	0.000000	0.049419	0.039402	1.000000	1.000000	1.000000	0.000000	0.317832	0.000000	0.000000	1.000000	1.000000	0.318481	1.000000	1.000000	1.000000	0.396760	0.398342	0.443496	0.951784	0.196101	0.317029	0.443055	0.442742	0.326106	0.317023	0.037766
1.782150	20.633716	0.000000	0.000000	0.000000	0.050000	0.000000	3.700000	7.406651	-10.000000	0.000000	-110.848014	15.211169	-5.000000	0.000000	0.000000	0.035630	1.000000	0.035181	0.035635	1.000000	1.000000	0.287831	0.287827	0.287827	0.000000	0.000000	0.044754	0.035683	1.000000	1.000000	1.000000	0.000000	0.287831	0.000000	0.000000	1.000000	1.000000	0.288419	1.000000	1.000000	1.000000	0.359309	0.360742	0.401634	0.861943	0.177590	0.287104	0.401234	0.400951	0.295324	0.287099	0.034201
1.787100	20.633716	0.000000	0.000000	0.000000	0.050000	0.000000	3.700000	5.862173	-10.000000	0.000000	-109.098411	13.154789	-5.000000	0.000000	0.000000	0.032267	1.000000	0.031860	0.032271	1.000000	1.000000	0.260662	0.260658	0.260658	0.000000	0.000000	0.040529	0.032315	1.000000	1.000000	1.000000	0.000000	0.260662	0.000000	0.000000	1.000000	1.000000	0.261194	1.000000	1.000000	1.000000	0.325393	0.326691	0.363723	0.780582	0.160827	0.260004	0.363361	0.363104	0.267448	0.259999	0.030973
1.792050	20.633716	0.000000	0.000000	0.000000	0.050000	0.000000	3.700000	4.129117	-10.000000	0.000000	-107.139215	10.851966	-5.000000	0.000000	0.000000	0.029221	1.000000	0.028853	0.029225	1.000000	1.000000	0.236058	0.236054	0.236054	0.000000	0.000000	0.036704	0.029264	1.000000	1.000000	1.000000	0.000000	0.236058	0.000000	0.000000	1.000000	1.000000	0.236539	1.000000	1.000000	1.000000	0.294679	0.295854	0.329390	0.706902	0.145646	0.235462	0.329062	0.328830	0.549563	0.235457	0.028049
1.797000	20.633716	0.000000	0.000000	0.000000	0.050000	0.000000	3.700000	2.194982	-10.000000	0.000000	-104.943779	8.296446	-5.000000	0.000000	0.000000	0.026463	1.000000	0.026129	0.026466	1.000000	1.000000	0.213776	0.213772	0.213772	0.000000	0.000000	0.033239	0.026502	1.000000	1.000000	1.000000	0.000000	0.213776	0.000000	0.000000	1.000000	1.000000	0.214212	1.000000	1.000000	1.000000	0.266863	0.267927	0.298298	0.640176	0.131899	0.213236	0.298001	0.297791	0.497689	0.213232	0.025402
1.801950	20.633716	0.000000	0.000000	0.000000	0.050000	0.000000	3.700000	0.044122	-10.000000	0.000000	-102.479665	5.472701	-5.000000	0.000000	0.000000	0.023965	1.000000	0.023663	0.023968	1.000000	1.000000	0.193597	0.193594	0.193594	0.000000	0.000000	0.030102	0.024000	1.000000	1.000000	1.000000	0.000000	0.193597	0.000000	0.000000	1.000000	1.000000	0.193992	1.000000	1.000000	1.000000	0.241674	0.242637	0.270141	0.579748	0.119448	0.193108	0.269872	0.269682	0.450711	0.193105	0.023004
1.806900	20.633716	0.000000	0.000000	0.000000	0.050000	0.000000	3.700000	-2.350040	-10.000000	0.000000	-99.683751	2.343258	-5.000000	0.000000	0.000000	0.021703	1.000000	0.021429	0.021706	1.000000	1.000000	0.175323	0.175320	0.175320	0.000000	0.000000	0.027260	0.021735	1.000000	1.000000	1.000000	0.000000	0.175323	0.000000	0.000000	1.000000	1.000000	0.175681	1.000000	1.000000	1.000000	0.218862	0.219734	0.244642	0.525025	0.108173	0.174880	0.244399	0.244226	0.408167	0.174877	0.020833
1.811850	20.633716	0.000000	0.000000	0.000000	0.050000	0.000000	3.700000	-4.998255	-10.000000	0.000000	-96.578026	-1.073464	-5.000000	0.000000	0.000000	0.019654	1.000000	0.019407	0.019657	1.000000	1.000000	0.158774	0.158771	0.158771	0.000000	0.000000	0.024687	0.019683	1.000000	1.000000	1.000000	0.000000	0.158774	0.000000	0.000000	1.000000	1.000000	0.159098	1.000000	1.000000	1.000000	0.198203	0.198993	0.221550	0.475466	0.097963	0.158373	0.221329	0.221173	0.369640	0.158370	0.018866
1.816800	20.633716	0.000000	0.000000	0.000000	0.050000	0.000000	3.700000	-7.912540	-10.000000	0.000000	-93.164520	-4.785415	-5.000000	0.000000	0.000000	0.017799	1.000000	0.017575	0.017801	1.000000	1.000000	0.143787	0.143785	0.143785	0.000000	0.000000	0.022357	0.017825	1.000000	1.000000	1.000000	0.000000	0.143787	0.000000	0.000000	1.000000	1.000000	0.144080	1.000000	1.000000	1.000000	0.470038	0.470754	0.525078	1.000000	0.088716	0.143424	0.524878	0.524737	0.334749	0.143421	0.017085
1.821750	20.633716	0.000000	0.000000	0.000000	0.050000	0.000000	3.700000	-8.660906	-10.000000	0.000000	-91.334334	-7.384682	-5.000000	0.000000	0.000000	0.016119	1.000000	0.015916	0.016121	1.000000	1.000000	0.130215	0.130213	0.130213	0.000000	0.000000	0.020247	0.016143	1.000000	1.000000	1.000000	0.000000	0.130215	0.000000	0.000000	1.000000	1.000000	0.130480	1.000000	1.000000	1.000000	0.425670	0.426318	0.475515	1.000000	0.080342	0.129886	0.475334	0.475206	0.303151	0.129883	0.015473
1.826700	20.633716	0.000000	0.000000	0.000000	0.050000	0.000000	3.700000	-8.500000	-10.000000	0.000000	-91.332229	-9.482289	-5.000000	0.000000	0.000000	0.014597	1.000000	0.014414	0.014599	1.000000	1.000000	0.117923	0.117921	0.117922	0.000000	0.000000	0.018336	0.014619	1.000000	1.000000	1.000000	0.000000	0.117923	0.000000	0.000000	1.000000	1.000000	0.118164	1.000000	1.000000	1.000000	0.385490	0.386077	0.430630	0.925026	0.072758	0.117626	0.430466	0.430350	0.274536	0.117623	0.014012
1.831650	20.633716	0.000000	0.000000	0.000000	0.050000	0.000000	3.700000	-8.808192	-10.000000	0.000000	-91.412553	-11.732020	-5.000000	0.000000	0.000000	0.013220	1.000000	0.013053	0.013221	1.000000	1.000000	0.106792	0.106791	0.106791	0.000000	0.000000	0.016605	0.013239	1.000000	1.000000	1.000000	0.000000	0.106792	0.000000	0.000000	1.000000	1.000000	0.107010	1.000000	1.000000	1.000000	0.349103	0.349634	0.389982	0.837711	0.065890	0.106523	0.389834	0.389728	0.248622	0.106521	0.012689
1.836600	20.633716	0.000000	0.000000	0.000000	0.050000	0.000000	3.700000	-8.624396	-10.000000	0.000000	-91.500000	-14.389348	-5.000000	0.000000	0.000000	0.011972	1.000000	0.011821	0.011973	1.000000	1.000000	0.096712	0.096710	0.096710	0.000000	0.000000	0.015037	0.011989	1.000000	1.000000	1.000000	0.000000	0.096712	0.000000	0.000000	1.000000	1.000000	0.096909	1.000000	1.000000	1.000000	0.316150	0.316632	0.353171	0.758638	0.059671	0.096468	0.353036	0.352941	0.534367	0.096466	0.011492
1.841550	20.633716	0.000000	0.000000	0.000000	0.050000	0.000000	3.700000	-8.515171	-10.000000	0.000000	-91.287855	-17.346241	-5.000000	0.000000	0.000000	0.010842	1.000000	0.010705	0.010843	1.000000	1.000000	0.087583	0.087582	0.087582	0.000000	0.000000	0.013618	0.010858	1.000000	1.000000	1.000000	0.000000	0.087583	0.000000	0.000000	1.000000	1.000000	0.087762	1.000000	1.000000	1.000000	0.286308	0.286744	0.319834	0.687029	0.054038	0.087362	0.319713	0.319626	0.483927	0.087360	0.010407
1.846500	20.633716	0.000000	0.000000	0.000000	0.050000	0.000000	3.700000	-8.981788	-10.000000	0.000000	-91.474927	-20.403679	-5.000000	0.000000	0.000000	0.009818	1.000000	0.009695	0.009820	1.000000	1.000000	0.079316	0.079315	0.079315	0.000000	0.000000	0.012333	0.009833	1.000000	1.000000	1.000000	0.000000	0.079316	0.000000	0.000000	1.000000	1.000000	0.079478	1.000000	1.000000	1.000000	0.259283	0.259678	0.289644	0.622179	0.048938	0.079116	0.289534	0.289456	0.438248	0.079114	0.009425
1.851450	20.633716	0.000000	0.000000	0.000000	0.050000	0.000000	3.700000	-8.730961	-10.000000	0.000000	-91.098963	-23.876983	-5.000000	0.000000	0.000000	0.008892	1.000000	0.008780	0.008893	1.000000	1.000000	0.071829	0.071828	0.071828	0.000000	0.000000	0.011168	0.008905	1.000000	1.000000	1.000000	0.000000	0.071829	0.000000	0.000000	1.000000	1.000000	0.071976	1.000000	1.000000	1.000000	0.234809	0.235166	0.262304	0.563450	0.044318	0.071648	0.262204	0.262134	0.396881	0.071646	0.008535
1.856400	20.633716	0.000000	0.000000	0.000000	0.050000	0.000000	3.700000	-8.560721	-10.000000	0.000000	-91.395001	-26.996092	-5.000000	0.000000	0.000000	0.008052	1.000000	0.007951	0.008053	1.000000	1.000000	0.371487	0.371486	0.371486	0.000000	0.000000	0.010114	0.008064	1.000000	1.000000	1.000000	0.000000	0.371487	0.000000	0.000000	1.000000	1.000000	0.372542	1.000000	1.000000	1.000000	0.212645	0.212968	0.237545	0.510265	0.230255	0.372245	0.237454	0.237390	0.359419	0.372244	0.338072
1.861350	20.633716	0.000000	0.000000	0.000000	0.050000	0.000000	3.700000	-8.500000	-10.000000	0.000000	-91.500000	-29.987316	-5.000000	0.000000	0.000000	0.007292	1.000000	0.007200	0.007293	1.000000	1.000000	0.336422	0.336421	0.336421	0.000000	0.000000	0.009160	0.007303	1.000000	1.000000	1.000000	0.000000	0.336422	0.000000	0.000000	1.000000	1.000000	0.337377	1.000000	1.000000	1.000000	0.192573	0.192866	0.548456	0.462100	0.208521	0.337108	0.215041	0.214983	0.325492	0.337107	0.306160
1.866300	20.633716	0.000000	0.000000	0.000000	0.050000	0.000000	3.700000	-8.838985	-10.000000	0.000000	-91.272477	-32.408197	-5.000000	0.000000	0.000000	0.326207	1.000000	0.324209	0.326208	1.000000	1.000000	0.613879	0.613879	0.613879	0.000000	0.000000	0.331762	0.325258	1.000000	1.000000	1.000000	0.000000	0.613879	0.000000	0.000000	1.000000	1.000000	0.614745	1.000000	1.000000	1.000000	0.447174	0.174661	0.496686	0.418481	0.379530	0.613573	0.194743	0.194690	0.294768	0.613572	0.277261
1.871250	20.633716	0.000000	0.000000	0.000000	0.050000	0.000000	3.700000	-8.618780	-10.000000	0.000000	-91.475469	-33.886078	-5.000000	0.000000	0.000000	0.295416	1.000000	0.293606	0.295416	1.000000	1.000000	0.555934	0.555933	0.555933	0.000000	0.000000	0.300447	0.294556	1.000000	1.000000	1.000000	0.000000	0.555934	0.000000	0.000000	1.000000	1.000000	0.556718	1.000000	1.000000	1.000000	0.404964	0.454893	0.449803	0.378980	0.343705	0.555657	0.176360	0.176313	0.266945	0.555656	0.251090
1.876200	20.633716	0.000000	0.000000	0.000000	0.050000	0.000000	3.700000	-8.512575	-10.000000	0.000000	-91.094013	-33.789239	-5.000000	0.000000	0.000000	0.267531	1.000000	0.265892	0.267531	1.000000	1.000000	0.808977	0.808060	0.808060	0.000000	0.000000	0.272087	0.266752	1.000000	1.000000	1.000000	0.000000	0.808977	0.000000	0.000000	1.000000	1.000000	0.809687	1.000000	1.000000	1.000000	0.366739	0.411955	0.407345	0.343207	0.499676	0.807810	0.159713	0.159670	0.241747	0.807809	0.227389
1.881150	20.633716	0.000000	0.000000	0.000000	0.050000	0.000000	3.700000	-8.769824	-10.000000	0.000000	-91.383525	-33.616000	-5.000000	0.000000	0.000000	0.242278	1.000000	0.240794	0.242279	1.000000	1.000000	1.000000	1.000000	1.000000	0.000000	0.000000	0.246404	0.241573	1.000000	1.000000	1.000000	0.000000	1.000000	0.000000	0.000000	1.000000	1.000000	1.000000	1.000000	1.000000	1.000000	0.332122	0.373070	0.368895	0.310811	0.657461	1.000000	0.144638	0.144599	0.218928	1.000000	0.205925
1.886100	20.633716	0.000000	0.000000	0.000000	0.050000	0.000000	3.700000	-8.957159	-10.000000	0.000000	-91.500000	-33.500000	-5.000000	0.000000	0.000000	0.219409	1.000000	0.218065	0.219409	1.000000	1.000000	0.964427	0.963675	0.963675	0.000000	0.000000	0.223145	0.218771	1.000000	1.000000	1.000000	0.000000	0.964427	0.000000	0.000000	1.000000	1.000000	0.965914	1.000000	1.000000	1.000000	0.300772	0.337855	0.334074	0.281473	0.595402	0.962566	0.130985	0.130950	0.198263	0.962566	0.186488
1.891050	20.633716	0.000000	0.000000	0.000000	0.050000	0.000000	3.700000	-8.500000	-10.000000	0.000000	-91.216903	-33.665322	-5.000000	0.000000	0.000000	0.198698	1.000000	0.197481	0.198699	1.000000	1.000000	1.000000	1.000000	1.000000	0.000000	0.000000	0.202082	0.198120	1.000000	1.000000	1.000000	0.000000	1.000000	0.000000	0.000000	1.000000	1.000000	1.000000	1.000000	1.000000	1.000000	0.272381	0.305964	0.302540	0.254904	0.741703	1.000000	0.118621	0.118589	0.179549	1.000000	0.168885
1.896000	20.633716	0.000000	0.000000	0.000000	0.050000	0.000000	3.700000	-8.510102	-10.000000	0.000000	-91.372403	-33.637752	-5.000000	0.000000	0.000000	0.179943	1.000000	0.178841	0.179943	1.000000	1.000000	1.000000	1.000000	1.000000	0.000000	0.000000	0.183007	0.179419	1.000000	1.000000	1.000000	0.000000	1.000000	0.000000	0.000000	1.000000	1.000000	1.000000	1.000000	1.000000	1.000000	0.246671	0.277084	0.273983	0.230843	0.671692	1.000000	0.107424	0.107395	0.162601	1.000000	0.152943
1.900950	20.633716	0.000000	0.000000	0.000000	0.050000	0.000000	3.700000	-8.500000	-10.000000	0.000000	-91.366987	-33.500000	-5.000000	0.000000	0.000000	0.162958	1.000000	0.161960	0.162958	1.000000	1.000000	1.000000	1.000000	1.000000	0.000000	0.000000	0.165733	0.162484	1.000000	1.000000	1.000000	0.000000	1.000000	0.000000	0.000000	1.000000	1.000000	1.000000	1.000000	1.000000	1.000000	0.223387	0.250929	0.248121	0.209054	0.807174	1.000000	0.097284	0.097258	0.147252	1.000000	0.138507
1.905900	20.633716	0.000000	0.000000	0.000000	0.050000	0.000000	3.700000	-8.799748	-10.000000	0.000000	-91.377348	-33.500000	-5.000000	0.000000	0.000000	0.147576	1.000000	0.146672	0.147576	1.000000	1.000000	1.000000	1.000000	1.000000	0.000000	0.000000	0.150089	0.147146	1.000000	1.000000	1.000000	0.000000	1.000000	0.000000	0.000000	1.000000	1.000000	1.000000	1.000000	1.000000	1.000000	0.202301	0.227243	0.224700	0.189321	0.730983	1.000000	0.088101	0.088078	0.133353	1.000000	0.125433
1.910850	20.633716	0.000000	0.000000	0.000000	0.050000	0.000000	3.700000	-8.577457	-10.000000	0.000000	-91.500000	-33.500000	-5.000000	0.000000	0.000000	0.133646	1.000000	0.132827	0.133646	1.000000	1.000000	1.000000	1.000000	1.000000	0.000000	0.000000	0.135922	0.133257	1.000000	1.000000	1.000000	0.000000	1.000000	0.000000	0.000000	1.000000	1.000000	1.000000	1.000000	1.000000	1.000000	0.183205	0.205793	0.203490	0.171450	0.857315	1.000000	0.079785	0.079764	0.120766	1.000000	0.113593
1.915800	20.633716	0.000000	0.000000	0.000000	0.050000	0.000000	3.700000	-8.500000	-10.000000	0.000000	-91.222053	-33.500000	-5.000000	0.000000	0.000000	0.121031	0.964400	0.120289	0.121031	0.961692	0.962289	1.000000	1.000000	1.000000	0.000000	0.000000	0.123092	0.120679	0.962474	0.962474	0.962461	0.000000	1.000000	0.000000	0.000000	0.961480	0.962446	1.000000	0.962086	0.962086	0.962086	0.165912	0.186368	0.184282	0.155267	0.776391	1.000000	0.072254	0.072235	0.109366	1.000000	0.102871
1.920750	20.633716	0.000000	0.000000	0.000000	0.050000	0.000000	3.700000	-8.782845	-10.000000	0.000000	-91.470661	-33.931079	-5.000000	0.000000	0.000000	0.109606	0.873369	0.108935	0.109607	0.870916	0.871457	1.000000	1.000000	1.000000	0.000000	0.000000	0.111473	0.109287	0.871624	0.871624	0.871613	0.000000	1.000000	0.000000	0.000000	0.870724	0.871599	1.000000	0.871273	0.871273	0.871273	0.150251	0.168776	0.166888	0.140611	0.895524	1.000000	0.065434	0.065416	0.099043	1.000000	0.093160
1.925700	20.633716	0.000000	0.000000	0.000000	0.050000	0.000000	3.700000	-8.573032	-10.000000	0.000000	-91.089969	-33.500000	-5.000000	0.000000	0.000000	0.099260	0.790929	0.098652	0.099261	0.788708	0.789198	1.000000	1.000000	1.000000	0.000000	0.000000	0.100951	0.098972	0.789350	0.789350	0.789339	0.000000	1.000000	0.000000	0.000000	0.788534	0.789327	1.000000	0.789032	0.789032	0.789032	0.136069	0.152845	0.151135	0.127338	0.810994	1.000000	0.059258	0.059242	0.089694	1.000000	0.084367
1.930650	20.633716	0.000000	0.000000	0.000000	0.050000	0.000000	3.700000	-8.902092	-10.000000	0.000000	-91.392915	-33.500000	-5.000000	0.000000	0.000000	0.400968	0.716272	0.399484	0.401904	0.714261	0.714704	1.000000	1.000000	1.000000	0.000000	0.000000	0.405315	0.400706	0.714841	0.714841	0.714832	0.000000	1.000000	0.000000	0.000000	0.714103	0.714821	1.000000	0.714553	0.714553	0.714553	0.123225	0.138418	0.136869	0.115318	0.922857	1.000000	0.053664	0.053650	0.081228	1.000000	0.384689
1.935600	20.633716	0.000000	0.000000	0.000000	0.050000	0.000000	3.700000	-8.506787	-10.000000	0.000000	-91.500000	-33.500000	-5.000000	0.000000	0.000000	0.363119	0.648662	0.361776	0.363967	0.646840	0.647242	1.000000	1.000000	1.000000	0.000000	0.000000	0.367057	0.362883	0.647366	0.647366	0.647357	0.000000	1.000000	0.000000	0.000000	0.646697	0.647347	1.000000	0.647105	0.647105	0.647105	0.111594	0.125352	0.123950	0.104433	1.000000	1.000000	0.048599	0.048586	0.073560	1.000000	0.348377
1.940550	20.633716	0.000000	0.000000	0.000000	0.050000	0.000000	3.700000	-8.523071	-10.000000	0.000000	-91.500000	-33.515751	-5.000000	0.000000	0.000000	0.328844	0.587433	0.327627	0.329612	0.585783	0.586147	1.000000	1.000000	1.000000	0.000000	0.000000	0.332409	0.328629	0.586260	0.586260	0.586252	0.000000	1.000000	0.000000	0.000000	0.585654	0.586243	1.000000	0.586024	0.586024	0.586024	0.101060	0.113520	0.112250	0.094576	0.941351	1.000000	0.044011	0.043999	0.066617	1.000000	0.315493
1.945500	20.633716	0.000000	0.000000	0.000000	0.050000	0.000000	3.700000	-8.500000	-10.000000	0.000000	-91.322159	-33.799724	-5.000000	0.000000	0.000000	0.297804	0.531984	0.296702	0.298499	0.530490	0.530820	1.000000	1.000000	1.000000	0.000000	0.000000	0.301032	0.297609	0.530921	0.530921	0.530914	0.000000	1.000000	0.000000	0.000000	0.530373	0.530906	1.000000	0.530708	0.530708	0.530708	0.091521	0.102805	0.101654	0.085648	1.000000	1.000000	0.039857	0.039846	0.060329	1.000000	0.285713
1.950450	20.633716	0.000000	0.000000	0.000000	0.050000	0.000000	3.700000	-8.746106	-10.000000	0.000000	-91.234781	-33.500000	-5.000000	0.000000	0.000000	0.269693	0.481769	0.268695	0.270323	0.480416	0.480715	1.000000	1.000000	1.000000	0.000000	0.000000	0.272617	0.269517	0.480807	0.480807	0.480800	0.000000	1.000000	0.000000	0.000000	0.480310	0.480793	1.000000	0.480613	0.480613	0.480613	0.082882	0.093101	0.092059	0.077564	0.953223	1.000000	0.036095	0.036085	0.054634	1.000000	0.258744
1.955400	20.633716	0.000000	0.000000	0.000000	0.050000	0.000000	3.700000	-8.974419	-10.000000	0.000000	-91.356035	-33.844431	-5.000000	0.000000	0.000000	0.244236	0.436294	0.243333	0.244807	0.435069	0.435339	1.000000	1.000000	1.000000	0.000000	0.000000	0.246884	0.244077	0.435422	0.435422	0.435417	0.000000	1.000000	0.000000	0.000000	0.434973	0.435410	1.000000	0.435247	0.435247	0.435247	0.075059	0.084313	0.083369	0.070243	1.000000	1.000000	0.032688	0.032679	0.049477	1.000000	0.234321
1.960350	20.633716	0.000000	0.000000	0.000000	0.050000	0.000000	3.700000	-8.999663	-10.000000	0.000000	-91.485654	-33.536447	-5.000000	0.000000	0.000000	0.221182	0.395111	0.220364	0.221699	0.394002	0.394246	1.000000	1.000000	1.000000	0.000000	0.000000	0.223581	0.221038	0.394322	0.394322	0.394317	0.000000	1.000000	0.000000	0.000000	0.393915	0.394311	1.000000	0.394163	0.394163	0.394163	0.067974	0.076354	0.075500	0.063612	0.959722	1.000000	0.029602	0.029594	0.044807	1.000000	0.212203
1.965300	20.633716	0.000000	0.000000	0.000000	0.050000	0.000000	3.700000	-8.943181	-10.000000	0.000000	-91.445007	-32.800503	-5.000000	0.000000	0.000000	0.200305	0.357816	0.199563	0.200772	0.356811	0.357033	1.000000	1.000000	1.000000	0.000000	0.000000	0.202476	0.200174	0.357101	0.357101	0.357096	0.000000	1.000000	0.000000	0.000000	0.356732	0.357091	1.000000	0.356957	0.356957	0.356957	0.061557	0.069147	0.068373	0.057608	1.000000	1.000000	0.026808	0.026801	0.040578	1.000000	0.192172
1.970250	20.633716	0.000000	0.000000	0.000000	0.050000	0.000000	3.700000	-8.706360	-10.000000	0.000000	-91.001698	-31.686326	-5.000000	0.000000	0.000000	0.181397	0.324041	0.180726	0.181821	0.323131	0.323332	1.000000	1.000000	1.000000	0.000000	0.000000	0.183364	0.181279	0.323394	0.323394	0.323389	0.000000	1.000000	0.000000	0.000000	0.323060	0.323384	1.000000	0.323263	0.323263	0.323263	0.055747	0.062620	0.061919	0.052170	0.961873	1.000000	0.024278	0.024271	0.036747	1.000000	0.174033
1.975200	20.633716	0.000000	0.000000	0.000000	0.050000	0.000000	3.700000	-8.708388	-10.000000	0.000000	-91.125886	-29.590220	-5.000000	0.000000	0.000000	0.482919	0.293454	0.479452	0.484262	0.292630	0.292812	1.000000	1.000000	1.000000	0.000000	0.000000	0.493434	0.481856	0.292868	0.292868	0.292864	0.000000	1.000000	0.000000	0.000000	0.292565	0.292859	1.000000	0.292750	0.292750	0.292750	0.050485	0.056709	0.056075	0.047246	1.000000	1.000000	0.021986	0.021980	0.033279	1.000000	0.470557
1.980150	20.633716	0.000000	0.000000	0.000000	0.050000	0.000000	3.700000	-8.571583	-10.000000	0.000000	-91.509850	-28.800833	-5.000000	0.000000	0.000000	0.437335	0.265754	0.434196	0.438551	0.265008	0.265173	1.000000	1.000000	1.000000	0.000000	0.000000	0.446858	0.436373	0.265223	0.265223	0.265220	0.000000	1.000000	0.000000	0.000000	0.264949	0.265216	1.000000	0.265117	0.265117	0.265117	0.045720	0.051356	0.050782	0.042786	1.000000	1.000000	0.019911	0.019905	0.030137	1.000000	0.426140
1.985100	20.633716	0.000000	0.000000	0.000000	0.050000	0.000000	3.700000	-8.340770	-10.000000	0.000000	-91.937702	-27.240159	-5.000000	0.000000	0.000000	0.396054	0.240669	0.393211	0.397155	0.239993	0.240142	1.000000	1.000000	1.000000	0.000000	0.000000	0.404678	0.395183	0.240188	0.240188	0.240185	0.000000	1.000000	0.000000	0.000000	0.239940	0.240181	1.000000	0.240092	0.240092	0.240092	0.041404	0.046509	0.045988	0.038747	1.000000	1.000000	0.018031	0.018026	0.027293	1.000000	0.385916
1.990050	20.633716	0.000000	0.000000	0.000000	0.050000	0.000000	3.700000	-7.991050	-10.000000	0.000000	-92.523644	-25.326284	-5.000000	0.000000	0.000000	0.358670	0.217952	0.356095	0.359667	0.217340	0.217475	1.000000	1.000000	1.000000	0.000000	0.000000	0.366480	0.357881	0.217517	0.217517	0.217514	0.000000	1.000000	0.000000	0.000000	0.217292	0.217510	1.000000	0.217429	0.217429	0.217429	0.037496	0.042119	0.041647	0.035090	1.000000	1.000000	0.016329	0.016325	0.024716	1.000000	0.349489
1.995000	20.633716	0.000000	0.000000	0.000000	0.050000	0.000000	3.700000	-7.474510	-10.000000	0.000000	-93.263155	-23.518537	-5.000000	0.000000	0.000000	0.324814	0.197379	0.322482	0.325717	0.196825	0.196947	1.000000	1.000000	1.000000	0.000000	0.000000	0.331887	0.324099	0.196985	0.196985	0.196982	0.000000	1.000000	0.000000	0.000000	0.196781	0.196979	1.000000	0.196905	0.196905	0.196905	0.033956	0.038143	0.037716	0.031778	1.000000	1.000000	0.014788	0.014784	0.022383	1.000000	0.316500
1.999950	20.633716	0.000000	0.000000	0.000000	0.050000	0.000000	3.700000	-6.763355	-10.000000	0.000000	-94.210527	-21.007517	-5.000000	0.000000	0.000000	0.294155	0.178748	0.292043	0.294972	0.178246	0.178357	1.000000	1.000000	1.000000	0.000000	0.000000	0.300559	0.293507	0.178391	0.178391	0.178389	0.000000	1.000000	0.000000	0.000000	0.178207	0.178386	1.000000	0.178319	0.178319	0.178319	0.030751	0.034543	0.034156	0.028778	1.000000	1.000000	0.013392	0.013388	0.020271	1.000000	0.286625
2.004900	20.633716	0.000000	0.000000	0.000000	0.050000	0.000000	3.700000	-5.816742	-10.000000	0.000000	-95.361127	-18.461985	-5.000000	0.000000	0.000000	0.266389	0.161876	0.264476	0.267129	0.161421	0.161521	1.000000	1.000000	1.000000	0.000000	0.000000	0.272189	0.265802	0.161552	0.161552	0.161550	0.000000	1.000000	0.000000	0.000000	0.161385	0.161548	1.000000	0.161487	0.161487	0.161487	0.027849	0.031282	0.030932	0.026062	1.000000	1.000000	0.012128	0.012125	0.018357	1.000000	0.259569
2.009850	20.633716	0.000000	0.000000	0.000000	0.050000	0.000000	3.700000	-4.640116	-10.000000	0.000000	-96.725230	-15.762561	-5.000000	0.000000	0.000000	0.241244	0.146596	0.239512	0.241914	0.146184	0.146275	1.000000	1.000000	1.000000	0.000000	0.000000	0.246497	0.240713	0.146303	0.146303	0.146301	0.000000	1.000000	0.000000	0.000000	0.146152	0.146299	1.000000	0.146244	0.146244	0.146244	0.025220	0.028329	0.028012	0.023602	1.000000	1.000000	0.010983	0.010980	0.016624	1.000000	0.235068
2.014800	20.633716	0.000000	0.000000	0.000000	0.050000	0.000000	3.700000	-3.241412	-10.000000	0.000000	-98.297733	-12.902768	-5.000000	0.000000	0.000000	0.218472	0.132758	0.216904	0.219080	0.132386	0.132468	1.000000	1.000000	1.000000	0.000000	0.000000	0.223229	0.217991	0.132493	0.132493	0.132491	0.000000	1.000000	0.000000	0.000000	0.132356	0.132489	1.000000	0.132440	0.132440	0.132440	0.022839	0.025655	0.025368	0.021374	1.000000	1.000000	0.009946	0.009944	0.015055	1.000000	0.212880
2.019750	20.633716	0.000000	0.000000	0.000000	0.050000	0.000000	3.700000	-1.628864	-10.000000	0.000000	-100.074016	-9.896530	-5.000000	0.000000	0.000000	0.523267	0.120227	0.518927	0.524796	0.119889	0.119964	1.000000	1.000000	1.000000	0.000000	0.000000	0.202158	0.523811	0.119987	0.119987	0.119985	0.000000	1.000000	0.000000	0.000000	0.119863	0.119983	1.000000	0.119939	0.119939	0.119939	0.020683	0.023234	0.022974	0.019356	1.000000	1.000000	0.009008	0.009005	0.013634	1.000000	0.512389
2.024700	20.633716	0.000000	0.000000	0.000000	0.050000	0.000000	3.700000	0.211591	-10.000000	0.000000	-102.190782	-6.719518	-5.000000	0.000000	0.000000	0.473875	0.108879	0.469944	0.475260	0.108573	0.108640	1.000000	1.000000	1.000000	0.000000	0.000000	0.183076	0.474367	0.108661	0.108661	0.108660	0.000000	1.000000	0.000000	0.000000	0.108549	0.108658	1.000000	0.108617	0.108617	0.108617	0.018731	0.021041	0.020805	0.017529	1.000000	1.000000	0.008157	0.008155	0.012347	1.000000	0.464023
2.029650	20.633716	0.000000	0.000000	0.000000	0.050000	0.000000	3.700000	2.265394	-10.000000	0.000000	-104.603854	-3.424818	-5.000000	0.000000	0.000000	0.429145	0.098601	0.425585	0.430399	0.098324	0.098385	1.000000	1.000000	1.000000	0.000000	0.000000	0.483483	0.429591	0.098404	0.098404	0.098403	0.000000	1.000000	0.000000	0.000000	0.098303	0.098401	1.000000	0.098365	0.098365	0.098365	0.016963	0.019054	0.018841	0.015875	1.000000	1.000000	0.007387	0.007385	0.011182	1.000000	0.420223
2.034600	20.633716	0.000000	0.000000	0.000000	0.050000	0.000000	3.700000	4.494665	-10.000000	0.000000	-107.214594	-0.030355	-5.000000	0.000000	0.000000	0.388637	0.089294	0.385413	0.389773	0.089043	0.089099	1.000000	1.000000	1.000000	0.000000	0.000000	0.437846	0.389041	0.089116	0.089116	0.089115	0.000000	1.000000	0.000000	0.000000	0.089024	0.089113	1.000000	0.089080	0.089080	0.089080	0.015362	0.017256	0.017063	0.014376	1.000000	1.000000	0.006690	0.006688	0.010126	1.000000	0.380557
2.039550	20.633716	0.000000	0.000000	0.000000	0.050000	0.000000	3.700000	6.861507	-10.000000	0.000000	-109.949139	3.461851	-5.000000	0.000000	0.000000	0.351953	0.080865	0.349033	0.352981	0.080638	0.080688	1.000000	1.000000	1.000000	0.000000	0.000000	0.396517	0.352318	0.080704	0.080704	0.080703	0.000000	1.000000	0.000000	0.000000	0.080621	0.080702	1.000000	0.080671	0.080671	0.080671	0.013912	0.015627	0.015452	0.013019	1.000000	1.000000	0.006059	0.006057	0.009170	1.000000	0.344636
2.044500	20.633716	0.000000	0.000000	0.000000	0.050000	0.000000	3.700000	9.356855	-10.000000	0.000000	-112.775345	7.071040	-5.000000	0.000000	0.000000	0.318731	0.073232	0.316087	0.319663	0.073027	0.073072	1.000000	1.000000	1.000000	0.000000	0.000000	0.359089	0.319062	0.073086	0.073086	0.073085	0.000000	1.000000	0.000000	0.000000	0.073011	0.073084	1.000000	0.073057	0.073057	0.073057	0.012599	0.014152	0.013994	0.011790	1.000000	1.000000	0.005487	0.005485	0.008305	1.000000	0.312105
2.049450	20.633716	0.000000	0.000000	0.000000	0.050000	0.000000	3.700000	11.848890	-10.000000	0.000000	-115.529012	10.426164	-5.000000	0.000000	0.000000	0.288645	0.377396	0.286251	0.289489	0.376277	0.376318	1.000000	1.000000	1.000000	0.000000	0.000000	0.325194	0.288945	0.376331	0.376331	0.376330	0.000000	1.000000	0.000000	0.000000	0.376262	0.376329	1.000000	0.376304	0.376304	0.376304	0.299346	0.300753	0.336140	0.699669	1.000000	1.000000	0.326498	0.326497	0.329050	1.000000	0.282645
2.054400	20.633716	0.000000	0.000000	0.000000	0.050000	0.000000	3.700000	13.633883	-10.000000	0.000000	-117.607901	12.457170	-5.000000	0.000000	0.000000	0.261400	0.341773	0.259231	0.262164	0.340759	0.340797	1.000000	1.000000	1.000000	0.000000	0.000000	0.294498	0.261671	0.340808	0.340808	0.340807	0.000000	1.000000	0.000000	0.000000	0.340746	0.340806	1.000000	0.340784	0.340784	0.340784	0.271090	0.272364	0.304411	0.633626	1.000000	1.000000	0.295679	0.295678	0.297991	1.000000	0.255965
2.059350	20.633716	0.000000	0.000000	0.000000	0.050000	0.000000	3.700000	15.082998	-10.000000	0.000000	-119.324827	14.092382	-5.000000	0.000000	0.000000	0.236726	0.621525	0.234762	0.237417	0.619671	0.619705	1.000000	1.000000	1.000000	0.000000	0.000000	0.266700	0.236972	0.619715	0.619715	0.619714	0.000000	1.000000	0.000000	0.000000	0.619659	0.619714	1.000000	0.619693	0.619693	0.619693	0.245502	0.246655	0.275677	0.573816	1.000000	1.000000	0.267770	0.267768	0.269863	1.000000	0.231804
2.064300	20.633716	0.000000	0.000000	0.000000	0.050000	0.000000	3.700000	15.758004	-10.000000	0.000000	-120.274221	15.150793	-5.000000	0.000000	0.000000	0.214381	0.562858	0.212602	0.215007	0.561179	0.561210	1.000000	1.000000	1.000000	0.000000	0.000000	0.241526	0.214603	0.561219	0.561219	0.561218	0.000000	1.000000	0.000000	0.000000	0.561168	0.561218	1.000000	0.561199	0.561199	0.561199	0.222328	0.223373	0.249655	0.519653	1.000000	1.000000	0.242494	0.242493	0.244390	1.000000	0.209924
2.069250	20.633716	0.000000	0.000000	0.000000	0.050000	0.000000	3.700000	16.252742	-10.000000	0.000000	-121.009492	16.008157	-5.000000	0.000000	0.000000	0.194145	0.818014	0.192534	0.194712	0.815569	0.815596	1.000000	1.000000	1.000000	0.000000	0.000000	0.218728	0.194346	0.815605	0.815605	0.815604	0.000000	1.000000	0.000000	0.000000	0.815559	0.815604	1.000000	0.815587	0.814665	0.814665	0.201342	0.202288	0.226090	0.470602	1.000000	1.000000	0.219605	0.219604	0.221321	1.000000	0.190109
2.074200	20.633716	0.000000	0.000000	0.000000	0.050000	0.000000	3.700000	16.514045	-10.000000	0.000000	-121.481102	16.672775	-5.000000	0.000000	0.000000	0.175819	0.740800	0.174361	0.176333	0.738585	0.738611	1.000000	1.000000	1.000000	0.000000	0.000000	0.198081	0.176002	0.738618	0.738618	0.738618	0.000000	1.000000	0.000000	0.000000	0.738577	0.738617	1.000000	0.738602	0.737767	0.737767	0.182337	0.183194	0.204749	0.426181	0.953496	1.000000	0.198876	0.198875	0.200430	1.000000	0.172164
2.079150	20.633716	0.000000	0.000000	0.000000	0.050000	0.000000	3.700000	16.684281	-10.000000	0.000000	-121.824297	17.253429	-5.000000	0.000000	0.000000	0.159223	0.975477	0.157902	0.159688	0.971647	0.971669	1.000000	1.000000	1.000000	0.000000	0.000000	0.179384	0.159389	0.972587	0.972587	0.972587	0.000000	1.000000	0.000000	0.000000	0.971638	0.971675	1.000000	0.971661	0.970905	0.970905	0.165126	0.165902	0.185422	0.385953	1.000000	1.000000	0.180103	0.180103	0.181511	1.000000	0.155913
2.084100	20.633716	0.000000	0.000000	0.000000	0.050000	0.000000	3.700000	16.770615	-10.000000	0.000000	-122.047444	17.803660	-5.000000	0.000000	0.000000	0.144194	1.000000	0.142998	0.144615	1.000000	1.000000	1.000000	1.000000	1.000000	0.000000	0.000000	0.162452	0.144344	1.000000	1.000000	1.000000	0.000000	1.000000	0.000000	0.000000	1.000000	1.000000	1.000000	1.000000	1.000000	1.000000	0.149539	0.150242	0.167920	0.349522	0.965926	1.000000	0.163103	0.163102	0.164378	1.000000	0.141196
2.089050	20.633716	0.000000	0.000000	0.000000	0.050000	0.000000	3.700000	16.799435	-10.000000	0.000000	-122.177870	18.402994	-5.000000	0.000000	0.000000	0.130583	1.000000	0.129500	0.130965	1.000000	1.000000	1.000000	1.000000	1.000000	0.000000	0.000000	0.147117	0.130719	1.000000	1.000000	1.000000	0.000000	1.000000	0.000000	0.000000	1.000000	1.000000	1.000000	1.000000	1.000000	1.000000	0.135424	0.136060	0.152069	0.316530	0.874750	1.000000	0.147707	0.147707	0.148862	1.000000	0.127868
2.094000	20.633716	0.000000	0.000000	0.000000	0.050000	0.000000	3.700000	16.769355	-10.000000	0.000000	-122.209710	19.099557	-5.000000	0.000000	0.000000	0.118257	1.000000	0.117276	0.118603	1.000000	1.000000	1.000000	1.000000	1.000000	0.000000	0.000000	0.133231	0.118380	1.000000	1.000000	1.000000	0.000000	1.000000	0.000000	0.000000	1.000000	1.000000	1.000000	1.000000	1.000000	1.000000	0.122641	0.123217	0.137715	0.286652	0.792181	1.000000	0.133765	0.133765	0.134811	1.000000	0.115798
2.098950	20.633716	0.000000	0.000000	0.000000	0.050000	0.000000	3.700000	16.687009	-10.000000	0.000000	-122.147970	19.882006	-5.000000	0.000000	0.000000	0.107094	1.000000	0.106206	0.107407	1.000000	1.000000	1.000000	1.000000	1.000000	0.000000	0.000000	0.120655	0.107206	1.000000	1.000000	1.000000	0.000000	1.000000	0.000000	0.000000	1.000000	1.000000	1.000000	1.000000	1.000000	1.000000	0.111065	0.111587	0.124716	0.259594	0.717405	1.000000	0.121139	0.121138	0.122086	1.000000	0.104868
2.103900	20.633716	0.000000	0.000000	0.000000	0.050000	0.000000	3.700000	16.568191	-10.000000	0.000000	-122.021115	20.694791	-5.000000	0.000000	0.000000	0.096986	1.000000	0.096181	0.097269	1.000000	1.000000	1.000000	1.000000	1.000000	0.000000	0.000000	0.109266	0.097086	1.000000	1.000000	1.000000	0.000000	1.000000	0.000000	0.000000	1.000000	1.000000	1.000000	1.000000	1.000000	1.000000	0.100581	0.101054	0.112944	0.235090	0.649688	1.000000	0.109704	0.109704	0.110562	1.000000	0.094969
2.108850	20.633716	0.000000	0.000000	0.000000	0.050000	0.000000	3.700000	16.417412	-10.000000	0.000000	-121.830227	21.523486	-5.000000	0.000000	0.000000	0.087831	1.000000	0.087102	0.088088	1.000000	1.000000	0.953641	0.953633	0.953633	0.000000	0.000000	0.098952	0.087922	1.000000	1.000000	1.000000	0.000000	0.953641	0.000000	0.000000	1.000000	1.000000	0.955875	1.000000	1.000000	1.000000	0.091087	0.091515	0.102283	0.212900	0.588363	0.951186	0.099349	0.099349	0.100126	0.950962	0.086005
2.113800	20.633716	0.000000	0.000000	0.000000	0.050000	0.000000	3.700000	16.237015	-10.000000	0.000000	-121.570034	22.084022	-5.000000	0.000000	0.000000	0.079540	1.000000	0.078881	0.079773	1.000000	1.000000	0.863625	0.863617	0.863617	0.000000	0.000000	0.089612	0.079623	1.000000	1.000000	1.000000	0.000000	0.863625	0.000000	0.000000	1.000000	1.000000	0.865648	1.000000	1.000000	1.000000	0.366986	0.367374	0.410317	0.871522	0.532826	0.861402	0.406707	0.406706	0.407410	0.861198	0.077887
2.118750	20.633716	0.000000	0.000000	0.000000	0.050000	0.000000	3.700000	16.038422	-10.000000	0.000000	-121.279626	22.083160	-5.000000	0.000000	0.000000	0.072032	1.000000	0.071435	0.072243	1.000000	1.000000	0.782106	0.782099	0.782099	0.000000	0.000000	0.081153	0.072107	1.000000	1.000000	1.000000	0.000000	0.782106	0.000000	0.000000	1.000000	1.000000	0.783938	1.000000	1.000000	1.000000	0.332346	0.332697	0.371586	0.789257	0.482531	0.780092	0.368317	0.368316	0.368954	0.779908	0.070535
2.123700	20.633716	0.000000	0.000000	0.000000	0.050000	0.000000	3.700000	15.802614	-10.000000	0.000000	-120.936448	21.943549	-5.000000	0.000000	0.000000	0.065233	1.000000	0.064692	0.065424	1.000000	1.000000	0.708281	0.708275	0.708275	0.000000	0.000000	0.073493	0.065301	1.000000	1.000000	1.000000	0.000000	0.708281	0.000000	0.000000	1.000000	1.000000	0.709940	1.000000	1.000000	1.000000	0.300975	0.301293	0.336511	0.714758	0.436984	0.706458	0.333550	0.333550	0.334127	0.706291	0.063877
2.128650	20.633716	0.000000	0.000000	0.000000	0.050000	0.000000	3.700000	15.514994	-10.000000	0.000000	-120.517940	21.717194	-5.000000	0.000000	0.000000	0.059076	1.000000	0.058586	0.059248	1.000000	1.000000	0.641425	0.641419	0.641419	0.000000	0.000000	0.066556	0.059137	1.000000	1.000000	1.000000	0.000000	0.641425	0.000000	0.000000	1.000000	1.000000	0.642928	1.000000	1.000000	1.000000	0.272565	0.272853	0.304747	0.647290	0.395736	0.639774	0.302066	0.302066	0.302588	0.639623	0.057847
2.133600	20.633716	0.000000	0.000000	0.000000	0.050000	0.000000	3.700000	15.161982	-10.000000	0.000000	-120.014747	21.398894	-5.000000	0.000000	0.000000	0.053499	1.000000	0.053056	0.053656	1.000000	1.000000	0.580880	0.580874	0.580874	0.000000	0.000000	0.060273	0.053555	1.000000	1.000000	1.000000	0.000000	0.580880	0.000000	0.000000	1.000000	1.000000	0.582240	1.000000	1.000000	1.000000	0.246837	0.247098	0.275981	0.586191	0.358382	0.579384	0.273553	0.590288	0.590762	0.579247	0.052387
2.138550	20.633716	0.000000	0.000000	0.000000	0.050000	0.000000	3.700000	14.721156	-10.000000	0.000000	-119.401572	20.974168	-5.000000	0.000000	0.000000	0.048449	1.000000	0.048048	0.048591	1.000000	1.000000	0.526049	0.526044	0.526044	0.000000	0.000000	0.054584	0.048500	1.000000	1.000000	1.000000	0.000000	0.526049	0.000000	0.000000	1.000000	1.000000	0.527282	1.000000	1.000000	1.000000	0.223538	0.223774	0.249931	0.530859	0.324554	0.524695	0.247732	0.534570	0.534998	0.524571	0.047442
2.143500	20.633716	0.000000	0.000000	0.000000	0.050000	0.000000	3.700000	14.167644	-10.000000	0.000000	-118.650094	20.407758	-5.000000	0.000000	0.000000	0.043876	1.000000	0.043512	0.044004	1.000000	1.000000	0.476394	0.476390	0.476390	0.000000	0.000000	0.049432	0.043922	1.000000	1.000000	1.000000	0.000000	0.476394	0.000000	0.000000	1.000000	1.000000	0.477510	1.000000	1.000000	1.000000	0.202438	0.202651	0.226339	0.480751	0.293918	0.475168	0.224348	0.484111	0.484499	0.475056	0.042964
2.148450	20.633716	0.000000	0.000000	0.000000	0.050000	0.000000	3.700000	13.481002	-10.000000	0.000000	-117.735441	19.656188	-5.000000	0.000000	0.000000	0.039735	1.000000	0.039405	0.039851	1.000000	1.000000	0.431427	0.431423	0.431423	0.000000	0.000000	0.044766	0.039776	1.000000	1.000000	1.000000	0.000000	0.431427	0.000000	0.000000	1.000000	1.000000	0.432437	1.000000	1.000000	1.000000	0.183329	0.183523	0.204975	0.435372	0.266175	0.430316	0.203171	0.438414	0.438766	0.430214	0.038909
2.153400	20.633716	0.000000	0.000000	0.000000	0.050000	0.000000	3.700000	12.638634	-10.000000	0.000000	-116.616646	18.655762	-5.000000	0.000000	0.000000	0.035984	1.000000	0.035686	0.036089	1.000000	1.000000	0.390703	0.390700	0.390700	0.000000	0.000000	0.040540	0.036021	1.000000	1.000000	1.000000	0.000000	0.390703	0.000000	0.000000	1.000000	1.000000	0.391619	1.000000	1.000000	1.000000	0.166024	0.166200	0.185627	0.394276	0.241050	0.389697	0.183994	0.397032	0.397350	0.389605	0.035236
2.158350	20.633716	0.000000	0.000000	0.000000	0.050000	0.000000	3.700000	11.644581	-10.000000	0.000000	-115.306632	17.446147	-5.000000	0.000000	0.000000	0.032587	1.000000	0.032317	0.032683	1.000000	1.000000	0.353824	0.353821	0.353821	0.000000	0.000000	0.036714	0.032621	1.000000	1.000000	1.000000	0.000000	0.353824	0.000000	0.000000	1.000000	1.000000	0.354653	1.000000	1.000000	1.000000	0.443527	0.444568	0.494501	1.000000	0.218297	0.352913	0.493022	0.359555	0.359843	0.352830	0.031910
2.163300	20.633716	0.000000	0.000000	0.000000	0.050000	0.000000	3.700000	10.485673	-10.000000	0.000000	-113.812165	15.892001	-5.000000	0.000000	0.000000	0.029511	1.000000	0.029267	0.029598	1.000000	1.000000	0.320426	0.320423	0.320423	0.000000	0.000000	0.033248	0.029542	1.000000	1.000000	1.000000	0.000000	0.320426	0.000000	0.000000	1.000000	1.000000	0.321176	1.000000	1.000000	1.000000	0.401662	0.402605	0.447824	0.958662	0.197691	0.319601	0.446485	0.325616	0.325877	0.319525	0.028898
2.168250	20.633716	0.000000	0.000000	0.000000	0.050000	0.000000	3.700000	9.155188	-10.000000	0.000000	-112.126069	13.995472	-5.000000	0.000000	0.000000	0.026726	1.000000	0.026504	0.026804	1.000000	1.000000	0.290180	0.290178	0.290178	0.000000	0.000000	0.030110	0.026754	1.000000	1.000000	1.000000	0.000000	0.290180	0.000000	0.000000	1.000000	1.000000	0.290860	1.000000	1.000000	1.000000	0.363748	0.364602	0.405553	0.868172	0.179031	0.289433	0.404340	0.294880	0.295117	0.289365	0.026170
2.173200	20.633716	0.000000	0.000000	0.000000	0.050000	0.000000	3.700000	7.646112	-10.000000	0.000000	-110.242806	11.816109	-5.000000	0.000000	0.000000	0.024203	1.000000	0.024002	0.024274	1.000000	1.000000	0.262789	0.262787	0.262787	0.000000	0.000000	0.027268	0.024228	1.000000	1.000000	1.000000	0.000000	0.262789	0.000000	0.000000	1.000000	1.000000	0.263405	1.000000	1.000000	1.000000	0.329413	0.330186	0.367272	0.786223	0.162132	0.262113	0.366174	0.267046	0.267260	0.262051	0.023700
2.178150	20.633716	0.000000	0.000000	0.000000	0.050000	0.000000	3.700000	5.954018	-10.000000	0.000000	-108.158620	9.389375	-5.000000	0.000000	0.000000	0.021918	1.000000	0.021737	0.021983	1.000000	1.000000	0.237984	0.237982	0.237982	0.000000	0.000000	0.024694	0.021941	1.000000	1.000000	1.000000	0.000000	0.237984	0.000000	0.000000	1.000000	1.000000	0.238542	1.000000	1.000000	1.000000	0.298319	0.299019	0.332605	0.712010	0.146828	0.237372	0.331610	0.551982	0.552176	0.237315	0.021463
2.183100	20.633716	0.000000	0.000000	0.000000	0.050000	0.000000	3.700000	4.065462	-10.000000	0.000000	-105.835376	6.695691	-5.000000	0.000000	0.000000	0.019850	1.000000	0.019685	0.019908	1.000000	1.000000	0.215520	0.215518	0.215518	0.000000	0.000000	0.022363	0.019870	1.000000	1.000000	1.000000	0.000000	0.215520	0.000000	0.000000	1.000000	1.000000	0.216025	1.000000	1.000000	1.000000	0.270160	0.270794	0.301209	0.644802	0.132968	0.214966	0.300308	0.499880	0.500055	0.214915	0.019437
2.188050	20.633716	0.000000	0.000000	0.000000	0.050000	0.000000	3.700000	1.967109	-10.000000	0.000000	-103.243062	3.641313	-5.000000	0.000000	0.000000	0.017976	1.000000	0.017827	0.018028	1.000000	1.000000	0.195177	0.195175	0.195175	0.000000	0.000000	0.020252	0.017995	1.000000	1.000000	1.000000	0.000000	0.195177	0.000000	0.000000	1.000000	1.000000	0.195634	1.000000	1.000000	1.000000	0.522400	0.522974	0.582921	1.000000	0.120417	0.194675	0.581175	0.452695	0.452854	0.194629	0.017602
2.193000	20.633716	0.000000	0.000000	0.000000	0.050000	0.000000	3.700000	-0.363205	-10.000000	0.000000	-100.334997	0.019292	-5.000000	0.000000	0.000000	0.016279	1.000000	0.016144	0.016327	1.000000	1.000000	0.176754	0.176752	0.176752	0.000000	0.000000	0.018340	0.016296	1.000000	1.000000	1.000000	0.000000	0.176754	0.000000	0.000000	1.000000	1.000000	0.177168	1.000000	1.000000	1.000000	0.473089	0.473609	0.527898	1.000000	0.109051	0.176299	0.526316	0.409964	0.410108	0.176257	0.015941
2.197950	20.633716	0.000000	0.000000	0.000000	0.050000	0.000000	3.700000	-2.946180	-10.000000	0.000000	-97.094964	-4.106406	-5.000000	0.000000	0.000000	0.014743	1.000000	0.014620	0.014786	1.000000	1.000000	0.160070	0.160068	0.160068	0.000000	0.000000	0.016609	0.014758	1.000000	1.000000	1.000000	0.000000	0.160070	0.000000	0.000000	1.000000	1.000000	0.160445	1.000000	1.000000	1.000000	0.428433	0.428904	0.478069	1.000000	0.098757	0.159658	0.476636	0.371267	0.371397	0.159620	0.014436
2.202900	20.633716	0.000000	0.000000	0.000000	0.050000	0.000000	3.700000	-5.792105	-10.000000	0.000000	-93.544254	-8.667046	-5.000000	0.000000	0.000000	0.013351	1.000000	0.013240	0.013390	1.000000	1.000000	0.144960	0.144959	0.144959	0.000000	0.000000	0.015041	0.013365	1.000000	1.000000	1.000000	0.000000	0.144960	0.000000	0.000000	1.000000	1.000000	0.145300	1.000000	1.000000	1.000000	0.387993	0.388419	0.432943	0.928785	0.089435	0.144587	0.431646	0.665573	0.665692	0.144553	0.013073
2.207850	20.633716	0.000000	0.000000	0.000000	0.050000	0.000000	3.700000	-8.989824	-10.000000	0.000000	-91.455599	-13.512763	-5.000000	0.000000	0.000000	0.012091	1.000000	0.011990	0.012126	1.000000	1.000000	0.131277	0.131276	0.131276	0.000000	0.000000	0.013622	0.012103	1.000000	1.000000	1.000000	0.000000	0.131277	0.000000	0.000000	1.000000	1.000000	0.131585	1.000000	1.000000	1.000000	0.351369	0.351756	0.392076	0.841115	0.080993	0.130939	0.390902	0.602749	0.602856	0.130908	0.011839
2.212800	20.633716	0.000000	0.000000	0.000000	0.050000	0.000000	3.700000	-8.512734	-10.000000	0.000000	-91.187949	-15.405604	-5.000000	0.000000	0.000000	0.010949	1.000000	0.010859	0.010981	1.000000	1.000000	0.118886	0.118885	0.118885	0.000000	0.000000	0.012336	0.010961	1.000000	1.000000	1.000000	0.000000	0.118886	0.000000	0.000000	1.000000	1.000000	0.119164	1.000000	1.000000	1.000000	0.318203	0.318553	0.355067	0.761720	0.073348	0.118580	0.354004	0.545854	0.545951	0.118552	0.010722
2.217750	20.633716	0.000000	0.000000	0.000000	0.050000	0.000000	3.700000	-8.928508	-10.000000	0.000000	-91.146794	-18.390490	-5.000000	0.000000	0.000000	0.009916	1.000000	0.009834	0.009945	1.000000	1.000000	0.107664	0.107663	0.107663	0.000000	0.000000	0.011171	0.009926	1.000000	1.000000	1.000000	0.000000	0.107664	0.000000	0.000000	1.000000	1.000000	0.107916	1.000000	1.000000	1.000000	0.288167	0.288484	0.321552	0.689820	0.066425	0.107387	0.320589	0.494330	0.494417	0.107361	0.009710
2.222700	20.633716	0.000000	0.000000	0.000000	0.050000	0.000000	3.700000	-8.714236	-10.000000	0.000000	-91.402467	-21.594569	-5.000000	0.000000	0.000000	0.008980	1.000000	0.008905	0.009006	1.000000	1.000000	0.097501	0.097500	0.097500	0.000000	0.000000	0.010117	0.008989	1.000000	1.000000	1.000000	0.000000	0.097501	0.000000	0.000000	1.000000	1.000000	0.097730	1.000000	1.000000	1.000000	0.260966	0.261253	0.291200	0.624706	0.060155	0.097250	0.290328	0.447669	0.447748	0.097227	0.008793
2.227650	20.633716	0.000000	0.000000	0.000000	0.050000	0.000000	3.700000	-8.558545	-10.000000	0.000000	-91.500000	-25.256418	-5.000000	0.000000	0.000000	0.008132	1.000000	0.008065	0.008156	1.000000	1.000000	0.088298	0.088297	0.088297	0.000000	0.000000	0.009162	0.008141	1.000000	1.000000	1.000000	0.000000	0.088298	0.000000	0.000000	1.000000	1.000000	0.088505	1.000000	1.000000	1.000000	0.236333	0.236593	0.263713	0.565739	0.054477	0.088071	0.262923	0.405412	0.405484	0.088050	0.007963
2.232600	20.633716	0.000000	0.000000	0.000000	0.050000	0.000000	3.700000	-8.500000	-10.000000	0.000000	-91.274403	-29.422774	-5.000000	0.000000	0.000000	0.007365	1.000000	0.007304	0.007386	1.000000	1.000000	0.079963	0.079963	0.079963	0.000000	0.000000	0.008297	0.007372	1.000000	1.000000	1.000000	0.000000	0.079963	0.000000	0.000000	1.000000	1.000000	0.080151	1.000000	1.000000	1.000000	0.214025	0.214260	0.559385	0.512338	0.049334	0.079757	0.238105	0.367145	0.367210	0.079739	0.007212
2.237550	20.633716	0.000000	0.000000	0.000000	0.050000	0.000000	3.700000	-8.852936	-10.000000	0.000000	-91.472621	-33.521776	-5.000000	0.000000	0.000000	0.006669	1.000000	0.006614	0.006689	1.000000	1.000000	0.072415	0.072415	0.072415	0.000000	0.000000	0.007514	0.006676	1.000000	1.000000	1.000000	0.000000	0.072415	0.000000	0.000000	1.000000	1.000000	0.072585	1.000000	1.000000	1.000000	0.193823	0.194036	0.506584	0.463977	0.044678	0.072229	0.215630	0.332489	0.332548	0.072212	0.006531
2.242500	20.633716	0.000000	0.000000	0.000000	0.050000	0.000000	3.700000	-8.627669	-10.000000	0.000000	-91.014352	-33.500000	-5.000000	0.000000	0.000000	0.006040	1.000000	0.005990	0.006058	1.000000	1.000000	0.375723	0.375723	0.375723	0.000000	0.000000	0.006805	0.006046	1.000000	1.000000	1.000000	0.000000	0.375723	0.000000	0.000000	1.000000	1.000000	0.376810	1.000000	1.000000	1.000000	0.448306	0.449320	0.458766	0.420181	0.231726	0.374624	0.506353	0.301105	0.301158	0.374609	0.005914
2.247450	20.633716	0.000000	0.000000	0.000000	0.050000	0.000000	3.700000	-8.514176	-10.000000	0.000000	-91.193151	-33.615630	-5.000000	0.000000	0.000000	0.005470	1.000000	0.005424	0.005486	1.000000	1.000000	0.340258	0.340258	0.340258	0.000000	0.000000	0.006162	0.005476	1.000000	1.000000	1.000000	0.000000	0.340258	0.000000	0.000000	1.000000	1.000000	0.341242	1.000000	1.000000	1.000000	0.405989	0.406907	0.415462	0.380520	0.209853	0.339263	0.458557	0.272683	0.272731	0.339249	0.310875
2.252400	20.633716	0.000000	0.000000	0.000000	0.050000	0.000000	3.700000	-8.920533	-10.000000	0.000000	-91.500000	-33.682630	-5.000000	0.000000	0.000000	0.329394	1.000000	0.326442	0.330385	1.000000	1.000000	0.619217	0.619217	0.619217	0.000000	0.000000	0.005581	0.327456	1.000000	1.000000	1.000000	0.000000	0.619217	0.000000	0.000000	1.000000	1.000000	0.621044	1.000000	1.000000	1.000000	0.367667	0.368499	0.376246	1.000000	0.382463	0.618315	0.415273	0.246944	0.246988	0.618303	0.281531
2.257350	20.633716	0.000000	0.000000	0.000000	0.050000	0.000000	3.700000	-8.680514	-10.000000	0.000000	-91.464339	-33.500000	-5.000000	0.000000	0.000000	0.298302	1.000000	0.295628	0.299199	1.000000	1.000000	0.560768	0.560767	0.560767	0.000000	0.000000	0.307832	0.296546	1.000000	1.000000	1.000000	0.000000	0.560768	0.000000	0.000000	1.000000	1.000000	0.562423	1.000000	1.000000	1.000000	0.332962	0.333715	0.340731	0.908534	0.346362	0.559951	0.376074	0.223634	0.223674	0.559940	0.254957
2.262300	20.633716	0.000000	0.000000	0.000000	0.050000	0.000000	3.700000	-8.978491	-10.000000	0.000000	-91.353996	-33.723581	-5.000000	0.000000	0.000000	0.270145	1.000000	0.267723	0.270957	1.000000	1.000000	0.815196	0.815196	0.815196	0.000000	0.000000	0.278775	0.268555	1.000000	1.000000	1.000000	0.000000	0.815196	0.000000	0.000000	1.000000	1.000000	0.817620	1.000000	1.000000	1.000000	0.301533	0.302215	0.308569	0.822776	0.503788	0.814457	0.340576	0.202525	0.202561	0.814447	0.230891
2.267250	20.633716	0.000000	0.000000	0.000000	0.050000	0.000000	3.700000	-8.500000	-10.000000	0.000000	-91.174206	-33.500000	-5.000000	0.000000	0.000000	0.244645	1.000000	0.242452	0.245381	1.000000	1.000000	0.738248	0.738248	0.738248	0.000000	0.000000	0.252461	0.243205	1.000000	1.000000	1.000000	0.000000	0.738248	0.000000	0.000000	1.000000	1.000000	0.740443	1.000000	1.000000	1.000000	0.273071	0.273689	0.279443	0.745112	0.456234	0.737579	0.308428	0.183408	0.183441	0.737569	0.209097
2.272200	20.633716	0.000000	0.000000	0.000000	0.050000	0.000000	3.700000	-8.509717	-10.000000	0.000000	-91.500000	-33.668198	-5.000000	0.000000	0.000000	0.221553	1.000000	0.219567	0.222219	1.000000	1.000000	0.972252	0.972252	0.972252	0.000000	0.000000	0.228630	0.220249	1.000000	1.000000	1.000000	0.000000	0.972252	0.000000	0.000000	1.000000	1.000000	0.975154	1.000000	1.000000	1.000000	0.247295	0.247854	0.253065	0.674780	0.600454	0.970735	0.279315	0.166096	0.166125	0.970726	0.189360
2.277150	20.633716	0.000000	0.000000	0.000000	0.050000	0.000000	3.700000	-8.536465	-10.000000	0.000000	-91.464818	-33.500000	-5.000000	0.000000	0.000000	0.200640	1.000000	0.198841	0.201243	1.000000	1.000000	1.000000	1.000000	1.000000	0.000000	0.000000	0.207049	0.199459	1.000000	1.000000	1.000000	0.000000	1.000000	0.000000	0.000000	1.000000	1.000000	1.000000	1.000000	1.000000	1.000000	0.223953	0.224459	0.229178	0.611086	0.748112	1.000000	0.252950	0.150418	0.150445	1.000000	0.171486
2.282100	20.633716	0.000000	0.000000	0.000000	0.050000	0.000000	3.700000	-8.510160	-10.000000	0.000000	-91.467329	-33.683850	-5.000000	0.000000	0.000000	0.181701	1.000000	0.180072	0.182247	1.000000	1.000000	1.000000	1.000000	1.000000	0.000000	0.000000	0.187506	0.180632	1.000000	1.000000	1.000000	0.000000	1.000000	0.000000	0.000000	1.000000	1.000000	1.000000	1.000000	1.000000	1.000000	0.202813	0.203272	0.207545	0.553404	0.677496	1.000000	0.229074	0.136220	0.136244	1.000000	0.155299
2.287050	20.633716	0.000000	0.000000	0.000000	0.050000	0.000000	3.700000	-8.998056	-10.000000	0.000000	-91.188701	-33.500000	-5.000000	0.000000	0.000000	0.164550	1.000000	0.163075	0.165045	1.000000	1.000000	1.000000	1.000000	1.000000	0.000000	0.000000	0.169807	0.163581	1.000000	1.000000	1.000000	0.000000	1.000000	0.000000	0.000000	1.000000	1.000000	1.000000	1.000000	1.000000	1.000000	0.183669	0.184085	0.187955	0.501167	0.814231	1.000000	0.207451	0.123362	0.123383	1.000000	0.140640
2.292000	20.633716	0.000000	0.000000	0.000000	0.050000	0.000000	3.700000	-8.797020	-10.000000	0.000000	-91.464707	-33.691484	-5.000000	0.000000	0.000000	0.149018	1.000000	0.147682	0.149466	1.000000	1.000000	1.000000	1.000000	1.000000	0.000000	0.000000	0.153778	0.148141	1.000000	1.000000	1.000000	0.000000	1.000000	0.000000	0.000000	1.000000	1.000000	1.000000	1.000000	1.000000	1.000000	0.166332	0.166708	0.170213	0.453861	0.737374	1.000000	0.187869	0.111717	0.111737	1.000000	0.127364
2.296950	20.633716	0.000000	0.000000	0.000000	0.050000	0.000000	3.700000	-8.582868	-10.000000	0.000000	-91.250301	-33.500000	-5.000000	0.000000	0.000000	0.134952	1.000000	0.133742	0.135357	1.000000	1.000000	1.000000	1.000000	1.000000	0.000000	0.000000	0.139263	0.134157	1.000000	1.000000	1.000000	0.000000	1.000000	0.000000	0.000000	1.000000	1.000000	1.000000	1.000000	1.000000	1.000000	0.150632	0.150973	0.154147	0.411020	0.864871	1.000000	0.170136	0.101172	0.101190	1.000000	0.115342
2.301900	20.633716	0.000000	0.000000	0.000000	0.050000	0.000000	3.700000	-8.500000	-10.000000	0.000000	-91.000318	-33.675351	-5.000000	0.000000	0.000000	0.122213	0.972263	0.121118	0.122581	0.969995	0.970443	1.000000	1.000000	1.000000	0.000000	0.000000	0.126117	0.121494	0.971216	0.971216	0.971156	0.000000	1.000000	0.000000	0.000000	0.969799	0.970496	1.000000	0.970702	0.970693	0.970693	0.136413	0.136722	0.139596	0.372223	0.783234	1.000000	0.154076	0.091622	0.091638	1.000000	0.104455
2.306850	20.633716	0.000000	0.000000	0.000000	0.050000	0.000000	3.700000	-8.781613	-10.000000	0.000000	-91.470580	-33.500000	-5.000000	0.000000	0.000000	0.110677	0.880489	0.109685	0.111010	0.878436	0.878841	1.000000	1.000000	1.000000	0.000000	0.000000	0.114213	0.110026	0.879541	0.879541	0.879486	0.000000	1.000000	0.000000	0.000000	0.878258	0.878889	1.000000	0.879075	0.879067	0.879067	0.123537	0.123816	0.126420	0.337088	0.903464	1.000000	0.139533	0.082974	0.082988	1.000000	0.094595
2.311800	20.633716	0.000000	0.000000	0.000000	0.050000	0.000000	3.700000	-8.574608	-10.000000	0.000000	-91.061873	-33.500000	-5.000000	0.000000	0.000000	0.100230	0.797378	0.099332	0.100532	0.795518	0.795885	1.000000	1.000000	1.000000	0.000000	0.000000	0.103432	0.099640	0.796519	0.796519	0.796470	0.000000	1.000000	0.000000	0.000000	0.795357	0.795929	1.000000	0.796098	0.796090	0.796090	0.111876	0.112129	0.114487	0.305270	0.818184	1.000000	0.126362	0.075142	0.075155	1.000000	0.085666
2.316750	20.633716	0.000000	0.000000	0.000000	0.050000	0.000000	3.700000	-8.989197	-10.000000	0.000000	-91.387048	-33.500000	-5.000000	0.000000	0.000000	0.403721	0.722111	0.401968	0.404935	0.720428	0.720760	1.000000	1.000000	1.000000	0.000000	0.000000	0.409454	0.403187	0.721334	0.721334	0.721289	0.000000	1.000000	0.000000	0.000000	0.720282	0.720800	1.000000	0.720952	0.720946	0.720946	0.101316	0.101545	0.103680	0.276455	0.931074	1.000000	0.114434	0.068049	0.068061	1.000000	0.387723
2.321700	20.633716	0.000000	0.000000	0.000000	0.050000	0.000000	3.700000	-8.526562	-10.000000	0.000000	-91.500000	-33.642710	-5.000000	0.000000	0.000000	0.365613	0.653950	0.364026	0.366713	0.652425	0.652726	1.000000	1.000000	1.000000	0.000000	0.000000	0.370805	0.365129	0.653246	0.653246	0.653205	0.000000	1.000000	0.000000	0.000000	0.652293	0.652762	1.000000	0.652900	0.652894	0.652894	0.091753	0.091960	0.093893	0.250360	1.000000	1.000000	0.103633	0.061626	0.061637	1.000000	0.351125
2.326650	20.633716	0.000000	0.000000	0.000000	0.050000	0.000000	3.700000	-8.592214	-10.000000	0.000000	-91.475801	-33.577360	-5.000000	0.000000	0.000000	0.331102	0.592222	0.329665	0.332098	0.590841	0.591114	1.000000	1.000000	1.000000	0.000000	0.000000	0.335804	0.330664	0.591584	0.591584	0.591548	0.000000	1.000000	0.000000	0.000000	0.590722	0.591146	1.000000	0.591272	0.591266	0.591266	0.083092	0.083280	0.085031	0.226728	0.949761	1.000000	0.093851	0.055809	0.055819	1.000000	0.317982
2.331600	20.633716	0.000000	0.000000	0.000000	0.050000	0.000000	3.700000	-8.590198	-10.000000	0.000000	-91.176520	-33.809129	-5.000000	0.000000	0.000000	0.299848	0.536321	0.298547	0.300751	0.535071	0.535317	1.000000	1.000000	1.000000	0.000000	0.000000	0.304107	0.299452	0.535744	0.535744	0.535711	0.000000	1.000000	0.000000	0.000000	0.534962	0.535347	1.000000	0.535460	0.535455	0.535455	0.075249	0.075419	0.077004	0.205326	1.000000	1.000000	0.084992	0.050541	0.050550	1.000000	0.287967
2.336550	20.633716	0.000000	0.000000	0.000000	0.050000	0.000000	3.700000	-8.505096	-10.000000	0.000000	-91.500000	-33.500000	-5.000000	0.000000	0.000000	0.271545	0.485697	0.270366	0.272362	0.484564	0.484788	1.000000	1.000000	1.000000	0.000000	0.000000	0.275401	0.271186	0.485174	0.485174	0.485144	0.000000	1.000000	0.000000	0.000000	0.484466	0.484814	1.000000	0.484917	0.484913	0.484913	0.068146	0.068300	0.069736	0.185945	0.961760	1.000000	0.076969	0.045770	0.045778	1.000000	0.260785
2.341500	20.633716	0.000000	0.000000	0.000000	0.050000	0.000000	3.700000	-8.711391	-10.000000	0.000000	-91.428962	-33.157586	-5.000000	0.000000	0.000000	0.245913	0.439851	0.244846	0.246653	0.438825	0.439028	1.000000	1.000000	1.000000	0.000000	0.000000	0.249406	0.245588	0.439377	0.439377	0.439350	0.000000	1.000000	0.000000	0.000000	0.438736	0.439052	1.000000	0.439145	0.439141	0.439141	0.061713	0.061853	0.063153	0.168393	1.000000	1.000000	0.069704	0.041450	0.041457	1.000000	0.236169
2.346450	20.633716	0.000000	0.000000	0.000000	0.050000	0.000000	3.700000	-8.766951	-10.000000	0.000000	-91.081290	-31.878048	-5.000000	0.000000	0.000000	0.222701	0.398332	0.221734	0.223371	0.397404	0.397587	1.000000	1.000000	1.000000	0.000000	0.000000	0.225864	0.222406	0.397903	0.397903	0.397879	0.000000	1.000000	0.000000	0.000000	0.397323	0.397609	1.000000	0.397693	0.397689	0.397689	0.055888	0.056014	0.057192	0.152498	0.968335	1.000000	0.063124	0.037537	0.037544	1.000000	0.213877
2.351400	20.633716	0.000000	0.000000	0.000000	0.050000	0.000000	3.700000	-8.650988	-10.000000	0.000000	-91.335440	-30.535859	-5.000000	0.000000	0.000000	0.201680	0.360733	0.200805	0.202287	0.359892	0.360058	1.000000	1.000000	1.000000	0.000000	0.000000	0.204544	0.201413	0.360344	0.360344	0.360322	0.000000	1.000000	0.000000	0.000000	0.359819	0.360078	1.000000	0.360154	0.360151	0.360151	0.050613	0.050727	0.051794	0.138104	1.000000	1.000000	0.057166	0.033994	0.034000	1.000000	0.193688
2.356350	20.633716	0.000000	0.000000	0.000000	0.050000	0.000000	3.700000	-8.732472	-10.000000	0.000000	-91.491118	-31.437924	-5.000000	0.000000	0.000000	0.182643	0.326683	0.181850	0.183192	0.325921	0.326071	1.000000	1.000000	1.000000	0.000000	0.000000	0.185237	0.182401	0.326331	0.326331	0.326311	0.000000	1.000000	0.000000	0.000000	0.325855	0.326089	1.000000	0.326158	0.326155	0.326155	0.045835	0.045939	0.046905	0.125068	0.970519	1.000000	0.051770	0.030785	0.030791	1.000000	0.175406
2.361300	20.633716	0.000000	0.000000	0.000000	0.050000	0.000000	3.700000	-8.796221	-10.000000	0.000000	-91.082721	-28.475634	-5.000000	0.000000	0.000000	0.487900	0.295846	0.484288	0.489368	0.295157	0.295293	1.000000	1.000000	1.000000	0.000000	0.000000	0.167752	0.486713	0.295528	0.295528	0.295510	0.000000	1.000000	0.000000	0.000000	0.295097	0.295309	1.000000	0.295371	0.295369	0.295369	0.041509	0.041603	0.042477	0.113262	1.000000	1.000000	0.046883	0.027879	0.027884	1.000000	0.474634
2.366250	20.633716	0.000000	0.000000	0.000000	0.050000	0.000000	3.700000	-8.684876	-10.000000	0.000000	-91.430487	-27.588658	-5.000000	0.000000	0.000000	0.441846	0.267921	0.438575	0.443175	0.267296	0.267419	1.000000	1.000000	1.000000	0.000000	0.000000	0.455606	0.440772	0.267632	0.267632	0.267616	0.000000	1.000000	0.000000	0.000000	0.267242	0.267434	1.000000	0.267491	0.267488	0.267488	0.037591	0.037676	0.038468	0.102571	0.969160	1.000000	0.042458	0.025248	0.025252	1.000000	0.429832
2.371200	20.633716	0.000000	0.000000	0.000000	0.050000	0.000000	3.700000	-8.486502	-10.000000	0.000000	-91.791747	-25.746630	-5.000000	0.000000	0.000000	0.400139	0.242631	0.397177	0.401343	0.242065	0.242177	1.000000	1.000000	1.000000	0.000000	0.000000	0.412600	0.399166	0.242370	0.242370	0.242355	0.000000	1.000000	0.000000	0.000000	0.242017	0.242190	1.000000	0.242242	0.242240	0.242240	0.034042	0.034119	0.034837	0.092889	1.000000	1.000000	0.038450	0.022865	0.022869	1.000000	0.389259
2.376150	20.633716	0.000000	0.000000	0.000000	0.050000	0.000000	3.700000	-8.177748	-10.000000	0.000000	-92.311000	-23.685641	-5.000000	0.000000	0.000000	0.362369	0.219729	0.359687	0.363460	0.219216	0.219318	1.000000	1.000000	1.000000	0.000000	0.000000	0.373654	0.361488	0.219492	0.219492	0.219479	0.000000	1.000000	0.000000	0.000000	0.219172	0.219330	1.000000	0.219376	0.219374	0.219374	0.030829	0.030899	0.031548	0.084121	1.000000	1.000000	0.034821	0.020706	0.020710	1.000000	0.352516
2.381100	20.633716	0.000000	0.000000	0.000000	0.050000	0.000000	3.700000	-7.726449	-10.000000	0.000000	-92.977721	-21.619328	-5.000000	0.000000	0.000000	0.328164	0.198988	0.325735	0.329152	0.198524	0.198616	1.000000	1.000000	1.000000	0.000000	0.000000	0.338384	0.327366	0.198774	0.198774	0.198762	0.000000	1.000000	0.000000	0.000000	0.198484	0.198627	1.000000	0.198669	0.198667	0.198667	0.027919	0.027982	0.028570	0.076181	1.000000	1.000000	0.031534	0.018752	0.018755	1.000000	0.319242
2.386050	20.633716	0.000000	0.000000	0.000000	0.050000	0.000000	3.700000	-7.073580	-10.000000	0.000000	-93.828807	-19.192692	-5.000000	0.000000	0.000000	0.297188	0.180205	0.294988	0.298083	0.179785	0.179868	1.000000	1.000000	1.000000	0.000000	0.000000	0.306444	0.296466	0.180011	0.180011	0.180000	0.000000	1.000000	0.000000	0.000000	0.179749	0.179878	1.000000	0.179916	0.179914	0.179914	0.025284	0.025341	0.025874	0.068990	1.000000	1.000000	0.028557	0.016982	0.016985	1.000000	0.289108
2.391000	20.633716	0.000000	0.000000	0.000000	0.050000	0.000000	3.700000	-6.210103	-10.000000	0.000000	-94.876474	-16.584543	-5.000000	0.000000	0.000000	0.269136	0.163195	0.267144	0.269946	0.162815	0.162890	1.000000	1.000000	1.000000	0.000000	0.000000	0.277518	0.268482	0.163020	0.163020	0.163009	0.000000	1.000000	0.000000	0.000000	0.162782	0.162899	1.000000	0.162933	0.162932	0.162932	0.022897	0.022949	0.023431	0.062478	1.000000	1.000000	0.025862	0.015379	0.015382	1.000000	0.261818
2.395950	20.633716	0.000000	0.000000	0.000000	0.050000	0.000000	3.700000	-5.116873	-10.000000	0.000000	-96.138307	-13.807167	-5.000000	0.000000	0.000000	0.243732	0.147791	0.241928	0.244465	0.147446	0.147514	1.000000	1.000000	1.000000	0.000000	0.000000	0.251322	0.243139	0.147632	0.147632	0.147623	0.000000	1.000000	0.000000	0.000000	0.147417	0.147522	1.000000	0.147554	0.147552	0.147552	0.020736	0.020783	0.021220	0.056581	1.000000	1.000000	0.023421	0.013927	0.013930	1.000000	0.237105
2.400900	20.633716	0.000000	0.000000	0.000000	0.050000	0.000000	3.700000	-3.798315	-10.000000	0.000000	-97.611895	-10.876327	-5.000000	0.000000	0.000000	0.220725	0.133841	0.219091	0.221390	0.133529	0.133590	1.000000	1.000000	1.000000	0.000000	0.000000	0.227599	0.220189	0.133697	0.133697	0.133688	0.000000	1.000000	0.000000	0.000000	0.133502	0.133598	1.000000	0.133626	0.133625	0.133625	0.018779	0.018821	0.019217	0.051240	1.000000	1.000000	0.021210	0.012613	0.012615	1.000000	0.214724
2.405850	20.633716	0.000000	0.000000	0.000000	0.050000	0.000000	3.700000	-2.272565	-10.000000	0.000000	-99.278403	-7.811154	-5.000000	0.000000	0.000000	0.199891	0.121207	0.527762	0.200492	0.120925	0.120980	1.000000	1.000000	1.000000	0.000000	0.000000	0.206116	0.199405	0.121077	0.121077	0.121069	0.000000	1.000000	0.000000	0.000000	0.120900	0.120987	1.000000	0.121013	0.121011	0.121011	0.017006	0.017044	0.017403	0.046403	1.000000	1.000000	0.019208	0.011422	0.011424	1.000000	0.516953
2.410800	20.633716	0.000000	0.000000	0.000000	0.050000	0.000000	3.700000	-0.531359	-10.000000	0.000000	-101.150978	-4.621771	-5.000000	0.000000	0.000000	0.181023	0.109766	0.477946	0.181567	0.109510	0.109561	1.000000	1.000000	1.000000	0.000000	0.000000	0.186660	0.180582	0.109648	0.109648	0.109641	0.000000	1.000000	0.000000	0.000000	0.109488	0.109567	1.000000	0.109590	0.109589	0.109589	0.015401	0.015436	0.015760	0.042023	1.000000	1.000000	0.017395	0.010344	0.010346	1.000000	0.468156
2.415750	20.633716	0.000000	0.000000	0.000000	0.050000	0.000000	3.700000	1.426822	-10.000000	0.000000	-103.241521	-1.295629	-5.000000	0.000000	0.000000	0.482580	0.099405	0.432831	0.483073	0.099173	0.099219	1.000000	1.000000	1.000000	0.000000	0.000000	0.489606	0.482181	0.099298	0.099298	0.099292	0.000000	1.000000	0.000000	0.000000	0.099153	0.099225	1.000000	0.099246	0.099245	0.099245	0.013947	0.013979	0.014272	0.038056	1.000000	1.000000	0.015753	0.009368	0.009369	1.000000	0.423966
2.420700	20.633716	0.000000	0.000000	0.000000	0.050000	0.000000	3.700000	3.569732	-10.000000	0.000000	-105.644830	2.159888	-5.000000	0.000000	0.000000	0.437028	0.090022	0.391976	0.437475	0.089812	0.089854	1.000000	1.000000	1.000000	0.000000	0.000000	0.443391	0.436667	0.089925	0.089925	0.089920	0.000000	1.000000	0.000000	0.000000	0.089794	0.089859	1.000000	0.089878	0.089877	0.089877	0.012631	0.012659	0.012925	0.034464	1.000000	1.000000	0.014266	0.008483	0.008485	1.000000	0.383947
2.425650	20.633716	0.000000	0.000000	0.000000	0.050000	0.000000	3.700000	5.858184	-10.000000	0.000000	-108.253937	5.738431	-5.000000	0.000000	0.000000	0.395776	0.081525	0.354976	0.396181	0.081335	0.081372	1.000000	1.000000	1.000000	0.000000	0.000000	0.401538	0.395449	0.081437	0.081437	0.081432	0.000000	1.000000	0.000000	0.000000	0.081318	0.081377	1.000000	0.081394	0.081393	0.081393	0.011438	0.011464	0.011705	0.031211	1.000000	1.000000	0.012919	0.007683	0.007684	1.000000	0.347706
2.430600	20.633716	0.000000	0.000000	0.000000	0.050000	0.000000	3.700000	8.287093	-10.000000	0.000000	-110.995383	9.449036	-5.000000	0.000000	0.000000	0.358418	0.073829	0.321469	0.358784	0.073657	0.073691	1.000000	1.000000	1.000000	0.000000	0.000000	0.363636	0.358122	0.073750	0.073750	0.073745	0.000000	1.000000	0.000000	0.000000	0.073642	0.073695	1.000000	0.073711	0.073710	0.073710	0.010359	0.010382	0.010600	0.028265	1.000000	1.000000	0.011700	0.006957	0.006959	1.000000	0.314885
2.435550	20.633716	0.000000	0.000000	0.000000	0.050000	0.000000	3.700000	10.750192	-10.000000	0.000000	-113.713447	13.066204	-5.000000	0.000000	0.000000	0.324586	0.380754	0.291125	0.324918	0.379656	0.379687	1.000000	1.000000	1.000000	0.000000	0.000000	0.329312	0.324318	0.379740	0.379740	0.379736	0.000000	1.000000	0.000000	0.000000	0.379643	0.379691	1.000000	0.379705	0.379704	0.379704	0.299925	0.299946	0.335017	0.720827	1.000000	1.000000	0.335036	0.330741	0.330742	1.000000	0.285162
2.440500	20.633716	0.000000	0.000000	0.000000	0.050000	0.000000	3.700000	12.530294	-10.000000	0.000000	-115.782785	15.151587	-5.000000	0.000000	0.000000	0.293948	0.344814	0.263645	0.294248	0.343820	0.343847	1.000000	1.000000	1.000000	0.000000	0.000000	0.298227	0.293705	0.343896	0.343896	0.343892	0.000000	1.000000	0.000000	0.000000	0.343807	0.343851	1.000000	0.343864	0.343863	0.343863	0.271614	0.271633	0.303394	0.652787	1.000000	1.000000	0.303411	0.299522	0.299523	1.000000	0.258245
2.445450	20.633716	0.000000	0.000000	0.000000	0.050000	0.000000	3.700000	13.977591	-10.000000	0.000000	-117.499159	16.802653	-5.000000	0.000000	0.000000	0.266201	0.627104	0.238759	0.266474	0.625259	0.625284	1.000000	1.000000	1.000000	0.000000	0.000000	0.270077	0.265982	0.625328	0.625328	0.625324	0.000000	1.000000	0.000000	0.000000	0.625248	0.625287	1.000000	0.625299	0.625298	0.625298	0.245976	0.245993	0.274756	0.591169	1.000000	1.000000	0.274772	0.271249	0.271250	1.000000	0.233869
2.450400	20.633716	0.000000	0.000000	0.000000	0.050000	0.000000	3.700000	14.659739	-10.000000	0.000000	-118.455930	17.894649	-5.000000	0.000000	0.000000	0.241074	0.567910	0.216222	0.241321	0.566239	0.566262	1.000000	1.000000	1.000000	0.000000	0.000000	0.244584	0.240875	0.566302	0.566302	0.566299	0.000000	1.000000	0.000000	0.000000	0.566229	0.566265	1.000000	0.566276	0.566275	0.566275	0.222758	0.222774	0.248821	0.535367	1.000000	1.000000	0.248835	0.245646	0.245646	1.000000	0.211794
2.455350	20.633716	0.000000	0.000000	0.000000	0.050000	0.000000	3.700000	15.149556	-10.000000	0.000000	-119.192402	18.790806	-5.000000	0.000000	0.000000	0.218319	0.825380	0.195813	0.218542	0.822934	0.822955	1.000000	1.000000	1.000000	0.000000	0.000000	0.221497	0.218138	0.822991	0.822991	0.822988	0.000000	1.000000	0.000000	0.000000	0.822925	0.822958	1.000000	0.822967	0.822967	0.822967	0.201731	0.201745	0.225334	0.484833	1.000000	1.000000	0.225347	0.222459	0.222459	1.000000	0.191802
2.460300	20.633716	0.000000	0.000000	0.000000	0.050000	0.000000	3.700000	15.398756	-10.000000	0.000000	-119.656506	19.464362	-5.000000	0.000000	0.000000	0.197711	0.747471	0.177329	0.197913	0.745256	0.745275	1.000000	1.000000	1.000000	0.000000	0.000000	0.200590	0.197548	0.745307	0.745307	0.745305	0.000000	1.000000	0.000000	0.000000	0.745248	0.745277	1.000000	0.745285	0.745285	0.745285	0.182689	0.182702	0.204064	0.439068	0.961728	1.000000	0.204076	0.201460	0.201461	1.000000	0.173697
2.465250	20.633716	0.000000	0.000000	0.000000	0.050000	0.000000	3.700000	15.566022	-10.000000	0.000000	-120.004454	20.061960	-5.000000	0.000000	0.000000	0.179049	0.984276	0.160591	0.179232	0.980429	0.980446	1.000000	1.000000	1.000000	0.000000	0.000000	0.181656	0.178901	0.980475	0.980475	0.980473	0.000000	1.000000	0.000000	0.000000	0.980421	0.980448	1.000000	0.980456	0.980455	0.980455	0.165445	0.165457	0.184802	0.397624	1.000000	1.000000	0.184813	0.182444	0.182445	1.000000	0.157302
2.470200	20.633716	0.000000	0.000000	0.000000	0.050000	0.000000	3.700000	15.644752	-10.000000	0.000000	-120.229286	20.631495	-5.000000	0.000000	0.000000	0.162148	0.891368	0.145432	0.162314	1.000000	1.000000	1.000000	1.000000	1.000000	0.000000	0.000000	0.164509	0.162014	1.000000	1.000000	1.000000	0.000000	1.000000	0.000000	0.000000	1.000000	1.000000	1.000000	1.000000	1.000000	1.000000	0.149828	0.149839	0.167359	0.360091	0.974901	1.000000	0.167368	0.165223	0.165223	1.000000	0.142454
2.475150	20.633716	0.000000	0.000000	0.000000	0.050000	0.000000	3.700000	15.667064	-10.000000	0.000000	-120.362018	21.252247	-5.000000	0.000000	0.000000	0.146843	1.000000	0.131705	0.146993	1.000000	1.000000	1.000000	1.000000	1.000000	0.000000	0.000000	0.148980	0.146721	1.000000	1.000000	1.000000	0.000000	1.000000	0.000000	0.000000	1.000000	1.000000	1.000000	1.000000	1.000000	1.000000	0.135686	0.135695	0.151561	0.326101	0.882878	1.000000	0.151570	0.149627	0.149628	1.000000	0.129007
2.480100	20.633716	0.000000	0.000000	0.000000	0.050000	0.000000	3.700000	15.626172	-10.000000	0.000000	-120.391350	21.977031	-5.000000	0.000000	0.000000	0.132982	1.000000	0.119273	0.133118	1.000000	1.000000	1.000000	1.000000	1.000000	0.000000	0.000000	0.134918	0.132872	1.000000	1.000000	1.000000	0.000000	1.000000	0.000000	0.000000	1.000000	1.000000	1.000000	1.000000	1.000000	1.000000	0.122878	0.122887	0.137255	0.295320	0.799541	1.000000	0.137263	0.135503	0.135504	1.000000	0.116830
2.485050	20.633716	0.000000	0.000000	0.000000	0.050000	0.000000	3.700000	15.532814	-10.000000	0.000000	-120.326311	22.782899	-5.000000	0.000000	0.000000	0.120429	1.000000	0.108014	0.120552	1.000000	1.000000	1.000000	1.000000	1.000000	0.000000	0.000000	0.122183	0.120330	1.000000	1.000000	1.000000	0.000000	1.000000	0.000000	0.000000	1.000000	1.000000	1.000000	1.000000	1.000000	1.000000	0.111279	0.111287	0.124299	0.267444	0.724071	1.000000	0.124306	0.122713	0.122713	1.000000	0.105802
2.490000	20.633716	0.000000	0.000000	0.000000	0.050000	0.000000	3.700000	15.402093	-10.000000	0.000000	-120.193129	23.617186	-5.000000	0.000000	0.000000	0.109062	1.000000	0.097819	0.109173	1.000000	1.000000	1.000000	1.000000	1.000000	0.000000	0.000000	0.110650	0.108972	1.000000	1.000000	1.000000	0.000000	1.000000	0.000000	0.000000	1.000000	1.000000	1.000000	1.000000	1.000000	1.000000	0.100775	0.100783	0.112566	0.242200	0.655724	1.000000	0.112573	0.111130	0.111130	1.000000	0.095815
2.494950	20.633716	0.000000	0.000000	0.000000	0.050000	0.000000	3.700000	15.238682	-10.000000	0.000000	-119.998194	24.466680	-5.000000	0.000000	0.000000	0.098767	1.000000	0.088585	0.098868	1.000000	1.000000	0.962616	0.962065	0.962065	0.000000	0.000000	0.100205	0.098686	1.000000	1.000000	1.000000	0.000000	0.962616	0.000000	0.000000	1.000000	1.000000	0.964505	1.000000	1.000000	1.000000	0.091263	0.091269	0.101941	0.219338	0.593829	0.960024	0.101947	0.100640	0.100640	0.959448	0.086771
2.499900	20.633716	0.000000	0.000000	0.000000	0.050000	0.000000	3.700000	15.046322	-10.000000	0.000000	-119.739624	25.046473	-5.000000	0.000000	0.000000	0.089444	1.000000	0.080224	0.089536	1.000000	1.000000	0.871753	0.871253	0.871253	0.000000	0.000000	0.090747	0.089370	1.000000	1.000000	1.000000	0.000000	0.871753	0.000000	0.000000	1.000000	1.000000	0.873463	1.000000	1.000000	1.000000	0.367146	0.367151	0.410007	0.879395	0.537776	0.869405	0.410012	0.408829	0.408829	0.868883	0.078581
2.504850	20.633716	0.000000	0.000000	0.000000	0.050000	0.000000	3.700000	14.836344	-10.000000	0.000000	-119.452794	25.065390	-5.000000	0.000000	0.000000	0.081002	1.000000	0.072651	0.081084	1.000000	1.000000	0.789466	0.789014	0.789014	0.000000	0.000000	0.082181	0.080935	1.000000	1.000000	1.000000	0.000000	0.789466	0.000000	0.000000	1.000000	1.000000	0.791015	1.000000	1.000000	1.000000	0.332490	0.332495	0.371306	0.796387	0.487015	0.787340	0.371310	0.370239	0.370239	0.786868	0.071163
2.509800	20.633716	0.000000	0.000000	0.000000	0.050000	0.000000	3.700000	14.590942	-10.000000	0.000000	-119.116089	24.925979	-5.000000	0.000000	0.000000	0.073356	1.000000	0.065794	0.073431	1.000000	1.000000	0.714947	0.714537	0.714537	0.000000	0.000000	0.074424	0.073295	1.000000	1.000000	1.000000	0.000000	0.714947	0.000000	0.000000	1.000000	1.000000	0.716350	1.000000	1.000000	1.000000	0.301106	0.301110	0.336257	0.721214	0.441044	0.713021	0.336262	0.335291	0.335291	0.712594	0.064446
2.514750	20.633716	0.000000	0.000000	0.000000	0.050000	0.000000	3.700000	14.295248	-10.000000	0.000000	-118.711947	24.723671	-5.000000	0.000000	0.000000	0.066431	1.000000	0.059583	0.066499	1.000000	1.000000	0.647462	0.647091	0.647091	0.000000	0.000000	0.067399	0.066377	1.000000	1.000000	1.000000	0.000000	0.647462	0.000000	0.000000	1.000000	1.000000	0.648732	1.000000	1.000000	1.000000	0.272684	0.272688	0.304517	0.653137	0.399413	0.645718	0.304521	0.303642	0.303642	0.645330	0.058363
2.519700	20.633716	0.000000	0.000000	0.000000	0.050000	0.000000	3.700000	13.935670	-10.000000	0.000000	-118.224325	24.409414	-5.000000	0.000000	0.000000	0.060161	1.000000	0.053959	0.060222	1.000000	1.000000	0.586346	0.586010	0.586010	0.000000	0.000000	0.061037	0.060111	1.000000	1.000000	1.000000	0.000000	0.586346	0.000000	0.000000	1.000000	1.000000	0.587497	1.000000	1.000000	1.000000	0.246944	0.246948	0.275773	0.591486	0.361712	0.584767	0.275777	0.274981	0.599422	0.584416	0.052854
2.524650	20.633716	0.000000	0.000000	0.000000	0.050000	0.000000	3.700000	13.488871	-10.000000	0.000000	-117.632161	24.023319	-5.000000	0.000000	0.000000	0.054482	1.000000	0.048866	0.054538	1.000000	1.000000	0.531000	0.530696	0.530696	0.000000	0.000000	0.055275	0.054437	1.000000	1.000000	1.000000	0.000000	0.531000	0.000000	0.000000	1.000000	1.000000	0.532042	1.000000	1.000000	1.000000	0.223635	0.223638	0.249742	0.535655	0.327569	0.529570	0.249746	0.249025	0.542841	0.529252	0.047865
2.529600	20.633716	0.000000	0.000000	0.000000	0.050000	0.000000	3.700000	12.932238	-10.000000	0.000000	-116.909858	23.493389	-5.000000	0.000000	0.000000	0.049339	1.000000	0.044253	0.049390	1.000000	1.000000	0.480878	0.480602	0.480602	0.000000	0.000000	0.050058	0.049299	1.000000	1.000000	1.000000	0.000000	0.480878	0.000000	0.000000	1.000000	1.000000	0.481821	1.000000	1.000000	1.000000	0.202525	0.202529	0.226169	0.485093	0.296649	0.479583	0.226172	0.225519	0.491601	0.479295	0.043347
2.534550	20.633716	0.000000	0.000000	0.000000	0.050000	0.000000	3.700000	12.244478	-10.000000	0.000000	-116.035016	22.813640	-5.000000	0.000000	0.000000	0.044682	1.000000	0.040076	0.044728	1.000000	1.000000	0.435487	0.435237	0.435237	0.000000	0.000000	0.045333	0.044645	1.000000	1.000000	1.000000	0.000000	0.435487	0.000000	0.000000	1.000000	1.000000	0.436341	1.000000	1.000000	1.000000	0.183409	0.183412	0.204820	0.439304	0.268648	0.434314	0.204823	0.204232	0.445198	0.434053	0.039255
2.539500	20.633716	0.000000	0.000000	0.000000	0.050000	0.000000	3.700000	11.426838	-10.000000	0.000000	-115.000169	21.914009	-5.000000	0.000000	0.000000	0.040465	1.000000	0.036293	0.040506	1.000000	1.000000	0.394380	0.394154	0.394154	0.000000	0.000000	0.041054	0.040431	1.000000	1.000000	1.000000	0.000000	0.394380	0.000000	0.000000	1.000000	1.000000	0.395154	1.000000	1.000000	1.000000	0.166096	0.166099	0.185487	0.397837	0.243290	0.393318	0.185489	0.184954	0.403175	0.393082	0.035550
2.544450	20.633716	0.000000	0.000000	0.000000	0.050000	0.000000	3.700000	10.437097	-10.000000	0.000000	-113.755269	20.798982	-5.000000	0.000000	0.000000	0.036645	1.000000	0.032867	0.036682	1.000000	1.000000	0.357154	0.356949	0.356949	0.000000	0.000000	0.037179	0.036615	1.000000	1.000000	1.000000	0.000000	0.357154	0.000000	0.000000	1.000000	1.000000	0.357855	1.000000	1.000000	1.000000	0.444475	0.445362	0.495356	1.000000	0.220325	0.356192	0.496344	0.495859	0.365118	0.355978	0.032194
2.549400	20.633716	0.000000	0.000000	0.000000	0.050000	0.000000	3.700000	9.289873	-10.000000	0.000000	-112.342883	19.352822	-5.000000	0.000000	0.000000	0.033186	1.000000	0.029765	0.033220	1.000000	1.000000	0.323441	0.323256	0.323256	0.000000	0.000000	0.033669	0.033159	1.000000	1.000000	1.000000	0.000000	0.323441	0.000000	0.000000	1.000000	1.000000	0.324076	1.000000	1.000000	1.000000	0.402520	0.403323	0.448599	0.965412	0.199528	0.322570	0.449493	0.449054	0.330654	0.322377	0.029155
2.554350	20.633716	0.000000	0.000000	0.000000	0.050000	0.000000	3.700000	7.972268	-10.000000	0.000000	-110.742434	17.566112	-5.000000	0.000000	0.000000	0.030054	1.000000	0.026955	0.030084	1.000000	1.000000	0.292911	0.292743	0.292743	0.000000	0.000000	0.030491	0.030029	1.000000	1.000000	1.000000	0.000000	0.292911	0.000000	0.000000	1.000000	1.000000	0.293486	1.000000	1.000000	1.000000	0.364525	0.365253	0.406255	0.874285	0.180694	0.292122	0.407064	0.406667	0.299443	0.291947	0.026403
2.559300	20.633716	0.000000	0.000000	0.000000	0.050000	0.000000	3.700000	6.478059	-10.000000	0.000000	-108.948438	15.494851	-5.000000	0.000000	0.000000	0.027217	1.000000	0.024411	0.027245	1.000000	1.000000	0.265263	0.265111	0.265111	0.000000	0.000000	0.027613	0.027194	1.000000	1.000000	1.000000	0.000000	0.265263	0.000000	0.000000	1.000000	1.000000	0.265783	1.000000	1.000000	1.000000	0.330117	0.330776	0.367907	0.791759	0.163638	0.264548	0.368641	0.368281	0.271178	0.264389	0.023911
2.564250	20.633716	0.000000	0.000000	0.000000	0.050000	0.000000	3.700000	4.797708	-10.000000	0.000000	-106.939652	13.172575	-5.000000	0.000000	0.000000	0.024648	1.000000	0.022107	0.024673	1.000000	1.000000	0.240224	0.240086	0.240086	0.000000	0.000000	0.025007	0.024627	1.000000	1.000000	1.000000	0.000000	0.240224	0.000000	0.000000	1.000000	1.000000	0.240695	1.000000	1.000000	1.000000	0.298957	0.299553	0.333180	0.717024	0.148192	0.239577	0.333844	0.333518	0.558532	0.239433	0.021654
2.569200	20.633716	0.000000	0.000000	0.000000	0.050000	0.000000	3.700000	2.918909	-10.000000	0.000000	-104.689680	10.596389	-5.000000	0.000000	0.000000	0.022321	1.000000	0.020020	0.022344	1.000000	1.000000	0.217549	0.217424	0.217424	0.000000	0.000000	0.022646	0.022303	1.000000	1.000000	1.000000	0.000000	0.217549	0.000000	0.000000	1.000000	1.000000	0.217975	1.000000	1.000000	1.000000	0.270737	0.271278	0.301730	0.649342	0.134204	0.216963	0.302332	0.302036	0.505811	0.216833	0.019610
2.574150	20.633716	0.000000	0.000000	0.000000	0.050000	0.000000	3.700000	0.826042	-10.000000	0.000000	-102.166232	7.752308	-5.000000	0.000000	0.000000	0.020214	1.000000	0.018130	0.020235	1.000000	1.000000	0.197014	0.196901	0.196901	0.000000	0.000000	0.020508	0.020197	1.000000	1.000000	1.000000	0.000000	0.197014	0.000000	0.000000	1.000000	1.000000	0.197400	1.000000	1.000000	1.000000	0.245182	0.245671	0.273249	0.588049	0.121536	0.196483	0.273794	0.273527	0.458067	0.196365	0.017759
2.579100	20.633716	0.000000	0.000000	0.000000	0.050000	0.000000	3.700000	-1.507123	-10.000000	0.000000	-99.312066	4.610029	-5.000000	0.000000	0.000000	0.018306	1.000000	0.016419	0.018325	1.000000	1.000000	0.178417	0.178315	0.178315	0.000000	0.000000	0.018573	0.018291	1.000000	1.000000	1.000000	0.000000	0.178417	0.000000	0.000000	1.000000	1.000000	0.178767	1.000000	1.000000	1.000000	0.222039	0.222482	0.247457	0.532542	0.110064	0.177937	0.247950	0.247708	0.414829	0.177830	0.016083
2.584050	20.633716	0.000000	0.000000	0.000000	0.050000	0.000000	3.700000	-4.088174	-10.000000	0.000000	-96.162230	1.199145	-5.000000	0.000000	0.000000	0.016578	1.000000	0.014869	0.016595	1.000000	1.000000	0.161576	0.161484	0.161484	0.000000	0.000000	0.016820	0.016564	1.000000	1.000000	1.000000	0.000000	0.161576	0.000000	0.000000	1.000000	1.000000	0.161893	1.000000	1.000000	1.000000	0.201080	0.201481	0.224099	0.482275	0.099675	0.161141	0.224546	0.224326	0.375672	0.161044	0.014565
2.589000	20.633716	0.000000	0.000000	0.000000	0.050000	0.000000	3.700000	-6.930851	-10.000000	0.000000	-92.709231	-2.488862	-5.000000	0.000000	0.000000	0.015013	1.000000	0.013466	0.015029	1.000000	1.000000	0.146325	0.146241	0.146241	0.000000	0.000000	0.015232	0.015001	1.000000	1.000000	1.000000	0.000000	0.146325	0.000000	0.000000	1.000000	1.000000	0.146612	1.000000	1.000000	1.000000	0.477041	0.478292	0.532297	1.000000	0.090266	0.145931	0.532701	0.532503	0.340212	0.145843	0.013190
2.593950	20.633716	0.000000	0.000000	0.000000	0.050000	0.000000	3.700000	-8.511162	-10.000000	0.000000	-91.438434	-5.216721	-5.000000	0.000000	0.000000	0.013596	1.000000	0.012195	0.013610	1.000000	1.000000	0.132513	0.132437	0.132437	0.000000	0.000000	0.013794	0.013585	1.000000	1.000000	1.000000	0.000000	0.132513	0.000000	0.000000	1.000000	1.000000	0.132773	1.000000	1.000000	1.000000	0.432012	0.433145	0.482052	1.000000	0.081746	0.132156	0.482419	0.482239	0.308099	0.132077	0.011945
2.598900	20.633716	0.000000	0.000000	0.000000	0.050000	0.000000	3.700000	-8.689645	-10.000000	0.000000	-91.042639	-6.978731	-5.000000	0.000000	0.000000	0.012313	1.000000	0.011044	0.012325	1.000000	1.000000	0.120005	0.119936	0.119936	0.000000	0.000000	0.012492	0.012303	1.000000	1.000000	1.000000	0.000000	0.120005	0.000000	0.000000	1.000000	1.000000	0.120240	1.000000	1.000000	1.000000	0.391234	0.392260	0.436550	0.940486	0.074030	0.119681	0.436882	0.436719	0.279016	0.119610	0.010817
2.603850	20.633716	0.000000	0.000000	0.000000	0.050000	0.000000	3.700000	-8.553729	-10.000000	0.000000	-91.500000	-9.199693	-5.000000	0.000000	0.000000	0.011151	1.000000	0.010001	0.011162	1.000000	1.000000	0.108677	0.108615	0.108615	0.000000	0.000000	0.011313	0.011141	1.000000	1.000000	1.000000	0.000000	0.108677	0.000000	0.000000	1.000000	1.000000	0.108890	1.000000	1.000000	1.000000	0.354304	0.355233	0.395344	0.851711	0.067042	0.108384	0.395644	0.395496	0.252680	0.108319	0.009796
2.608800	20.633716	0.000000	0.000000	0.000000	0.050000	0.000000	3.700000	-8.500000	-10.000000	0.000000	-91.292128	-11.711391	-5.000000	0.000000	0.000000	0.010098	1.000000	0.009057	0.010108	1.000000	1.000000	0.098419	0.098362	0.098362	0.000000	0.000000	0.010245	0.010090	1.000000	1.000000	1.000000	0.000000	0.098419	0.000000	0.000000	1.000000	1.000000	0.098612	1.000000	1.000000	1.000000	0.320861	0.321702	0.358026	0.771317	0.060714	0.098154	0.358298	0.358165	0.543666	0.098095	0.008872
2.613750	20.633716	0.000000	0.000000	0.000000	0.050000	0.000000	3.700000	-8.838988	-10.000000	0.000000	-91.475537	-14.475860	-5.000000	0.000000	0.000000	0.009145	1.000000	0.008202	0.009154	1.000000	1.000000	0.089129	0.089078	0.089078	0.000000	0.000000	0.009278	0.009137	1.000000	1.000000	1.000000	0.000000	0.089129	0.000000	0.000000	1.000000	1.000000	0.089304	1.000000	1.000000	1.000000	0.290574	0.291336	0.324231	0.698510	0.054983	0.088889	0.324478	0.324357	0.492349	0.088836	0.008034
2.618700	20.633716	0.000000	0.000000	0.000000	0.050000	0.000000	3.700000	-8.631780	-10.000000	0.000000	-91.112332	-17.507548	-5.000000	0.000000	0.000000	0.008282	1.000000	0.007428	0.008290	1.000000	1.000000	0.080716	0.080670	0.080670	0.000000	0.000000	0.008402	0.008275	1.000000	1.000000	1.000000	0.000000	0.080716	0.000000	0.000000	1.000000	1.000000	0.080874	1.000000	1.000000	1.000000	0.263146	0.263836	0.293627	0.632577	0.049793	0.080498	0.293850	0.293740	0.445875	0.080450	0.007276
2.623650	20.633716	0.000000	0.000000	0.000000	0.050000	0.000000	3.700000	-8.515722	-10.000000	0.000000	-91.398103	-20.719770	-5.000000	0.000000	0.000000	0.007500	1.000000	0.006727	0.007508	1.000000	1.000000	0.073097	0.073055	0.073055	0.000000	0.000000	0.007609	0.007494	1.000000	1.000000	1.000000	0.000000	0.073097	0.000000	0.000000	1.000000	1.000000	0.073240	1.000000	1.000000	1.000000	0.238307	0.238932	0.265911	0.572866	0.045093	0.072900	0.266113	0.266013	0.403788	0.072856	0.006589
2.628600	20.633716	0.000000	0.000000	0.000000	0.050000	0.000000	3.700000	-8.988279	-10.000000	0.000000	-91.500000	-23.751542	-5.000000	0.000000	0.000000	0.006792	1.000000	0.006092	0.006799	1.000000	1.000000	0.378210	0.378172	0.378172	0.000000	0.000000	0.006891	0.006786	1.000000	1.000000	1.000000	0.000000	0.378210	0.000000	0.000000	1.000000	1.000000	0.379279	1.000000	1.000000	1.000000	0.215813	0.216379	0.240811	0.518792	0.234415	0.378970	0.240994	0.240904	0.365673	0.378931	0.336309
2.633550	20.633716	0.000000	0.000000	0.000000	0.050000	0.000000	3.700000	-8.728203	-10.000000	0.000000	-91.259800	-26.366256	-5.000000	0.000000	0.000000	0.006151	1.000000	0.005517	0.006157	1.000000	1.000000	0.342510	0.342475	0.342475	0.000000	0.000000	0.006240	0.006146	1.000000	1.000000	1.000000	0.000000	0.342510	0.000000	0.000000	1.000000	1.000000	0.343478	1.000000	1.000000	1.000000	0.195442	0.195954	0.218080	0.469823	0.212288	0.343199	0.218246	0.218164	0.331157	0.343163	0.304564
2.638500	20.633716	0.000000	0.000000	0.000000	0.050000	0.000000	3.700000	-8.558907	-10.000000	0.000000	-91.473421	-28.848867	-5.000000	0.000000	0.000000	0.330987	1.000000	0.328463	0.331972	1.000000	1.000000	0.624073	0.624042	0.624042	0.000000	0.000000	0.336988	0.330006	1.000000	1.000000	1.000000	0.000000	0.624073	0.000000	0.000000	1.000000	1.000000	0.625894	1.000000	1.000000	1.000000	0.453901	0.458556	0.504856	0.425475	0.386410	0.624697	0.197645	0.197571	0.299898	0.624664	0.275816
2.643450	20.633716	0.000000	0.000000	0.000000	0.050000	0.000000	3.700000	-8.500000	-10.000000	0.000000	-91.127747	-30.364338	-5.000000	0.000000	0.000000	0.299745	1.000000	0.297459	0.300637	1.000000	1.000000	0.565165	0.565137	0.565137	0.000000	0.000000	0.305179	0.298856	1.000000	1.000000	1.000000	0.000000	0.565165	0.000000	0.000000	1.000000	1.000000	0.566814	1.000000	1.000000	1.000000	0.411056	0.415272	0.457201	0.385314	0.349936	0.565730	0.178989	0.178922	0.271590	0.565701	0.249781
2.648400	20.633716	0.000000	0.000000	0.000000	0.050000	0.000000	3.700000	-8.812113	-10.000000	0.000000	-91.057373	-32.736750	-5.000000	0.000000	0.000000	0.271451	1.000000	0.269381	0.272259	1.000000	1.000000	0.821962	0.821936	0.821936	0.000000	0.000000	0.276372	0.270647	1.000000	1.000000	1.000000	0.000000	0.821962	0.000000	0.000000	1.000000	1.000000	0.824388	1.000000	1.000000	1.000000	0.372256	0.376074	0.414045	0.348943	0.508746	0.822473	0.162094	0.162033	0.245954	0.822447	0.226204
2.653350	20.633716	0.000000	0.000000	0.000000	0.050000	0.000000	3.700000	-8.609624	-10.000000	0.000000	-91.188287	-33.443859	-5.000000	0.000000	0.000000	0.245828	1.000000	0.243954	0.246560	1.000000	1.000000	0.744375	0.744352	0.744352	0.000000	0.000000	0.250285	0.245100	1.000000	1.000000	1.000000	0.000000	0.744375	0.000000	0.000000	1.000000	1.000000	0.746573	1.000000	1.000000	1.000000	0.337118	0.340575	0.374962	0.316006	0.460725	0.744838	0.146794	0.146739	0.222738	0.744814	0.204852
2.658300	20.633716	0.000000	0.000000	0.000000	0.050000	0.000000	3.700000	-8.500000	-10.000000	0.000000	-91.266270	-33.500000	-5.000000	0.000000	0.000000	0.222624	1.000000	0.220926	0.223286	1.000000	1.000000	0.980550	0.980529	0.980529	0.000000	0.000000	0.226660	0.221964	1.000000	1.000000	1.000000	0.000000	0.980550	0.000000	0.000000	1.000000	1.000000	0.983463	1.000000	1.000000	1.000000	0.305297	0.308428	0.339569	0.286177	0.606217	0.980050	0.132937	0.132888	0.201713	0.980029	0.185516
2.663250	20.633716	0.000000	0.000000	0.000000	0.050000	0.000000	3.700000	-8.511599	-10.000000	0.000000	-91.474856	-33.909181	-5.000000	0.000000	0.000000	0.201610	1.000000	0.200073	0.202210	1.000000	1.000000	0.887994	0.887975	0.887975	0.000000	0.000000	0.205265	0.201013	1.000000	1.000000	1.000000	0.000000	0.887994	0.000000	0.000000	1.000000	1.000000	0.890631	1.000000	1.000000	1.000000	0.276479	0.279315	0.307516	0.259164	0.755180	1.000000	0.120389	0.120344	0.182673	1.000000	0.168004
2.668200	20.633716	0.000000	0.000000	0.000000	0.050000	0.000000	3.700000	-8.539953	-10.000000	0.000000	-91.073956	-33.853279	-5.000000	0.000000	0.000000	0.182580	1.000000	0.181188	0.183123	1.000000	1.000000	1.000000	1.000000	1.000000	0.000000	0.000000	0.185890	0.182039	1.000000	1.000000	1.000000	0.000000	1.000000	0.000000	0.000000	1.000000	1.000000	1.000000	1.000000	1.000000	1.000000	0.250382	0.252950	0.278489	0.234701	0.683897	1.000000	0.109025	0.108985	0.165430	1.000000	0.152146
2.673150	20.633716	0.000000	0.000000	0.000000	0.050000	0.000000	3.700000	-8.579652	-10.000000	0.000000	-91.378179	-33.500000	-5.000000	0.000000	0.000000	0.165346	1.000000	0.164085	0.165838	1.000000	1.000000	1.000000	1.000000	1.000000	0.000000	0.000000	0.168343	0.164856	1.000000	1.000000	1.000000	0.000000	1.000000	0.000000	0.000000	1.000000	1.000000	1.000000	1.000000	1.000000	1.000000	0.226748	0.229073	0.252202	0.212547	0.821237	1.000000	0.098734	0.098697	0.149815	1.000000	0.137785
2.678100	20.633716	0.000000	0.000000	0.000000	0.050000	0.000000	3.700000	-8.508719	-10.000000	0.000000	-91.500000	-33.581290	-5.000000	0.000000	0.000000	0.149738	1.000000	0.148597	0.150184	1.000000	1.000000	1.000000	1.000000	1.000000	0.000000	0.000000	0.152453	0.149295	1.000000	1.000000	1.000000	0.000000	1.000000	0.000000	0.000000	1.000000	1.000000	1.000000	1.000000	1.000000	1.000000	0.205344	0.207451	0.228396	0.192485	0.743719	1.000000	0.089414	0.089381	0.135674	1.000000	0.124779
2.683050	20.633716	0.000000	0.000000	0.000000	0.050000	0.000000	3.700000	-8.889223	-10.000000	0.000000	-91.239582	-33.645298	-5.000000	0.000000	0.000000	0.135604	1.000000	0.134570	0.136008	1.000000	1.000000	1.000000	1.000000	1.000000	0.000000	0.000000	0.138063	0.135202	1.000000	1.000000	1.000000	0.000000	1.000000	0.000000	0.000000	1.000000	1.000000	1.000000	1.000000	1.000000	1.000000	0.185962	0.187869	0.206837	0.174316	0.872402	1.000000	0.080974	0.080944	0.122867	1.000000	0.113001
2.688000	20.633716	0.000000	0.000000	0.000000	0.050000	0.000000	3.700000	-8.632699	-10.000000	0.000000	-91.468741	-33.629677	-5.000000	0.000000	0.000000	0.122804	0.980898	0.121868	0.123170	0.978614	0.979007	1.000000	1.000000	1.000000	0.000000	0.000000	0.125031	0.122440	0.979248	0.979248	0.979039	0.000000	1.000000	0.000000	0.000000	0.978475	0.979007	1.000000	0.979074	0.979074	0.979074	0.168408	0.170136	0.187314	0.157862	0.790054	1.000000	0.073331	0.073304	0.111269	1.000000	0.102334
2.692950	20.633716	0.000000	0.000000	0.000000	0.050000	0.000000	3.700000	-8.508921	-10.000000	0.000000	-91.039319	-33.993714	-5.000000	0.000000	0.000000	0.111212	0.888309	0.110364	0.111543	0.886241	0.886596	1.000000	1.000000	1.000000	0.000000	0.000000	0.113229	0.110883	0.886815	0.886815	0.886625	0.000000	1.000000	0.000000	0.000000	0.886114	0.886596	1.000000	0.886657	0.886657	0.886657	0.152512	0.154076	0.169633	0.142961	0.910810	1.000000	0.066409	0.066384	0.100767	1.000000	0.092675
2.697900	20.633716	0.000000	0.000000	0.000000	0.050000	0.000000	3.700000	-8.858079	-10.000000	0.000000	-91.392797	-33.621650	-5.000000	0.000000	0.000000	0.100715	0.804459	0.099947	0.101015	0.802587	0.802909	1.000000	1.000000	1.000000	0.000000	0.000000	0.102541	0.100416	0.803107	0.803107	0.802935	0.000000	1.000000	0.000000	0.000000	0.802472	0.802909	1.000000	0.802964	0.802964	0.802964	0.138116	0.139533	0.153621	0.129466	0.824837	1.000000	0.060141	0.060118	0.091255	1.000000	0.083927
2.702850	20.633716	0.000000	0.000000	0.000000	0.050000	0.000000	3.700000	-8.569419	-10.000000	0.000000	-91.500000	-33.562517	-5.000000	0.000000	0.000000	0.409853	0.728525	0.407248	0.410124	0.726829	0.727121	1.000000	1.000000	1.000000	0.000000	0.000000	0.416329	0.408626	0.727300	0.727300	0.727144	0.000000	1.000000	0.000000	0.000000	0.726725	0.727121	1.000000	0.727170	0.727170	0.727170	0.125079	0.126362	0.139120	0.117246	0.938245	1.000000	0.054464	0.054444	0.082641	1.000000	0.389898
2.707800	20.633716	0.000000	0.000000	0.000000	0.050000	0.000000	3.700000	-8.730548	-10.000000	0.000000	-91.475139	-33.591551	-5.000000	0.000000	0.000000	0.371166	0.659758	0.368807	0.371411	0.658222	0.658486	1.000000	1.000000	1.000000	0.000000	0.000000	0.377031	0.370055	0.658648	0.658648	0.658507	0.000000	1.000000	0.000000	0.000000	0.658128	0.658486	1.000000	0.658531	0.658531	0.658531	0.113272	0.114434	0.125988	0.106179	0.849682	1.000000	0.049323	0.049305	0.074841	1.000000	0.353095
2.712750	20.633716	0.000000	0.000000	0.000000	0.050000	0.000000	3.700000	-8.831885	-10.000000	0.000000	-91.479232	-33.500000	-5.000000	0.000000	0.000000	0.336131	0.597482	0.333995	0.336353	0.596091	0.596330	1.000000	1.000000	1.000000	0.000000	0.000000	0.341442	0.335125	0.596477	0.596477	0.596350	0.000000	1.000000	0.000000	0.000000	0.596006	0.596330	1.000000	0.596371	0.596371	0.596371	0.102580	0.103633	0.114096	0.096156	0.956764	1.000000	0.044667	0.044651	0.067776	1.000000	0.319766
2.717700	20.633716	0.000000	0.000000	0.000000	0.050000	0.000000	3.700000	-8.731877	-10.000000	0.000000	-91.212445	-33.500000	-5.000000	0.000000	0.000000	0.304403	0.541084	0.302468	0.304604	0.539825	0.540041	1.000000	1.000000	1.000000	0.000000	0.000000	0.309213	0.303492	0.540174	0.540174	0.540059	0.000000	1.000000	0.000000	0.000000	0.539748	0.540041	1.000000	0.540078	0.540078	0.540078	0.092898	0.093850	0.103326	0.087080	1.000000	1.000000	0.040451	0.040436	0.061379	1.000000	0.289582
2.722650	20.633716	0.000000	0.000000	0.000000	0.050000	0.000000	3.700000	-8.584528	-10.000000	0.000000	-91.353784	-33.561644	-5.000000	0.000000	0.000000	0.275669	0.490010	0.273918	0.275852	0.488870	0.489066	1.000000	1.000000	1.000000	0.000000	0.000000	0.280026	0.274845	0.489186	0.489186	0.489082	0.000000	1.000000	0.000000	0.000000	0.488800	0.489066	1.000000	0.489099	0.489099	0.489099	0.084129	0.084992	0.093573	0.078860	0.969159	1.000000	0.036633	0.036619	0.055585	1.000000	0.262248
2.727600	20.633716	0.000000	0.000000	0.000000	0.050000	0.000000	3.700000	-8.810877	-10.000000	0.000000	-91.500000	-33.513275	-5.000000	0.000000	0.000000	0.249648	0.443757	0.248062	0.249814	0.442724	0.442902	1.000000	1.000000	1.000000	0.000000	0.000000	0.253593	0.248901	0.443011	0.443011	0.442916	0.000000	1.000000	0.000000	0.000000	0.442661	0.442902	1.000000	0.442932	0.442932	0.442932	0.076188	0.076969	0.084741	0.071416	1.000000	1.000000	0.033175	0.033163	0.050338	1.000000	0.237494
2.732550	20.633716	0.000000	0.000000	0.000000	0.050000	0.000000	3.700000	-8.905248	-10.000000	0.000000	-91.195005	-33.500000	-5.000000	0.000000	0.000000	0.226084	0.401870	0.224647	0.226233	0.400935	0.401095	1.000000	1.000000	1.000000	0.000000	0.000000	0.229656	0.225407	0.401194	0.401194	0.401108	0.000000	1.000000	0.000000	0.000000	0.400877	0.401095	1.000000	0.401123	0.401123	0.401123	0.068996	0.069704	0.076742	0.064675	0.976029	1.000000	0.030043	0.030032	0.045587	1.000000	0.215076
2.737500	20.633716	0.000000	0.000000	0.000000	0.050000	0.000000	3.700000	-8.663802	-10.000000	0.000000	-91.041643	-31.341975	-5.000000	0.000000	0.000000	0.204743	0.363937	0.203442	0.204879	0.363089	0.363235	1.000000	1.000000	1.000000	0.000000	0.000000	0.207978	0.204130	0.363325	0.363325	0.363247	0.000000	1.000000	0.000000	0.000000	0.363038	0.363235	1.000000	0.363260	0.363260	0.363260	0.062484	0.063124	0.069498	0.058570	1.000000	1.000000	0.027208	0.027197	0.041284	1.000000	0.194775
2.742450	20.633716	0.000000	0.000000	0.000000	0.050000	0.000000	3.700000	-8.981098	-10.000000	0.000000	-91.135331	-31.611505	-5.000000	0.000000	0.000000	0.185417	0.329584	0.184239	0.185540	0.328817	0.328949	1.000000	1.000000	1.000000	0.000000	0.000000	0.188347	0.184862	0.329030	0.329030	0.328959	0.000000	1.000000	0.000000	0.000000	0.328770	0.328949	1.000000	0.328971	0.328971	0.328971	0.056586	0.057166	0.062938	0.053042	0.978426	1.000000	0.024639	0.024630	0.037387	1.000000	0.176390
2.747400	20.633716	0.000000	0.000000	0.000000	0.050000	0.000000	3.700000	-8.960755	-10.000000	0.000000	-91.489658	-30.652697	-5.000000	0.000000	0.000000	0.489444	0.298474	0.486451	0.490523	0.297779	0.297899	1.000000	1.000000	1.000000	0.000000	0.000000	0.496964	0.487977	0.297972	0.297972	0.297908	0.000000	1.000000	0.000000	0.000000	0.297737	0.297899	1.000000	0.297919	0.297919	0.297919	0.051244	0.051770	0.056997	0.048035	1.000000	1.000000	0.022314	0.022305	0.033858	1.000000	0.476475
2.752350	20.633716	0.000000	0.000000	0.000000	0.050000	0.000000	3.700000	-8.770543	-10.000000	0.000000	-91.424686	-28.560055	-5.000000	0.000000	0.000000	0.443245	0.270300	0.440534	0.444222	0.269671	0.269779	1.000000	1.000000	1.000000	0.000000	0.000000	0.450055	0.441916	0.269846	0.269846	0.269788	0.000000	1.000000	0.000000	0.000000	0.269633	0.269779	1.000000	0.269798	0.269798	0.269798	0.046407	0.046883	0.051617	0.043501	0.977212	1.000000	0.020207	0.020200	0.030662	1.000000	0.431500
2.757300	20.633716	0.000000	0.000000	0.000000	0.050000	0.000000	3.700000	-8.549625	-10.000000	0.000000	-91.855805	-27.065134	-5.000000	0.000000	0.000000	0.401406	0.244786	0.398951	0.402291	0.244216	0.244314	1.000000	1.000000	1.000000	0.000000	0.000000	0.407573	0.400203	0.244374	0.244374	0.244322	0.000000	1.000000	0.000000	0.000000	0.244181	0.244314	1.000000	0.244331	0.244331	0.244331	0.042027	0.042458	0.046745	0.039395	1.000000	1.000000	0.018300	0.018293	0.027768	1.000000	0.390770
2.762250	20.633716	0.000000	0.000000	0.000000	0.050000	0.000000	3.700000	-8.222241	-10.000000	0.000000	-92.424473	-25.198956	-5.000000	0.000000	0.000000	0.363516	0.221680	0.361293	0.364318	0.221164	0.221253	1.000000	1.000000	1.000000	0.000000	0.000000	0.369102	0.362427	0.221307	0.221307	0.221260	0.000000	1.000000	0.000000	0.000000	0.221133	0.221253	1.000000	0.221268	0.221268	0.221268	0.038060	0.038450	0.042332	0.035676	1.000000	1.000000	0.016573	0.016566	0.025147	1.000000	0.353884
2.767200	20.633716	0.000000	0.000000	0.000000	0.050000	0.000000	3.700000	-7.738799	-10.000000	0.000000	-93.143460	-23.285471	-5.000000	0.000000	0.000000	0.329203	0.200755	0.327190	0.329929	0.200288	0.200368	1.000000	1.000000	1.000000	0.000000	0.000000	0.334261	0.328217	0.200418	0.200418	0.200375	0.000000	1.000000	0.000000	0.000000	0.200260	0.200368	1.000000	0.200382	0.200382	0.200382	0.034467	0.034821	0.038337	0.032309	1.000000	1.000000	0.015008	0.015003	0.022773	1.000000	0.320480
2.772150	20.633716	0.000000	0.000000	0.000000	0.050000	0.000000	3.700000	-7.064951	-10.000000	0.000000	-94.032199	-20.831034	-5.000000	0.000000	0.000000	0.298129	0.181806	0.296306	0.298786	0.181382	0.181455	1.000000	1.000000	1.000000	0.000000	0.000000	0.302710	0.297236	0.181500	0.181500	0.181461	0.000000	1.000000	0.000000	0.000000	0.181357	0.181455	1.000000	0.181468	0.181468	0.181468	0.031214	0.031534	0.034718	0.029259	1.000000	1.000000	0.013592	0.013587	0.020623	1.000000	0.290229
2.777100	20.633716	0.000000	0.000000	0.000000	0.050000	0.000000	3.700000	-6.162712	-10.000000	0.000000	-95.134200	-18.298147	-5.000000	0.000000	0.000000	0.269988	0.164645	0.268337	0.270583	0.164261	0.164327	1.000000	1.000000	1.000000	0.000000	0.000000	0.274136	0.269179	0.164368	0.164368	0.164333	0.000000	1.000000	0.000000	0.000000	0.164238	0.164327	1.000000	0.164339	0.164339	0.164339	0.028267	0.028557	0.031441	0.026497	1.000000	1.000000	0.012309	0.012304	0.018677	1.000000	0.262834
2.782050	20.633716	0.000000	0.000000	0.000000	0.050000	0.000000	3.700000	-5.031430	-10.000000	0.000000	-96.449560	-15.591385	-5.000000	0.000000	0.000000	0.244503	0.149104	0.243008	0.245042	0.148756	0.148816	1.000000	1.000000	1.000000	0.000000	0.000000	0.248260	0.243771	0.148853	0.148853	0.148821	0.000000	1.000000	0.000000	0.000000	0.148735	0.148816	1.000000	0.148826	0.148826	0.148826	0.025599	0.025862	0.028473	0.023996	1.000000	1.000000	0.011147	0.011143	0.016914	1.000000	0.238025
2.787000	20.633716	0.000000	0.000000	0.000000	0.050000	0.000000	3.700000	-3.676280	-10.000000	0.000000	-97.974980	-12.721118	-5.000000	0.000000	0.000000	0.221424	0.135029	0.220070	0.221912	0.134715	0.134769	1.000000	1.000000	1.000000	0.000000	0.000000	0.224826	0.220761	0.134802	0.134802	0.134773	0.000000	1.000000	0.000000	0.000000	0.134696	0.134769	1.000000	0.134778	0.134778	0.134778	0.023183	0.023421	0.025785	0.021731	1.000000	1.000000	0.010095	0.010091	0.015317	1.000000	0.215557
2.791950	20.633716	0.000000	0.000000	0.000000	0.050000	0.000000	3.700000	-2.106227	-10.000000	0.000000	-99.702288	-9.710001	-5.000000	0.000000	0.000000	0.200524	0.122284	0.199297	0.200965	0.121999	0.122048	1.000000	1.000000	1.000000	0.000000	0.000000	0.203604	0.199923	0.122078	0.122078	0.122052	0.000000	1.000000	0.000000	0.000000	0.121982	0.122048	1.000000	0.122056	0.122056	0.122056	0.020995	0.021210	0.023351	0.019680	1.000000	1.000000	0.009142	0.009138	0.013871	1.000000	0.521606
2.796900	20.633716	0.000000	0.000000	0.000000	0.050000	0.000000	3.700000	-0.320752	-10.000000	0.000000	-101.633032	-6.568766	-5.000000	0.000000	0.000000	0.181596	0.110741	0.484174	0.181996	0.110483	0.110528	1.000000	1.000000	1.000000	0.000000	0.000000	0.184386	0.181051	0.110555	0.110555	0.110531	0.000000	1.000000	0.000000	0.000000	0.110468	0.110528	1.000000	0.110535	0.110535	0.110535	0.019013	0.019208	0.021147	0.017822	1.000000	1.000000	0.008279	0.008276	0.012562	1.000000	0.472371
2.801850	20.633716	0.000000	0.000000	0.000000	0.050000	0.000000	3.700000	1.673680	-10.000000	0.000000	-103.769568	-3.295880	-5.000000	0.000000	0.000000	0.484058	0.100288	0.438472	0.484420	0.100054	0.100095	1.000000	1.000000	1.000000	0.000000	0.000000	0.488511	0.483565	0.100119	0.100119	0.100098	0.000000	1.000000	0.000000	0.000000	0.100040	0.100095	1.000000	0.100101	0.100101	0.100101	0.017218	0.017395	0.019151	0.016140	1.000000	1.000000	0.007497	0.007495	0.011376	1.000000	0.427783
2.806800	20.633716	0.000000	0.000000	0.000000	0.050000	0.000000	3.700000	3.846638	-10.000000	0.000000	-106.212197	0.104405	-5.000000	0.000000	0.000000	0.438366	0.090822	0.397083	0.438695	0.090610	0.090647	1.000000	1.000000	1.000000	0.000000	0.000000	0.442399	0.437920	0.090669	0.090669	0.090649	0.000000	1.000000	0.000000	0.000000	0.090597	0.090647	1.000000	0.090653	0.090653	0.090653	0.015593	0.015753	0.017343	0.014616	1.000000	1.000000	0.006790	0.006787	0.010302	1.000000	0.387403
2.811750	20.633716	0.000000	0.000000	0.000000	0.050000	0.000000	3.700000	6.162021	-10.000000	0.000000	-108.856779	3.612458	-5.000000	0.000000	0.000000	0.396988	0.082249	0.359602	0.397285	0.082057	0.082090	1.000000	1.000000	1.000000	0.000000	0.000000	0.400640	0.396584	0.082110	0.082110	0.082093	0.000000	1.000000	0.000000	0.000000	0.082046	0.082090	1.000000	0.082096	0.082096	0.082096	0.014121	0.014266	0.015706	0.013237	1.000000	1.000000	0.006149	0.006147	0.009330	1.000000	0.350836
2.816700	20.633716	0.000000	0.000000	0.000000	0.050000	0.000000	3.700000	8.614605	-10.000000	0.000000	-111.629629	7.241777	-5.000000	0.000000	0.000000	0.359516	0.074485	0.325658	0.359785	0.074312	0.074342	1.000000	1.000000	1.000000	0.000000	0.000000	0.362823	0.359150	0.074360	0.074360	0.074344	0.000000	1.000000	0.000000	0.000000	0.074301	0.074342	1.000000	0.074347	0.074347	0.074347	0.012788	0.012919	0.014224	0.011987	1.000000	1.000000	0.005568	0.005566	0.008449	1.000000	0.317719
2.821650	20.633716	0.000000	0.000000	0.000000	0.050000	0.000000	3.700000	11.134522	-10.000000	0.000000	-114.416021	10.912186	-5.000000	0.000000	0.000000	0.325580	0.384190	0.294919	0.325824	0.383082	0.383109	1.000000	1.000000	1.000000	0.000000	0.000000	0.328575	0.325249	0.383126	0.383126	0.383112	0.000000	1.000000	0.000000	0.000000	0.382125	0.383109	1.000000	0.382167	0.382167	0.382167	0.304756	0.303995	0.341244	0.712380	1.000000	1.000000	0.332421	0.332419	0.335030	1.000000	0.287729
2.826600	20.633716	0.000000	0.000000	0.000000	0.050000	0.000000	3.700000	13.014813	-10.000000	0.000000	-116.580851	13.029422	-5.000000	0.000000	0.000000	0.294848	0.347925	0.267081	0.295069	0.346922	0.346947	1.000000	1.000000	1.000000	0.000000	0.000000	0.297560	0.294548	0.346962	0.346962	0.346949	0.000000	1.000000	0.000000	0.000000	0.346056	0.346947	1.000000	0.346093	0.346093	0.346093	0.275989	0.275300	0.309034	0.645137	1.000000	1.000000	0.301043	0.301041	0.303406	1.000000	0.260570
2.831550	20.633716	0.000000	0.000000	0.000000	0.050000	0.000000	3.700000	14.535613	-10.000000	0.000000	-118.377376	14.700333	-5.000000	0.000000	0.000000	0.267017	0.632772	0.241870	0.267217	0.630911	0.630933	1.000000	1.000000	1.000000	0.000000	0.000000	0.269473	0.266745	0.630947	0.630947	0.630935	0.000000	1.000000	0.000000	0.000000	0.629176	0.630933	1.000000	0.630160	0.630160	0.630160	0.249938	0.249314	0.279863	0.584242	1.000000	1.000000	0.272627	0.272625	0.274767	1.000000	0.235974
2.836500	20.633716	0.000000	0.000000	0.000000	0.050000	0.000000	3.700000	15.298774	-10.000000	0.000000	-119.416559	15.825975	-5.000000	0.000000	0.000000	0.241812	0.573043	0.219040	0.241993	0.571358	0.571378	1.000000	1.000000	1.000000	0.000000	0.000000	0.244037	0.241566	0.571390	0.571390	0.571380	0.000000	1.000000	0.000000	0.000000	0.569787	0.571378	1.000000	0.570678	0.570678	0.570678	0.226346	0.225781	0.253446	0.529094	1.000000	1.000000	0.246893	0.246892	0.248831	1.000000	0.213700
2.841450	20.633716	0.000000	0.000000	0.000000	0.050000	0.000000	3.700000	15.829122	-10.000000	0.000000	-120.202580	16.747723	-5.000000	0.000000	0.000000	0.218987	0.832846	0.198364	0.219151	0.830378	0.830396	1.000000	1.000000	1.000000	0.000000	0.000000	0.221002	0.218764	0.830407	0.830407	0.830397	0.000000	1.000000	0.000000	0.000000	0.828016	0.830396	1.000000	0.828823	0.828823	0.828823	0.204980	0.204469	0.229523	0.479152	1.000000	1.000000	0.223588	0.223587	0.225343	1.000000	0.193528
2.846400	20.633716	0.000000	0.000000	0.000000	0.050000	0.000000	3.700000	16.096232	-10.000000	0.000000	-120.692316	17.432257	-5.000000	0.000000	0.000000	0.198317	0.754232	0.179640	0.198465	0.751997	0.752013	1.000000	1.000000	1.000000	0.000000	0.000000	0.200141	0.198115	0.752023	0.752023	0.752015	0.000000	1.000000	0.000000	0.000000	0.749858	0.752013	1.000000	0.750589	0.750589	0.750589	0.185632	0.185169	0.207858	0.433923	0.970325	1.000000	0.202483	0.202482	0.204073	1.000000	0.175261
2.851350	20.633716	0.000000	0.000000	0.000000	0.050000	0.000000	3.700000	16.284905	-10.000000	0.000000	-121.069337	18.032065	-5.000000	0.000000	0.000000	0.179597	0.993182	0.162684	0.179732	0.989300	0.989314	1.000000	1.000000	1.000000	0.000000	0.000000	0.181249	0.179414	0.989324	0.989324	0.989316	0.000000	1.000000	0.000000	0.000000	0.987363	0.989315	1.000000	0.988024	0.988024	0.988024	0.168110	0.167690	0.188238	0.392965	0.878734	1.000000	0.183371	0.183370	0.184810	1.000000	0.158718
2.856300	20.633716	0.000000	0.000000	0.000000	0.050000	0.000000	3.700000	16.376101	-10.000000	0.000000	-121.312781	18.593277	-5.000000	0.000000	0.000000	0.162645	0.899433	0.147328	0.162766	0.895918	0.895931	1.000000	1.000000	1.000000	0.000000	0.000000	0.164141	0.162479	0.895939	0.895939	0.895932	0.000000	1.000000	0.000000	0.000000	0.894163	0.895931	1.000000	0.894763	0.894763	0.894763	0.152242	0.151862	0.170470	0.355872	0.983074	1.000000	0.166062	0.166061	0.167365	1.000000	0.143736
2.861250	20.633716	0.000000	0.000000	0.000000	0.050000	0.000000	3.700000	16.410928	-10.000000	0.000000	-121.464805	19.190654	-5.000000	0.000000	0.000000	0.147292	1.000000	0.133421	0.147402	1.000000	1.000000	1.000000	1.000000	1.000000	0.000000	0.000000	0.148647	0.147142	1.000000	1.000000	1.000000	0.000000	1.000000	0.000000	0.000000	1.000000	1.000000	1.000000	1.000000	1.000000	1.000000	0.137871	0.137527	0.154379	0.322280	0.890280	1.000000	0.150387	0.150386	0.151567	1.000000	0.130168
2.866200	20.633716	0.000000	0.000000	0.000000	0.050000	0.000000	3.700000	16.385472	-10.000000	0.000000	-121.517858	19.882695	-5.000000	0.000000	0.000000	0.133389	1.000000	0.120827	0.133489	1.000000	1.000000	1.000000	1.000000	1.000000	0.000000	0.000000	0.134616	0.133253	1.000000	1.000000	1.000000	0.000000	1.000000	0.000000	0.000000	1.000000	1.000000	1.000000	1.000000	1.000000	1.000000	0.124857	0.124546	0.139807	0.291860	0.806244	1.000000	0.136192	0.136191	0.137261	1.000000	0.117882
2.871150	20.633716	0.000000	0.000000	0.000000	0.050000	0.000000	3.700000	16.305320	-10.000000	0.000000	-121.473983	20.668635	-5.000000	0.000000	0.000000	0.120798	1.000000	0.109422	0.120889	1.000000	1.000000	1.000000	1.000000	1.000000	0.000000	0.000000	0.121909	0.120675	1.000000	1.000000	1.000000	0.000000	1.000000	0.000000	0.000000	1.000000	1.000000	1.000000	1.000000	1.000000	1.000000	0.113072	0.112789	0.126610	0.264310	0.730141	1.000000	0.123336	0.123336	0.124304	1.000000	0.106755
2.876100	20.633716	0.000000	0.000000	0.000000	0.050000	0.000000	3.700000	16.186847	-10.000000	0.000000	-121.358327	21.488168	-5.000000	0.000000	0.000000	0.109396	1.000000	0.099093	0.109478	1.000000	1.000000	1.000000	1.000000	1.000000	0.000000	0.000000	0.110402	0.109284	1.000000	1.000000	1.000000	0.000000	1.000000	0.000000	0.000000	1.000000	1.000000	1.000000	1.000000	1.000000	1.000000	0.102399	0.102143	0.114659	0.239362	0.661222	1.000000	0.111694	0.111694	0.112571	1.000000	0.096678
2.881050	20.633716	0.000000	0.000000	0.000000	0.050000	0.000000	3.700000	16.036364	-10.000000	0.000000	-121.183452	22.324363	-5.000000	0.000000	0.000000	0.099070	1.000000	0.089740	0.099144	1.000000	1.000000	0.970461	0.970059	0.970389	0.000000	0.000000	0.099981	0.098969	1.000000	1.000000	1.000000	0.000000	0.970461	0.000000	0.000000	1.000000	1.000000	0.972502	1.000000	1.000000	1.000000	0.092733	0.092502	0.103836	0.216768	0.598808	0.968072	0.101151	0.101151	0.101945	0.967798	0.087552
2.886000	20.633716	0.000000	0.000000	0.000000	0.050000	0.000000	3.700000	15.856321	-10.000000	0.000000	-120.938256	22.986921	-5.000000	0.000000	0.000000	0.089718	1.000000	0.081269	0.089785	1.000000	1.000000	0.878857	0.878493	0.878792	0.000000	0.000000	0.090544	0.089627	1.000000	1.000000	1.000000	0.000000	0.878857	0.000000	0.000000	1.000000	1.000000	0.880706	1.000000	1.000000	1.000000	0.372783	0.372573	0.417502	0.887371	0.542285	0.876694	0.414100	0.414100	0.414819	0.876446	0.079288
2.890950	20.633716	0.000000	0.000000	0.000000	0.050000	0.000000	3.700000	15.655160	-10.000000	0.000000	-120.668659	23.054282	-5.000000	0.000000	0.000000	0.081250	1.000000	0.073598	0.081310	1.000000	1.000000	0.795900	0.795570	0.795841	0.000000	0.000000	0.081997	0.081167	1.000000	1.000000	1.000000	0.000000	0.795900	0.000000	0.000000	1.000000	1.000000	0.797574	1.000000	1.000000	1.000000	0.337595	0.337405	0.378093	0.803610	0.491098	0.793941	0.375012	0.375012	0.375664	0.793716	0.071804
2.895900	20.633716	0.000000	0.000000	0.000000	0.050000	0.000000	3.700000	15.421672	-10.000000	0.000000	-120.347191	22.935969	-5.000000	0.000000	0.000000	0.073580	1.000000	0.066651	0.073635	1.000000	1.000000	0.720774	0.720475	0.720720	0.000000	0.000000	0.074257	0.073505	1.000000	1.000000	1.000000	0.000000	0.720774	0.000000	0.000000	1.000000	1.000000	0.722289	1.000000	1.000000	1.000000	0.305729	0.305557	0.342404	0.727756	0.444742	0.718999	0.339614	0.339614	0.340204	0.718796	0.065026
2.900850	20.633716	0.000000	0.000000	0.000000	0.050000	0.000000	3.700000	15.139231	-10.000000	0.000000	-119.958724	22.734338	-5.000000	0.000000	0.000000	0.066635	1.000000	0.060360	0.066685	1.000000	1.000000	0.652738	0.652467	0.652689	0.000000	0.000000	0.067248	0.066567	1.000000	1.000000	1.000000	0.000000	0.652738	0.000000	0.000000	1.000000	1.000000	0.654111	1.000000	1.000000	1.000000	0.276870	0.276715	0.310084	0.659062	0.402762	0.651132	0.307557	0.307557	0.308091	0.650947	0.058888
2.905800	20.633716	0.000000	0.000000	0.000000	0.050000	0.000000	3.700000	14.793634	-10.000000	0.000000	-119.487021	22.442363	-5.000000	0.000000	0.000000	0.060345	1.000000	0.054662	0.060390	1.000000	1.000000	0.591125	0.590880	0.591081	0.000000	0.000000	0.060900	0.060284	1.000000	1.000000	1.000000	0.000000	0.591125	0.000000	0.000000	1.000000	1.000000	0.592368	1.000000	1.000000	1.000000	0.250736	0.250595	0.280814	0.596851	0.364744	0.589670	0.278526	0.605904	0.279010	0.589503	0.053330
2.910750	20.633716	0.000000	0.000000	0.000000	0.050000	0.000000	3.700000	14.363903	-10.000000	0.000000	-118.912658	22.056240	-5.000000	0.000000	0.000000	0.054649	1.000000	0.049502	0.054690	1.000000	1.000000	0.535327	0.535105	0.535287	0.000000	0.000000	0.055152	0.054593	1.000000	1.000000	1.000000	0.000000	0.535327	0.000000	0.000000	1.000000	1.000000	0.536453	1.000000	1.000000	1.000000	0.227069	0.226941	0.254308	0.540513	0.330315	0.534010	0.252236	0.548712	0.252674	0.533859	0.048296
2.915700	20.633716	0.000000	0.000000	0.000000	0.050000	0.000000	3.700000	13.827281	-10.000000	0.000000	-118.211795	21.533075	-5.000000	0.000000	0.000000	0.049491	1.000000	0.044830	0.049528	1.000000	1.000000	0.484797	0.484596	0.484761	0.000000	0.000000	0.049946	0.049440	1.000000	1.000000	1.000000	0.000000	0.484797	0.000000	0.000000	1.000000	1.000000	0.485816	1.000000	1.000000	1.000000	0.205635	0.205519	0.230303	0.489493	0.299136	0.483603	0.228427	0.496918	0.228823	0.483467	0.043737
2.920650	20.633716	0.000000	0.000000	0.000000	0.050000	0.000000	3.700000	13.158584	-10.000000	0.000000	-117.350443	20.844895	-5.000000	0.000000	0.000000	0.044819	1.000000	0.040598	0.044853	1.000000	1.000000	0.439036	0.438854	0.439003	0.000000	0.000000	0.045231	0.044773	1.000000	1.000000	1.000000	0.000000	0.439036	0.000000	0.000000	1.000000	1.000000	0.439959	1.000000	1.000000	1.000000	0.186225	0.186120	0.208564	0.443289	0.270900	0.437955	0.206865	0.450013	0.207224	0.437831	0.039609
2.925600	20.633716	0.000000	0.000000	0.000000	0.050000	0.000000	3.700000	12.339494	-10.000000	0.000000	-116.300399	19.916877	-5.000000	0.000000	0.000000	0.040588	1.000000	0.036766	0.040619	1.000000	1.000000	0.397594	0.397429	0.397565	0.000000	0.000000	0.040962	0.040547	1.000000	1.000000	1.000000	0.000000	0.397594	0.000000	0.000000	1.000000	1.000000	0.398431	1.000000	1.000000	1.000000	0.168647	0.168552	0.188878	0.401446	0.245329	0.396616	0.187339	0.407535	0.187664	0.396503	0.035870
2.930550	20.633716	0.000000	0.000000	0.000000	0.050000	0.000000	3.700000	11.376832	-10.000000	0.000000	-115.069588	18.774926	-5.000000	0.000000	0.000000	0.036757	1.000000	0.033296	0.036785	1.000000	1.000000	0.360065	0.359915	0.360038	0.000000	0.000000	0.037095	0.036720	1.000000	1.000000	1.000000	0.000000	0.360065	0.000000	0.000000	1.000000	1.000000	0.360822	1.000000	1.000000	1.000000	0.450340	0.451149	0.502385	1.000000	0.222172	0.359178	0.501989	0.369067	0.501286	0.359077	0.032484
2.935500	20.633716	0.000000	0.000000	0.000000	0.050000	0.000000	3.700000	10.238601	-10.000000	0.000000	-113.636699	17.324657	-5.000000	0.000000	0.000000	0.033288	1.000000	0.030153	0.033313	1.000000	1.000000	0.326077	0.325942	0.326053	0.000000	0.000000	0.033594	0.033254	1.000000	1.000000	1.000000	0.000000	0.326077	0.000000	0.000000	1.000000	1.000000	0.326763	1.000000	1.000000	1.000000	0.407831	0.408564	0.454964	0.976099	0.201201	0.325275	0.454605	0.334230	0.453969	0.325183	0.029418
2.940450	20.633716	0.000000	0.000000	0.000000	0.050000	0.000000	3.700000	8.933752	-10.000000	0.000000	-112.023339	15.514449	-5.000000	0.000000	0.000000	0.030146	1.000000	0.027307	0.030168	1.000000	1.000000	0.295298	0.295176	0.295276	0.000000	0.000000	0.030423	0.030115	1.000000	1.000000	1.000000	0.000000	0.295298	0.000000	0.000000	1.000000	1.000000	0.295919	1.000000	1.000000	1.000000	0.369335	0.369999	0.412019	0.883963	0.182209	0.294571	0.411694	0.302681	0.411118	0.294488	0.026641
2.945400	20.633716	0.000000	0.000000	0.000000	0.050000	0.000000	3.700000	7.451455	-10.000000	0.000000	-110.213919	13.415356	-5.000000	0.000000	0.000000	0.027300	1.000000	0.024729	0.027320	1.000000	1.000000	0.267424	0.267314	0.267404	0.000000	0.000000	0.027551	0.027272	1.000000	1.000000	1.000000	0.000000	0.267424	0.000000	0.000000	1.000000	1.000000	0.267987	1.000000	1.000000	1.000000	0.334473	0.335074	0.373128	0.800524	0.165010	0.266766	0.372833	0.274111	0.372311	0.266691	0.024126
2.950350	20.633716	0.000000	0.000000	0.000000	0.050000	0.000000	3.700000	5.786972	-10.000000	0.000000	-108.204773	11.069530	-5.000000	0.000000	0.000000	0.024723	1.000000	0.022395	0.024742	1.000000	1.000000	0.242182	0.242081	0.242164	0.000000	0.000000	0.024951	0.024698	1.000000	1.000000	1.000000	0.000000	0.242182	0.000000	0.000000	1.000000	1.000000	0.242691	1.000000	1.000000	1.000000	0.302901	0.303446	0.337908	0.724961	0.149434	0.241586	0.337641	0.564022	0.337168	0.241517	0.021849
2.955300	20.633716	0.000000	0.000000	0.000000	0.050000	0.000000	3.700000	3.927565	-10.000000	0.000000	-105.961013	8.462463	-5.000000	0.000000	0.000000	0.022389	1.000000	0.020281	0.022406	1.000000	1.000000	0.219322	0.219231	0.219305	0.000000	0.000000	0.022595	0.022367	1.000000	1.000000	1.000000	0.000000	0.219322	0.000000	0.000000	1.000000	1.000000	0.219783	1.000000	1.000000	1.000000	0.274310	0.274803	0.306012	0.656530	0.135329	0.218782	0.305770	0.510783	0.305342	0.218720	0.019787
2.960250	20.633716	0.000000	0.000000	0.000000	0.050000	0.000000	3.700000	1.858458	-10.000000	0.000000	-103.452081	5.577933	-5.000000	0.000000	0.000000	0.020276	1.000000	0.018367	0.020291	1.000000	1.000000	0.198619	0.198537	0.198605	0.000000	0.000000	0.020463	0.020255	1.000000	1.000000	1.000000	0.000000	0.198619	0.000000	0.000000	1.000000	1.000000	0.199037	1.000000	1.000000	1.000000	0.248417	0.248864	0.277127	0.594559	0.122555	0.198131	0.276908	0.462569	0.276520	0.198074	0.017919
2.965200	20.633716	0.000000	0.000000	0.000000	0.050000	0.000000	3.700000	-0.444255	-10.000000	0.000000	-100.622899	2.385241	-5.000000	0.000000	0.000000	0.018362	1.000000	0.016633	0.018376	1.000000	1.000000	0.179871	0.179797	0.179858	0.000000	0.000000	0.018531	0.018343	1.000000	1.000000	1.000000	0.000000	0.179871	0.000000	0.000000	1.000000	1.000000	0.180250	1.000000	1.000000	1.000000	0.224969	0.225373	0.250968	0.538437	0.110987	0.179429	0.250770	0.418906	0.250419	0.179378	0.016227
2.970150	20.633716	0.000000	0.000000	0.000000	0.050000	0.000000	3.700000	-2.999544	-10.000000	0.000000	-97.464308	-1.118461	-5.000000	0.000000	0.000000	0.016629	1.000000	0.015063	0.016641	1.000000	1.000000	0.162893	0.162825	0.162881	0.000000	0.000000	0.016782	0.016612	1.000000	1.000000	1.000000	0.000000	0.162893	0.000000	0.000000	1.000000	1.000000	0.163236	1.000000	1.000000	1.000000	0.203733	0.204100	0.227279	0.487613	0.100510	0.162492	0.227099	0.379365	0.226781	0.162446	0.014696
2.975100	20.633716	0.000000	0.000000	0.000000	0.050000	0.000000	3.700000	-5.815438	-10.000000	0.000000	-94.001269	-4.912317	-5.000000	0.000000	0.000000	0.015059	1.000000	0.013641	0.015071	1.000000	1.000000	0.147517	0.147456	0.147506	0.000000	0.000000	0.015198	0.015044	1.000000	1.000000	1.000000	0.000000	0.147517	0.000000	0.000000	1.000000	1.000000	0.147827	1.000000	1.000000	1.000000	0.483010	0.483342	0.539159	0.441586	0.091023	0.147154	0.537996	0.343556	0.537708	0.147112	0.013309
2.980050	20.633716	0.000000	0.000000	0.000000	0.050000	0.000000	3.700000	-8.923791	-10.000000	0.000000	-91.197127	-9.122935	-5.000000	0.000000	0.000000	0.013638	1.000000	0.012353	0.013648	1.000000	1.000000	0.133593	0.133537	0.133583	0.000000	0.000000	0.013763	0.013624	1.000000	1.000000	1.000000	0.000000	0.133593	0.000000	0.000000	1.000000	1.000000	0.133874	1.000000	1.000000	1.000000	0.437418	0.437718	0.488266	1.000000	0.082431	0.133264	0.487214	0.311127	0.486953	0.133226	0.012052
2.985000	20.633716	0.000000	0.000000	0.000000	0.050000	0.000000	3.700000	-8.500000	-10.000000	0.000000	-91.500000	-10.801442	-5.000000	0.000000	0.000000	0.012351	1.000000	0.011187	0.012360	1.000000	1.000000	0.120983	0.120932	0.120974	0.000000	0.000000	0.012464	0.012338	1.000000	1.000000	1.000000	0.000000	0.120983	0.000000	0.000000	1.000000	1.000000	0.121237	1.000000	1.000000	1.000000	0.396129	0.396401	0.442178	0.949723	0.074650	0.120685	0.441225	0.281759	0.440989	0.120651	0.010915
2.989950	20.633716	0.000000	0.000000	0.000000	0.050000	0.000000	3.700000	-8.808024	-10.000000	0.000000	-91.500000	-13.024365	-5.000000	0.000000	0.000000	0.011185	1.000000	0.010131	0.011193	1.000000	1.000000	0.109563	0.109517	0.109555	0.000000	0.000000	0.011288	0.011173	1.000000	1.000000	1.000000	0.000000	0.109563	0.000000	0.000000	1.000000	1.000000	0.109793	1.000000	1.000000	1.000000	0.358737	0.358984	0.400440	0.860077	0.067604	0.109293	0.399576	0.255163	0.399363	0.109262	0.009884
2.994900	20.633716	0.000000	0.000000	0.000000	0.050000	0.000000	3.700000	-8.621294	-10.000000	0.000000	-91.402358	-15.565180	-5.000000	0.000000	0.000000	0.010129	1.000000	0.009175	0.010137	1.000000	1.000000	0.099221	0.099180	0.099214	0.000000	0.000000	0.010222	0.010119	1.000000	1.000000	1.000000	0.000000	0.099221	0.000000	0.000000	1.000000	1.000000	0.099430	1.000000	1.000000	1.000000	0.324876	0.325099	0.362642	0.778892	0.061223	0.098977	0.361860	0.548766	0.361666	0.098949	0.008951
2.999850	20.633716	0.000000	0.000000	0.000000	0.050000	0.000000	3.700000	-8.514922	-10.000000	0.000000	-91.500000	-18.534647	-5.000000	0.000000	0.000000	0.009173	1.000000	0.008309	0.009180	1.000000	1.000000	0.089855	0.089818	0.089849	0.000000	0.000000	0.009257	0.009164	1.000000	1.000000	1.000000	0.000000	0.089855	0.000000	0.000000	1.000000	1.000000	0.090044	1.000000	1.000000	1.000000	0.294210	0.294412	0.328411	0.705371	0.055444	0.089634	0.327703	0.496967	0.327528	0.089609	0.008106
