# r(t) tam dongu v3 — Ia: Kademe-2 K-modeli (Blum 2020 egri fiti, 47_ B26; b=10.4 kL=26.6 kV=27.1 p=0.53; d=lif boyu - dongu min [mm], v=lif hizi [mm/s], yalniz uzama hizi); II: Vincent v2 formulu ayni d/v sozlesmesiyle; BAYRAKLAR: fusimotor yok, surekli-hareket sonumu (genlikler ust sinir), II paketten dogrulanamadi, GI/GP/TFL guvensiz
gait_pct,BFa_Ia,BFp_Ia,CF_Ia,STp_Ia,STa_Ia,SM_Ia,QF_Ia,TFL_Ia,GMa_Ia,GMe_Ia,GMi_Ia,Pir_Ia,GP_Ia,GA_Ia,AL_Ia,AM_Ia,AB_Ia,Pec_Ia,IP_Ia,OE_Ia,OI_Ia,GS_Ia,GI_Ia,RF_Ia,VL_Ia,VI_Ia,VM_Ia,MG_Ia,LG_Ia,Pla_Ia,Sol_Ia,TA_Ia,EDL_Ia,TP_Ia,FDL_Ia,FHL_Ia,Per_Ia,Pop_Ia,BFa_II,BFp_II,CF_II,STp_II,STa_II,SM_II,QF_II,TFL_II,GMa_II,GMe_II,GMi_II,Pir_II,GP_II,GA_II,AL_II,AM_II,AB_II,Pec_II,IP_II,OE_II,OI_II,GS_II,GI_II,RF_II,VL_II,VI_II,VM_II,MG_II,LG_II,Pla_II,Sol_II,TA_II,EDL_II,TP_II,FDL_II,FHL_II,Per_II,Pop_II
0.0,101.557,368.363,197.082,306.851,430.357,305.084,119.733,96.055,105.741,64.077,19.443,33.604,455.694,281.179,153.358,202.867,210.128,32.522,78.301,11.755,46.780,30.827,75.563,64.465,54.525,54.570,52.182,49.699,46.925,55.112,28.071,90.186,81.103,17.691,19.499,20.027,80.826,34.022,48.517,254.185,80.580,212.949,291.423,210.304,94.914,46.475,50.038,33.766,9.224,23.347,307.504,205.125,118.915,149.222,152.026,42.466,39.636,17.606,48.379,27.151,66.879,33.849,29.507,29.528,28.442,58.801,56.719,62.786,39.733,49.057,44.663,26.016,28.109,28.856,44.374,34.034
0.5,104.299,367.431,199.408,306.222,429.260,304.510,119.515,98.765,108.708,65.669,19.442,33.597,454.481,280.321,153.027,202.454,209.744,32.382,80.378,11.728,46.661,30.803,75.408,69.084,60.015,60.067,57.376,49.447,46.685,54.841,27.935,83.409,74.665,17.634,19.433,19.958,74.897,33.970,49.584,256.664,81.692,215.998,293.880,211.581,95.440,47.537,51.180,34.461,9.462,23.608,309.496,207.105,119.479,149.807,152.610,42.916,40.492,17.857,48.822,27.445,67.361,35.795,31.947,31.969,30.789,58.143,55.897,62.420,36.216,45.870,41.405,23.464,25.428,26.120,41.455,35.718
1.0,109.238,366.228,202.787,305.350,427.856,303.832,119.276,103.717,114.068,68.635,19.441,33.588,452.986,279.254,152.663,201.999,209.320,32.227,84.213,11.698,46.531,30.777,75.237,77.267,69.396,69.457,66.253,49.215,46.469,54.578,27.876,63.824,52.147,17.610,19.405,19.928,57.799,33.894,51.424,261.228,83.110,221.259,298.477,214.136,96.559,49.402,53.153,35.723,9.921,24.126,313.429,210.880,120.720,151.125,153.915,43.848,42.023,18.349,49.732,28.027,68.364,39.122,35.925,35.950,34.619,56.940,54.339,61.826,24.790,35.142,26.760,15.110,16.653,17.171,31.662,38.478
1.5,114.097,364.764,209.125,304.245,426.156,303.051,119.013,108.656,119.381,71.570,19.440,33.578,451.216,277.984,152.265,201.500,208.855,32.058,88.024,11.666,46.388,30.748,75.050,84.490,77.295,77.364,73.725,49.003,46.277,54.324,55.325,48.528,47.079,34.869,37.980,39.054,44.455,33.795,53.223,264.858,85.375,225.367,302.119,216.349,97.627,51.245,55.095,36.958,10.388,24.650,316.597,213.953,121.896,152.371,155.152,44.731,43.529,18.807,50.600,28.594,69.322,41.970,39.135,39.162,37.706,55.706,52.719,61.216,30.913,40.905,40.415,19.589,21.359,21.970,36.920,40.655
2.0,118.862,363.049,213.047,302.919,424.171,302.168,118.726,113.572,124.635,74.468,19.439,33.567,449.181,276.519,151.830,200.956,208.349,31.875,91.803,11.632,46.233,30.716,74.847,91.001,84.165,84.242,80.222,48.808,46.109,54.079,70.920,48.452,47.009,44.659,48.507,49.894,44.397,33.672,54.979,267.768,86.985,228.645,305.019,218.274,98.643,53.066,57.006,38.164,10.863,25.181,319.147,216.470,123.005,153.543,156.318,45.564,45.008,19.230,51.426,29.148,70.234,44.481,41.848,41.877,40.313,54.450,51.035,60.600,38.504,47.984,46.150,25.131,27.177,27.905,43.389,42.443
2.5,123.511,361.092,214.565,301.380,421.910,301.186,118.416,118.451,129.811,77.319,19.437,33.554,446.888,274.866,151.360,200.368,207.799,31.678,95.536,11.596,46.065,30.682,74.626,96.959,90.266,90.349,85.989,48.632,45.963,53.843,82.129,48.320,46.893,51.681,56.037,57.649,44.294,33.529,56.688,270.095,87.903,231.283,307.311,219.948,99.604,54.862,58.881,39.339,11.342,25.715,321.176,218.522,124.044,154.636,157.410,46.344,46.458,19.617,52.208,29.686,71.099,46.743,44.209,44.240,42.579,53.181,49.285,59.990,43.418,52.471,50.011,28.703,30.919,31.723,47.505,43.951
3.0,128.020,358.904,216.207,299.638,419.385,300.105,118.081,123.269,134.884,80.107,19.435,33.540,444.346,273.031,150.853,199.733,207.206,31.467,99.208,11.557,45.885,30.644,74.389,102.469,95.762,95.852,91.184,48.472,45.839,53.615,91.171,48.132,46.733,57.329,62.069,63.861,44.149,33.366,58.343,271.932,88.867,233.402,309.089,221.399,100.506,56.628,60.716,40.479,11.826,26.253,322.751,220.177,125.009,155.646,158.424,47.068,47.875,19.965,52.941,30.206,71.912,48.812,46.307,46.340,44.591,51.910,47.468,59.400,47.162,55.794,52.945,31.410,33.744,34.605,50.570,45.242
3.5,132.359,356.493,217.785,297.702,416.607,298.928,117.722,128.003,139.825,82.816,19.433,33.524,441.565,271.023,150.310,199.052,206.570,31.241,102.797,11.516,45.692,30.604,74.135,107.609,100.770,100.866,95.915,48.329,45.735,53.395,98.812,47.894,46.533,62.087,67.120,69.065,43.963,33.183,59.939,273.345,89.799,235.088,310.418,222.645,101.345,58.360,62.503,41.580,12.311,26.790,323.924,221.481,125.893,156.567,159.353,47.732,49.253,20.271,53.623,30.707,72.669,50.728,48.201,48.236,46.406,50.657,45.583,58.843,50.212,58.404,55.292,33.600,36.019,36.927,52.995,46.360
4.0,136.499,353.870,220.761,295.581,413.586,297.657,117.338,132.627,144.604,85.431,19.430,33.506,438.553,268.848,149.731,198.325,205.891,31.003,106.284,11.474,45.487,30.560,73.863,112.433,105.374,105.475,100.263,48.201,45.650,53.183,105.424,47.607,46.295,66.191,71.445,73.520,43.741,32.983,61.467,274.385,91.136,236.403,311.350,223.700,102.116,60.049,64.237,42.637,12.795,27.324,324.732,222.473,126.691,157.393,160.191,48.331,50.588,20.533,54.250,31.187,73.366,52.518,49.934,49.970,48.063,49.442,43.634,58.337,52.787,60.514,57.219,35.434,37.912,38.860,54.975,47.337
4.5,140.415,351.044,223.805,293.282,410.333,296.296,116.931,137.115,149.196,87.936,19.426,33.486,435.322,266.514,149.117,197.554,205.169,30.751,109.649,11.430,45.270,30.514,73.576,116.985,109.639,109.745,104.289,48.085,45.582,52.976,111.223,47.277,46.021,69.776,75.187,77.376,43.483,32.765,62.923,275.090,92.491,237.393,311.924,224.577,102.815,61.691,65.911,43.646,13.275,27.852,325.206,223.180,127.400,158.119,160.935,48.864,51.874,20.749,54.818,31.642,74.001,54.203,51.534,51.573,49.592,48.296,41.629,57.899,55.010,62.242,58.822,37.003,39.518,40.501,56.615,48.195
5.0,144.084,348.025,225.202,290.813,406.859,294.846,116.501,141.444,153.574,90.315,19.422,33.464,431.881,264.030,148.469,196.740,204.406,30.487,112.874,11.384,45.042,30.464,73.272,121.297,113.653,113.725,108.040,47.981,45.529,52.774,116.342,46.906,45.713,72.928,78.441,80.728,43.192,32.532,64.299,275.491,93.395,238.095,312.171,225.283,103.438,63.280,67.518,44.604,13.748,28.371,325.372,223.627,128.016,158.742,161.580,49.327,53.108,20.918,55.326,32.072,74.569,55.800,53.040,53.066,51.015,47.255,39.587,57.546,56.953,63.661,60.162,38.361,40.894,41.907,57.983,48.951
5.5,147.486,344.823,224.149,288.183,403.175,293.312,116.048,145.593,157.718,92.558,19.417,33.441,428.242,261.405,147.788,195.884,203.604,30.212,115.943,11.338,44.802,30.412,72.954,125.391,117.374,117.452,111.551,47.887,45.488,52.575,120.871,46.498,45.375,75.702,81.267,83.642,42.872,32.283,65.592,275.615,93.589,238.538,312.120,225.827,103.984,64.812,69.055,45.506,14.213,28.879,325.251,223.833,128.537,159.259,162.124,49.720,54.285,21.039,55.771,32.475,75.070,57.318,54.439,54.467,52.349,46.360,37.542,57.294,58.664,64.820,61.281,39.543,42.079,43.119,59.123,49.618
6.0,150.611,341.447,224.747,285.399,399.292,291.698,115.574,149.547,161.614,94.656,19.412,33.415,424.415,258.646,147.077,194.988,202.763,29.927,118.845,11.291,44.553,30.356,72.621,129.210,120.830,120.950,114.845,47.800,45.459,52.378,124.873,46.056,45.009,78.140,83.712,86.162,42.524,32.019,66.800,275.483,94.237,238.745,311.791,226.218,104.452,66.282,70.517,46.353,14.666,29.371,324.863,223.817,128.962,159.671,162.567,50.042,55.404,21.111,56.154,32.849,75.503,58.743,55.746,55.788,53.604,45.656,35.568,57.154,60.177,65.755,62.210,40.574,43.099,44.162,60.064,50.207
6.5,153.453,337.907,225.710,282.468,395.222,290.008,115.081,153.296,165.254,96.605,19.406,33.386,420.412,255.762,146.337,194.057,201.888,29.632,121.574,11.243,44.294,30.298,72.275,132.902,124.116,124.239,117.942,47.718,45.437,52.181,128.393,45.585,44.617,80.271,85.809,88.324,42.152,31.742,67.921,275.114,94.986,238.736,311.207,226.463,104.843,67.690,71.905,47.142,15.106,29.847,324.226,223.593,129.292,159.978,162.908,50.294,56.463,21.136,56.475,33.194,75.868,60.124,56.993,57.036,54.789,45.183,33.796,57.136,61.514,66.491,62.972,41.471,43.972,45.057,60.831,50.726
7.0,156.013,334.214,112.207,279.397,390.976,288.246,114.569,156.836,168.635,98.402,19.398,33.356,416.246,252.762,145.571,193.091,200.979,29.330,124.127,11.195,44.027,30.237,71.917,136.492,127.209,127.335,120.856,47.639,45.421,51.980,131.468,45.088,44.202,82.117,87.584,90.155,41.757,31.451,68.957,274.524,58.206,238.527,310.383,226.570,105.158,69.035,73.218,47.875,15.532,30.305,323.355,223.177,129.531,160.183,163.153,50.480,57.462,21.115,56.736,33.511,76.168,61.472,58.175,58.220,55.911,44.969,32.449,57.241,62.693,67.050,63.584,42.249,44.714,45.817,61.441,51.180
7.5,158.300,330.377,116.676,276.193,386.565,286.417,114.041,160.168,171.763,100.052,19.391,33.323,411.927,249.656,144.781,192.094,200.041,29.020,126.508,11.147,43.753,30.173,71.547,139.846,130.119,130.248,123.597,47.560,45.408,51.776,134.124,44.569,43.766,83.697,89.061,91.679,41.344,31.149,69.909,273.727,59.758,238.132,309.335,226.546,105.402,70.319,74.458,48.553,15.941,30.742,322.266,222.582,129.683,160.293,163.304,50.602,58.404,21.050,56.940,33.799,76.405,62.745,59.297,59.343,56.974,45.022,31.811,57.464,63.728,67.448,64.062,42.917,45.337,46.456,61.907,51.574
8.0,160.329,326.407,230.810,272.865,382.003,284.525,113.497,163.302,174.653,101.562,19.382,33.288,407.469,246.451,143.969,191.070,199.075,28.706,128.724,11.100,43.472,30.107,71.168,143.023,132.853,132.985,126.170,47.479,45.396,51.565,136.389,44.031,43.313,85.028,90.261,92.917,40.913,30.835,70.784,272.738,97.063,237.558,308.079,226.402,105.579,71.545,75.630,49.181,16.334,31.160,320.975,221.820,129.755,160.313,163.369,50.665,59.292,20.944,57.092,34.061,76.584,63.963,60.362,60.409,57.982,45.329,32.049,57.794,64.628,67.700,64.417,43.484,45.850,46.983,62.242,51.911
8.5,162.121,322.314,230.797,269.419,377.299,282.575,112.940,166.252,177.322,102.942,19.372,33.250,402.883,243.157,143.138,190.020,198.084,28.386,130.789,11.053,43.185,30.039,70.780,146.035,135.412,135.547,128.579,47.394,45.382,51.345,138.286,43.479,42.845,86.125,91.202,93.890,40.470,30.511,71.587,271.568,97.540,236.816,306.628,226.145,105.695,72.719,76.739,49.762,16.710,31.559,319.496,220.904,129.754,160.252,163.355,50.676,60.131,20.800,57.195,34.299,76.710,65.129,61.372,61.419,58.935,45.852,33.037,58.213,65.404,67.817,64.661,43.958,46.262,47.408,62.456,52.194
9.0,163.703,318.107,229.851,265.864,372.465,280.571,112.370,169.039,179.796,104.208,19.362,33.211,398.182,239.782,142.290,188.947,197.071,28.063,132.720,11.007,42.894,29.968,70.384,148.884,137.797,137.933,130.822,47.302,45.364,51.116,139.839,42.915,42.365,87.003,91.905,94.617,40.015,30.177,72.326,270.229,97.744,235.914,304.995,225.785,105.758,73.846,77.793,50.302,17.070,31.938,317.844,219.845,129.688,160.120,163.273,50.641,60.927,20.622,57.257,34.516,76.790,66.247,62.326,62.374,59.835,46.543,34.476,58.699,66.064,67.814,64.803,44.345,46.581,47.738,62.561,52.424
9.5,165.104,313.798,227.853,262.207,367.514,278.518,111.789,171.690,182.106,105.377,19.350,33.169,393.375,236.335,141.427,187.855,196.037,27.738,134.538,10.963,42.598,29.895,69.982,151.574,140.004,140.141,132.896,47.203,45.339,50.875,141.074,42.344,41.874,87.680,92.391,95.121,39.552,29.834,73.010,268.733,97.620,234.860,303.191,225.331,105.776,74.934,78.800,50.808,17.415,32.301,316.032,218.655,129.568,159.927,163.131,50.567,61.687,20.413,57.284,34.714,76.831,67.317,63.224,63.273,60.681,47.347,36.103,59.227,66.618,67.702,64.855,44.653,46.817,47.982,62.565,52.602
10.0,166.358,309.397,226.603,258.458,362.456,276.419,111.198,174.233,184.283,106.468,19.338,33.124,388.475,232.824,140.551,186.744,194.985,27.410,136.267,10.919,42.299,29.821,69.573,154.106,142.028,142.166,134.796,47.093,45.307,50.621,142.020,41.768,41.375,88.173,92.681,95.423,39.084,29.484,73.649,267.088,97.692,233.659,301.230,224.793,105.757,75.994,79.771,51.286,17.746,32.649,314.074,217.344,129.404,159.685,162.941,50.462,62.419,20.176,57.282,34.896,76.841,68.339,64.065,64.114,61.471,48.208,37.748,59.771,67.075,67.493,64.826,44.890,46.976,48.149,62.479,52.728
10.5,167.497,304.912,225.375,254.625,357.304,274.278,110.597,176.700,186.365,107.501,19.325,33.078,383.492,229.255,139.662,185.616,193.915,27.082,137.933,10.877,41.996,29.745,69.158,156.481,143.862,144.001,136.517,46.973,45.266,50.355,142.707,41.190,40.870,88.503,92.798,95.548,38.612,29.126,74.253,265.306,97.751,232.319,299.121,224.181,105.710,77.034,80.716,51.745,18.066,32.985,311.983,215.921,129.206,159.404,162.714,50.333,63.132,19.916,57.258,35.068,76.827,69.316,64.847,64.896,62.203,49.076,39.315,60.303,67.445,67.200,64.725,45.062,47.069,48.248,62.314,52.803
11.0,168.556,300.356,192.089,250.716,352.067,272.098,109.988,179.125,188.387,108.499,19.310,33.029,378.435,225.638,138.761,184.473,192.830,26.752,139.563,10.836,41.691,29.666,68.738,158.702,145.499,145.637,138.050,46.842,45.215,50.075,143.167,40.613,40.360,88.689,92.768,95.521,38.138,28.763,74.832,263.395,88.121,230.845,296.875,223.503,105.644,78.065,81.646,52.191,18.376,33.312,309.771,214.397,128.985,159.097,162.460,50.187,63.835,19.634,57.221,35.233,76.797,70.246,65.566,65.616,62.875,49.909,40.751,60.800,67.738,66.836,64.563,45.178,47.103,48.287,62.081,52.826
11.5,169.567,295.736,190.290,246.742,346.758,269.882,109.370,181.541,190.385,109.480,19.295,32.977,373.315,221.979,137.850,183.314,191.728,26.422,141.183,10.797,41.383,29.586,68.313,160.770,146.930,147.065,139.388,46.700,45.154,49.782,143.436,40.038,39.849,88.755,92.614,95.366,37.664,28.395,75.396,261.365,87.672,229.240,294.503,222.767,105.567,79.097,82.570,52.632,18.680,33.633,307.449,212.780,128.750,158.773,162.190,50.032,64.536,19.334,57.175,35.394,76.758,71.132,66.221,66.270,63.485,50.669,42.020,61.235,67.965,66.412,64.348,45.246,47.089,48.277,61.791,52.796
12.0,170.559,291.064,222.510,242.711,341.386,267.631,108.743,183.979,192.390,110.465,19.279,32.924,368.140,218.284,136.927,182.140,190.610,26.091,142.817,10.759,41.073,29.504,67.883,162.687,148.146,148.280,140.523,46.547,45.084,49.478,143.549,39.468,39.336,88.723,92.361,95.111,37.192,28.024,75.954,259.223,97.819,227.514,292.013,221.982,105.487,80.139,83.500,53.074,18.978,33.952,305.028,211.078,128.509,158.441,161.914,49.873,65.243,19.016,57.127,35.554,76.716,71.973,66.808,66.857,64.029,51.327,43.101,61.590,68.138,65.942,64.091,45.276,47.035,48.226,61.456,52.715
12.5,171.556,286.349,221.503,238.634,335.963,265.347,108.107,186.469,194.434,111.471,19.262,32.868,362.919,214.561,135.992,180.951,189.477,25.760,144.489,10.723,40.760,29.421,67.448,164.455,149.141,149.273,141.447,46.385,45.005,49.163,143.541,38.903,38.823,88.616,92.035,94.779,36.723,27.650,76.512,256.977,97.889,222.658,289.414,221.153,105.409,81.200,84.442,53.525,19.274,34.270,302.517,209.297,128.270,158.111,161.638,49.715,65.964,18.681,57.082,35.719,76.679,72.769,67.324,67.372,64.505,51.858,43.977,61.845,68.269,65.439,63.800,45.275,46.951,48.145,61.085,52.580
13.0,172.578,281.599,220.607,235.180,330.499,263.033,107.462,189.034,196.538,112.511,19.244,32.809,357.660,210.816,135.046,179.745,188.326,25.428,146.216,10.689,40.444,29.335,67.008,166.075,149.906,150.035,142.151,46.214,44.918,48.840,143.446,38.345,38.311,88.454,91.658,94.395,36.258,27.275,77.079,254.635,97.978,224.094,286.715,220.287,105.340,82.287,85.406,53.989,19.569,34.591,299.925,207.444,128.040,157.788,161.369,49.562,66.705,18.329,57.044,35.889,76.649,73.521,67.766,67.814,64.909,52.244,44.636,61.984,68.368,64.912,63.481,45.252,46.846,48.042,60.691,52.392
13.5,173.639,276.826,219.829,230.377,325.004,260.689,106.808,191.694,198.723,113.596,19.225,32.748,352.369,207.055,134.087,178.522,187.157,25.096,148.013,10.657,40.126,29.247,66.561,167.551,150.529,150.560,142.633,46.038,44.825,48.511,143.295,37.795,37.800,88.258,91.250,93.980,35.796,26.901,77.657,252.204,98.089,224.503,283.922,219.387,105.282,83.407,86.396,54.469,19.866,34.917,297.258,205.524,127.821,157.476,161.112,49.418,67.471,17.957,57.016,36.067,76.630,74.230,68.162,68.178,65.239,52.469,45.068,61.994,68.445,64.374,63.143,45.214,46.727,47.925,60.282,52.151
14.0,174.747,272.037,218.389,226.224,319.489,258.316,106.142,194.463,201.001,114.735,19.204,32.684,347.056,203.284,133.114,177.280,185.968,24.763,149.893,10.626,39.803,29.157,66.109,168.886,150.817,150.843,142.887,45.858,44.729,48.180,143.115,37.252,37.292,88.045,90.830,93.551,35.340,26.528,78.251,249.689,97.990,219.477,281.043,218.456,105.239,84.564,87.417,54.969,20.165,35.250,294.524,203.543,127.617,157.179,160.869,49.283,68.266,17.564,57.000,36.255,76.625,74.896,68.448,68.463,65.494,52.520,45.264,61.866,68.509,63.832,62.789,45.169,46.601,47.800,59.867,51.856
14.5,175.906,267.242,217.793,222.065,313.963,255.915,105.465,197.350,203.379,115.930,19.183,32.617,341.726,199.510,132.126,176.017,184.758,24.429,151.860,10.597,39.478,29.064,65.649,170.080,151.936,150.879,142.905,45.677,44.632,47.849,142.927,36.717,36.786,87.828,90.411,93.124,34.887,26.158,78.860,247.098,98.127,217.221,278.085,217.498,105.212,85.761,88.472,55.490,20.469,35.590,291.729,201.503,127.429,156.898,160.642,49.158,69.091,17.144,56.996,36.453,76.634,75.519,69.000,68.666,65.668,52.387,45.213,61.592,68.569,63.294,62.423,45.121,46.474,47.675,59.452,51.508
15.0,177.114,262.451,218.159,217.911,308.436,253.488,104.776,200.358,205.859,117.183,19.160,32.547,336.386,195.737,131.122,174.732,183.525,24.093,153.916,10.571,39.148,28.969,65.182,171.137,151.770,150.665,142.685,45.498,44.536,47.522,142.747,36.189,36.282,87.617,90.002,92.707,34.440,25.792,79.484,244.436,98.551,214.874,275.053,216.512,105.199,86.999,89.559,56.032,20.776,35.939,288.876,199.409,127.256,156.631,160.429,49.042,69.947,16.691,57.004,36.661,76.657,76.099,69.142,68.784,65.762,52.062,44.904,61.164,68.628,62.765,62.048,45.075,46.349,47.551,59.043,51.106
15.5,178.364,257.672,217.708,213.773,302.919,251.034,104.073,203.486,208.437,118.492,19.136,32.473,331.044,191.972,130.100,173.423,182.267,23.755,156.062,10.546,38.814,28.872,64.707,172.060,150.127,150.198,142.227,45.324,44.443,47.203,142.583,35.668,35.782,87.418,89.609,92.307,33.997,25.432,80.123,241.708,98.721,212.446,271.954,215.499,105.201,88.277,90.680,56.594,21.089,36.296,285.972,197.265,127.096,156.376,160.229,48.934,70.834,16.199,57.023,36.879,76.693,76.638,68.792,68.816,65.772,51.536,44.320,60.579,68.691,62.246,61.663,45.032,46.229,47.433,58.641,50.650
16.0,179.645,252.914,217.274,209.661,297.421,248.555,103.355,206.728,211.105,119.853,19.110,32.396,325.706,188.221,129.060,172.089,180.983,23.416,158.290,10.523,38.475,28.771,64.224,172.854,149.323,149.480,141.529,45.158,44.357,46.894,142.437,35.154,35.286,87.232,89.232,91.923,33.558,25.079,80.772,238.920,98.887,209.939,268.794,214.459,105.213,89.595,91.831,57.176,21.406,36.661,283.018,195.072,126.947,156.131,160.039,48.832,71.751,15.656,57.051,37.107,76.740,77.135,68.708,68.759,65.699,50.802,43.438,59.833,68.757,61.739,61.266,44.993,46.114,47.319,58.247,50.141
16.5,180.947,248.185,218.015,205.585,291.952,246.051,102.623,210.075,213.853,121.258,19.083,32.316,320.379,184.489,127.999,170.728,179.672,23.075,160.596,10.502,38.131,28.667,63.731,173.525,147.409,148.513,140.596,45.003,44.281,46.599,142.301,34.647,34.793,87.053,88.868,91.552,33.124,24.733,81.427,236.077,99.403,207.361,265.577,213.392,105.234,90.949,93.010,57.774,21.728,37.033,280.020,192.834,126.804,155.891,159.854,48.733,72.694,15.050,57.086,37.343,76.795,77.593,68.251,68.615,65.540,49.846,42.216,58.923,68.825,61.240,60.853,44.957,46.003,47.209,57.858,49.578
17.0,182.253,243.495,217.882,201.555,286.521,243.524,101.874,213.515,216.669,122.700,19.055,32.231,315.070,180.783,126.918,169.339,178.331,22.732,162.968,10.484,37.783,28.561,63.229,174.077,146.253,147.299,139.427,44.861,44.215,46.321,142.162,34.146,34.305,86.873,88.506,91.184,32.693,24.397,82.085,233.184,99.655,204.718,262.309,212.295,105.259,92.337,94.214,58.386,22.054,37.411,276.981,190.552,126.664,155.652,159.670,48.633,73.662,14.362,57.125,37.585,76.855,78.012,68.028,68.381,65.295,48.655,40.591,57.846,68.890,60.746,60.420,44.920,45.891,47.099,57.471,48.960
17.5,183.549,238.852,216.709,197.581,281.139,240.975,101.109,217.037,219.536,124.171,19.025,32.143,309.785,177.109,125.814,167.920,176.960,22.387,165.397,10.468,37.428,28.451,62.718,174.512,145.757,145.837,138.023,44.734,44.164,46.062,141.999,33.652,33.822,86.680,88.134,90.805,32.266,24.071,82.741,230.245,99.575,202.014,258.995,211.169,105.286,93.755,95.437,59.008,22.382,37.794,273.903,188.230,126.522,155.408,159.483,48.531,74.650,13.568,57.165,37.832,76.917,78.393,68.022,68.055,64.962,47.212,38.445,56.601,68.944,60.249,59.959,44.876,45.774,46.983,57.080,48.287
18.0,184.820,234.265,216.465,193.671,275.813,238.406,100.327,220.625,222.442,125.662,18.993,32.050,304.531,173.471,124.689,166.470,175.557,22.040,167.873,10.455,37.069,28.337,62.195,174.833,144.052,144.126,136.384,44.625,44.127,45.827,141.783,33.165,33.345,86.454,87.734,90.397,31.844,23.757,83.389,227.267,99.772,199.256,255.642,210.012,105.311,95.199,96.677,59.639,22.713,38.179,270.791,185.871,126.374,155.156,159.287,48.422,75.657,12.629,57.204,38.083,76.979,78.735,67.603,67.635,64.540,45.488,35.508,55.186,68.978,59.740,59.465,44.818,45.643,46.854,56.674,47.560
18.5,186.052,229.740,216.192,189.835,270.553,235.817,99.527,224.268,225.371,127.164,18.959,31.953,299.315,169.877,123.540,164.990,174.122,21.691,170.384,10.444,36.703,28.220,61.663,175.045,142.097,142.167,134.508,44.535,44.106,45.615,141.480,32.684,32.876,86.173,87.285,89.938,31.427,23.455,84.026,224.253,99.954,196.449,252.253,208.825,105.329,96.665,97.928,60.275,23.045,38.566,267.649,183.477,126.216,154.890,159.079,48.305,76.677,11.478,57.239,38.335,77.036,79.040,67.088,67.118,64.024,43.438,30.900,53.601,68.978,59.208,58.928,44.737,45.492,46.702,56.243,46.777
19.0,187.232,225.285,215.877,186.081,265.369,233.212,98.709,227.953,228.313,128.671,18.924,31.852,294.142,166.331,122.368,163.478,172.654,21.341,172.922,10.436,36.332,28.099,61.120,175.149,139.891,139.956,132.392,44.464,51.895,45.428,141.049,32.212,32.414,85.812,86.761,89.403,31.015,23.167,84.647,221.210,100.116,193.600,248.836,207.607,105.339,98.151,99.188,60.913,23.377,38.954,264.480,181.052,126.045,154.608,158.855,48.176,77.710,9.982,57.267,38.588,77.088,79.308,66.474,66.503,63.414,40.979,27.464,51.842,68.931,58.639,58.338,44.622,45.308,46.518,55.775,45.938
19.5,188.349,220.909,215.508,182.418,260.267,230.590,97.873,231.671,231.255,130.175,18.887,31.746,289.021,162.839,121.173,161.934,171.152,20.989,175.480,10.431,35.956,27.975,60.566,175.152,137.431,137.492,130.037,44.414,61.230,45.267,140.445,31.750,31.963,85.342,86.137,88.765,30.610,22.893,85.249,218.142,100.255,190.713,245.396,206.359,105.338,99.654,100.454,61.552,23.709,39.341,261.289,178.599,125.859,154.305,158.611,48.034,78.751,7.771,57.288,38.839,77.131,79.540,65.757,65.784,62.704,37.939,33.885,49.904,68.820,58.020,57.685,44.462,45.080,46.290,55.256,45.041
20.0,189.396,216.617,215.397,178.852,255.256,227.955,97.019,235.414,234.192,131.674,18.847,31.635,283.955,159.407,119.953,160.357,169.617,20.637,178.051,11.870,35.574,27.847,60.001,175.057,134.714,134.771,127.437,44.383,67.098,45.132,139.618,31.298,31.525,84.731,85.382,87.992,30.214,22.634,85.829,215.056,100.468,187.795,241.938,205.083,105.324,101.171,101.722,62.190,24.040,39.726,258.081,176.122,125.655,153.981,158.346,47.878,79.801,2.950,57.300,39.089,77.164,79.737,64.933,64.959,61.892,33.855,37.309,47.780,68.625,57.333,56.955,44.242,44.796,46.004,54.669,44.085
20.5,190.366,212.416,214.744,175.391,250.343,225.307,96.146,239.178,237.117,133.163,18.806,31.518,278.952,156.038,118.711,158.748,168.047,20.283,180.632,17.093,35.187,27.714,59.426,174.872,131.734,131.787,124.587,44.372,71.521,45.023,138.515,30.859,31.100,83.947,84.466,87.054,29.828,22.391,86.384,211.957,100.508,184.850,238.471,203.781,105.297,102.701,102.993,62.825,24.369,40.108,254.861,173.625,125.432,153.634,158.059,47.707,80.857,8.270,57.302,39.337,77.187,79.901,63.996,64.021,60.972,25.904,39.703,45.456,68.327,56.563,56.135,43.947,44.442,45.646,53.999,43.064
21.0,191.257,208.311,213.694,172.040,245.534,222.649,95.254,242.962,240.032,134.642,18.763,31.397,274.015,152.738,117.445,157.107,166.443,19.930,183.224,20.048,34.795,27.578,58.840,174.603,128.484,128.534,121.481,57.801,74.942,44.938,137.083,30.436,30.692,82.953,83.357,85.917,29.454,22.165,86.915,208.852,100.411,181.885,235.000,202.455,105.256,104.245,104.265,63.459,24.697,40.488,251.637,171.114,125.191,153.264,157.749,47.520,81.919,10.587,57.294,39.582,77.199,80.033,62.940,62.964,59.938,31.674,41.472,42.908,67.905,55.690,55.211,43.563,44.004,45.202,53.227,41.977
21.5,192.069,204.307,213.084,168.805,240.835,219.982,94.343,246.770,242.937,136.114,18.717,31.271,269.149,149.510,116.155,155.433,164.804,19.576,185.827,22.464,34.398,27.438,58.244,174.261,124.952,124.999,118.112,64.024,77.528,44.876,135.263,30.031,30.303,81.715,82.023,84.549,29.095,21.956,87.421,205.748,100.446,178.905,231.534,201.111,105.202,105.803,105.539,64.091,25.024,40.866,248.415,168.594,124.931,152.871,157.417,47.319,82.989,12.310,57.277,39.826,77.202,80.137,61.757,61.780,58.783,35.545,42.769,40.090,67.333,54.696,54.167,43.072,43.464,44.655,52.333,40.816
22.0,192.805,200.408,212.405,165.691,236.251,217.306,93.414,250.606,245.839,137.581,18.669,31.139,264.359,146.358,114.841,153.726,163.131,19.223,188.448,24.610,33.996,27.293,57.637,173.857,121.125,121.169,114.458,68.049,79.347,44.833,132.998,29.647,29.937,80.194,80.430,82.914,28.755,21.765,87.901,202.652,100.451,175.917,228.080,199.752,105.136,107.377,106.817,64.723,25.350,41.242,245.202,166.071,124.656,152.458,157.065,47.103,84.069,13.746,57.251,40.068,77.196,80.216,60.436,60.458,57.495,37.833,43.664,36.903,66.588,53.559,52.983,42.454,42.806,43.987,51.298,39.574
22.5,193.467,196.617,211.658,162.701,231.786,214.622,92.465,254.481,248.746,139.048,18.619,31.001,259.645,143.284,113.504,151.987,161.422,18.871,191.093,26.590,33.589,27.144,57.019,173.405,116.982,117.024,110.500,70.713,80.423,44.808,130.225,29.288,29.595,78.352,78.541,80.976,28.435,21.591,88.357,199.572,100.427,172.927,224.648,198.385,105.061,108.970,108.102,65.357,25.676,41.617,242.008,163.552,124.367,152.027,156.694,46.874,85.159,15.010,57.220,40.309,77.184,80.273,58.963,58.984,56.058,39.279,44.189,33.096,65.639,52.255,51.640,41.690,42.010,43.179,50.097,38.241
23.0,194.062,192.937,210.849,159.837,227.442,211.931,91.497,258.408,251.669,140.522,18.567,30.857,255.011,140.291,112.143,150.213,159.677,18.520,193.772,28.462,33.177,26.991,56.390,172.918,112.495,112.534,106.219,72.294,80.757,44.798,126.875,28.956,29.281,76.144,76.318,78.693,28.139,21.437,88.791,196.517,100.375,169.943,221.246,197.015,104.979,110.585,109.396,65.994,26.002,41.993,238.841,161.044,124.066,151.581,156.310,46.634,86.264,16.159,57.183,40.552,77.167,80.314,57.318,57.339,54.458,40.115,44.355,27.573,64.452,50.754,50.112,40.755,41.053,42.207,48.701,36.803
23.5,194.595,189.368,209.981,157.102,223.220,209.232,90.509,262.402,254.624,142.012,18.512,30.708,250.456,137.380,110.757,148.406,157.895,18.170,196.498,30.261,32.760,26.834,55.750,172.416,107.623,107.661,101.574,72.903,80.328,52.675,122.870,28.656,28.998,73.521,73.714,76.019,27.870,21.301,89.203,193.497,100.297,166.972,217.885,195.650,104.893,112.228,110.703,66.637,26.331,42.371,235.710,158.555,123.758,151.123,155.913,46.383,87.387,17.227,57.144,40.797,77.148,80.344,55.476,55.496,52.669,40.435,44.154,27.908,62.986,49.022,48.365,39.618,39.906,41.041,47.076,35.241
24.0,195.074,185.911,209.057,154.497,219.121,206.524,89.501,266.481,257.623,143.526,18.454,30.552,245.981,134.551,109.346,146.563,156.075,17.821,199.283,32.010,32.339,26.671,55.099,171.917,102.311,102.347,96.510,72.573,79.093,56.865,118.109,28.390,28.748,70.419,70.670,72.893,27.631,21.183,89.596,190.521,100.192,164.024,214.576,194.296,104.806,113.903,112.028,67.290,26.663,42.752,232.626,156.094,123.446,150.657,155.510,46.124,88.532,18.236,57.105,41.047,77.129,80.369,53.399,53.418,50.652,40.263,43.559,30.984,61.185,47.007,46.353,38.237,38.531,39.642,45.173,33.526
24.5,195.503,182.564,208.081,152.020,215.143,203.805,88.471,270.661,260.683,145.073,18.394,30.390,241.582,131.804,107.909,144.684,154.215,17.474,202.142,33.728,31.912,26.504,54.436,171.444,96.470,96.505,90.944,71.274,76.978,58.389,112.458,28.162,28.534,66.752,67.106,69.232,27.427,21.085,89.972,187.599,100.063,161.107,211.329,192.961,104.721,115.615,113.376,67.956,27.000,43.140,229.598,153.668,123.133,150.188,155.102,45.858,89.704,19.202,57.067,41.303,77.114,80.397,51.028,51.047,48.354,39.580,42.519,32.011,58.969,44.639,44.009,36.555,36.871,37.952,42.922,31.614
25.0,195.886,179.325,207.052,149.670,211.284,201.073,87.418,274.963,263.819,146.663,18.331,30.220,237.257,129.137,106.444,142.766,152.313,17.129,205.088,35.431,31.480,26.332,53.761,171.018,89.960,89.995,84.742,68.905,73.847,58.140,105.711,27.975,28.360,62.388,62.895,64.906,27.258,21.006,90.330,184.744,99.908,158.233,208.155,191.652,104.642,117.370,114.751,68.637,27.343,43.535,226.636,151.288,122.823,149.718,154.693,45.586,90.907,20.138,57.034,41.567,77.106,80.436,48.272,48.291,45.683,38.302,40.931,31.843,56.211,41.798,41.221,34.478,34.835,35.879,40.209,29.437
25.5,196.226,176.190,226.901,147.444,207.540,198.324,86.342,279.404,267.046,148.304,18.264,30.044,233.001,126.550,104.951,140.808,150.367,16.786,208.135,37.130,31.043,26.154,53.073,170.665,82.534,82.569,77.669,65.210,69.425,56.116,97.502,27.831,28.226,57.095,57.816,59.687,27.129,20.945,90.673,181.965,106.407,155.412,205.067,190.374,104.570,119.174,116.156,69.337,27.694,43.940,223.749,148.961,122.518,149.250,154.288,45.309,92.144,21.051,57.007,41.841,77.106,80.494,44.960,44.978,42.475,36.221,38.585,30.457,52.676,38.264,37.786,31.832,32.256,33.253,36.821,26.867
26.0,196.521,173.155,226.241,145.339,203.904,195.554,85.240,284.000,270.375,150.003,18.195,29.860,228.809,124.038,103.427,138.807,148.375,16.446,211.294,38.836,30.600,25.971,52.371,170.408,73.677,73.711,69.235,59.478,63.024,51.240,87.042,27.733,28.134,50.367,51.386,53.079,27.041,20.904,90.999,179.275,106.516,152.659,202.076,189.133,104.509,121.030,117.597,70.057,28.054,44.357,220.946,146.696,122.219,148.787,153.886,45.026,93.421,21.951,56.987,42.127,77.116,80.579,40.725,40.744,38.377,32.724,34.920,26.719,47.832,33.532,33.235,28.222,28.751,29.684,32.272,23.628
26.5,196.766,170.213,203.326,143.350,200.372,192.759,84.112,288.763,273.814,151.764,18.123,29.667,224.674,121.598,101.871,136.761,146.333,16.107,214.575,40.560,30.151,25.781,51.655,170.273,61.880,61.913,58.004,44.811,50.951,44.856,71.635,27.684,28.087,40.475,41.953,43.385,26.997,20.881,91.306,176.685,99.301,149.986,199.192,187.933,104.458,122.943,119.074,70.800,28.424,44.786,218.235,144.501,121.930,148.329,153.490,44.737,94.739,22.844,56.976,42.425,77.137,80.700,34.410,34.429,32.266,21.761,26.429,28.323,39.675,25.691,25.876,22.163,22.882,23.707,24.722,18.850
27.0,196.952,167.359,202.006,141.470,196.935,189.934,82.956,293.704,277.369,153.592,18.046,29.466,220.588,119.226,100.280,134.666,144.238,15.771,217.986,42.310,29.696,25.585,50.923,170.282,41.543,41.577,38.647,44.802,44.983,44.845,52.016,46.331,44.919,27.892,29.965,31.064,44.641,28.448,91.591,174.205,99.011,147.411,196.426,186.777,104.419,124.917,120.591,71.567,28.805,45.229,215.621,142.385,121.648,147.876,153.099,44.441,96.101,23.734,56.972,42.737,77.170,80.866,28.875,28.894,26.912,33.486,33.919,32.954,39.889,25.895,25.013,22.322,23.035,23.863,24.918,14.683
27.5,197.065,164.583,200.580,139.693,193.583,187.072,81.769,298.826,281.040,155.484,17.966,29.256,216.542,116.917,98.652,132.520,142.088,15.438,221.527,44.093,29.233,25.382,50.175,170.458,41.513,41.547,38.619,44.773,44.951,44.822,51.958,61.181,59.305,27.867,29.942,31.040,58.684,38.349,91.850,171.844,98.676,144.949,193.787,185.666,104.391,126.952,122.148,72.357,29.197,45.686,213.108,140.352,121.373,147.426,152.712,44.134,97.508,24.625,56.976,43.061,77.214,81.085,37.907,37.926,35.650,37.911,38.947,36.200,48.201,33.885,32.968,28.495,29.016,29.954,32.612,21.492
28.0,197.085,161.878,199.025,138.010,190.308,184.168,80.550,304.128,284.822,157.439,17.882,29.036,212.526,114.667,96.985,130.319,139.877,15.107,225.199,45.913,28.764,25.172,49.409,170.818,41.443,41.477,38.556,44.724,44.893,44.785,51.842,71.791,69.385,27.816,29.896,30.991,68.702,44.591,92.076,169.612,98.287,142.617,191.283,184.597,104.371,129.048,123.743,73.169,29.600,46.156,210.698,138.408,121.103,146.976,152.325,43.813,98.960,25.522,56.985,43.399,77.267,81.363,42.655,42.674,40.245,41.171,42.505,38.854,53.319,38.885,37.822,32.309,32.719,33.726,37.418,25.104
28.5,196.988,159.234,197.313,136.413,187.098,181.215,79.297,309.602,288.702,159.449,17.794,28.805,208.531,112.469,95.278,128.060,137.603,14.780,228.994,47.775,28.286,24.954,48.624,171.377,41.336,41.370,38.458,44.652,44.810,44.732,51.667,80.576,77.657,27.740,29.826,30.918,76.974,49.521,92.261,167.513,97.834,140.402,188.916,183.567,104.357,131.206,125.373,74.001,30.014,46.639,208.388,136.555,120.832,146.522,151.934,43.474,100.454,26.425,56.996,43.748,77.327,81.707,46.076,46.095,43.556,43.832,45.355,41.133,57.182,42.743,41.530,35.201,35.537,36.595,41.116,27.740
29.0,196.747,156.642,195.410,134.896,183.942,178.207,78.008,315.235,292.666,161.505,17.701,28.563,204.547,110.318,93.527,125.741,135.263,14.457,232.901,49.682,27.801,24.728,47.821,172.146,41.191,41.225,38.326,44.557,44.699,44.664,51.434,88.235,84.817,27.639,29.733,30.820,84.160,53.682,92.396,165.552,97.304,138.425,186.691,182.571,104.342,133.420,127.035,74.851,30.438,47.132,206.175,134.795,120.556,146.056,151.532,43.110,101.989,27.335,57.008,44.107,77.389,82.119,48.773,48.792,46.169,46.097,47.752,43.136,60.307,45.953,44.592,37.553,37.843,38.942,44.182,29.854
29.5,196.327,154.091,193.281,133.436,180.830,175.136,76.681,321.007,296.692,163.591,17.604,28.310,200.563,108.208,91.732,123.358,132.853,14.138,236.905,51.632,27.308,24.494,46.997,173.127,41.011,41.044,38.161,44.439,44.561,44.578,51.143,95.082,91.178,27.513,29.618,30.698,90.556,57.306,92.468,163.728,96.683,136.619,184.605,181.599,104.323,135.687,128.722,75.712,30.869,47.634,204.053,133.125,120.268,145.573,151.112,42.716,103.559,28.254,57.015,44.473,77.449,82.603,50.990,51.009,48.318,48.065,49.817,44.914,62.918,48.728,47.222,39.532,39.797,40.931,46.820,31.628
30.0,195.692,151.572,190.884,132.036,177.749,171.998,75.316,326.891,300.752,165.694,17.501,28.044,196.570,106.134,89.890,120.910,130.371,13.825,240.985,53.624,26.808,24.250,46.153,174.320,40.796,40.830,37.966,44.297,44.395,44.475,50.796,101.291,96.911,27.363,29.479,30.553,96.323,60.516,92.466,162.040,95.952,134.930,182.654,180.642,104.293,137.999,130.427,76.581,31.305,48.140,202.010,131.542,119.961,145.063,150.666,42.284,105.159,29.180,57.012,44.842,77.501,83.157,52.852,52.872,50.126,49.796,51.619,46.505,65.138,51.184,49.533,41.229,41.487,42.650,49.140,33.156
30.5,194.804,149.074,188.174,130.681,174.689,168.786,73.910,332.859,304.817,167.793,17.393,27.766,192.559,104.091,88.001,118.396,127.814,13.518,245.117,55.654,26.299,23.997,45.287,175.718,40.549,40.583,37.741,44.132,44.203,44.355,50.395,106.971,102.122,27.189,29.318,30.383,101.564,63.387,92.375,160.480,95.094,133.485,180.830,179.689,104.244,140.350,132.143,77.451,31.744,48.647,200.036,130.040,119.627,144.517,150.184,41.807,106.782,30.111,56.995,45.212,77.541,83.780,54.436,54.456,51.664,51.331,53.205,47.935,67.040,53.390,51.595,42.698,42.967,44.155,51.211,34.492
31.0,193.621,146.588,185.103,129.360,171.639,165.496,72.464,338.874,308.855,169.870,17.279,27.474,188.521,102.074,86.066,115.814,125.181,13.217,249.275,57.717,25.783,23.734,44.401,177.308,40.271,40.304,37.487,43.944,43.985,44.218,49.941,112.197,106.882,26.993,29.136,30.191,106.349,65.969,92.180,159.040,94.087,132.244,179.122,178.726,104.169,142.731,133.860,78.317,32.183,49.150,198.115,128.610,119.258,143.927,149.658,41.277,108.421,31.046,56.958,45.579,77.561,84.468,55.788,55.809,52.980,52.698,54.609,49.227,68.678,55.392,53.455,43.978,44.272,45.482,53.076,35.672
31.5,192.103,144.105,181.187,128.062,168.589,162.123,70.977,344.900,312.831,171.903,17.160,27.168,184.449,100.078,84.082,113.163,122.472,12.925,253.431,59.806,25.260,23.461,43.493,179.074,39.963,39.997,37.207,43.733,43.741,44.063,49.437,117.026,111.248,26.775,28.932,29.976,110.731,68.293,91.866,157.708,92.747,131.207,177.518,177.742,104.061,145.132,135.568,79.170,32.619,49.646,196.234,127.245,118.845,143.283,149.076,40.685,110.067,31.982,56.897,45.938,77.555,85.216,56.943,56.964,54.105,53.923,55.856,50.403,70.088,57.227,55.144,45.097,45.431,46.660,54.769,36.721
32.0,190.208,141.616,299.874,126.777,165.529,158.666,69.449,350.901,316.712,173.872,17.035,26.847,180.338,98.101,82.053,110.446,119.686,12.643,257.555,61.912,24.731,23.178,42.565,180.996,39.629,39.663,36.903,43.500,43.471,43.890,48.884,121.505,115.262,26.536,28.708,29.740,114.755,70.385,91.415,156.471,129.753,130.366,176.002,176.722,103.912,147.542,137.259,80.006,33.048,50.129,194.377,125.933,118.382,142.576,148.432,40.024,111.714,32.915,56.806,46.284,77.518,86.017,57.925,57.946,55.063,55.028,56.971,51.480,71.301,58.918,56.688,46.075,46.463,47.708,56.315,37.654
32.5,187.895,139.114,301.954,125.495,162.452,155.120,67.881,356.836,320.465,175.757,16.904,26.513,176.182,96.139,79.978,107.664,116.824,12.371,261.619,64.027,24.196,22.885,41.617,183.050,39.270,39.303,36.575,43.246,43.178,43.701,48.286,125.674,118.963,26.278,28.464,29.484,118.460,72.262,90.812,155.313,131.416,129.709,174.559,175.656,103.716,149.954,138.923,80.817,33.467,50.595,192.528,124.665,117.860,141.799,147.716,39.285,113.352,33.842,56.680,46.615,77.443,86.863,58.751,58.773,55.873,56.032,57.974,52.478,72.340,60.488,58.108,46.932,47.386,48.644,57.735,38.486
33.0,185.122,136.593,171.109,124.205,159.350,151.487,66.274,362.670,324.058,177.540,16.766,26.163,171.978,94.190,77.861,104.818,113.889,12.112,265.593,66.138,23.656,22.582,40.651,185.211,38.887,38.921,36.227,42.970,42.861,43.495,47.645,129.570,122.384,26.002,28.201,29.207,121.881,73.939,90.036,154.219,89.734,129.221,173.170,174.530,103.466,152.355,140.550,81.598,33.872,51.040,190.673,123.429,117.273,140.945,146.921,38.458,114.973,34.760,56.516,46.926,77.327,87.746,59.435,59.459,56.545,56.953,58.884,53.414,73.229,61.955,59.421,47.683,48.213,49.483,59.046,39.224
33.5,181.848,134.046,164.935,122.900,156.218,147.766,64.629,368.366,327.463,179.202,16.623,25.799,167.725,92.253,75.704,101.913,110.883,11.867,269.451,68.237,23.113,22.269,39.667,187.455,38.484,38.518,35.860,42.673,42.520,43.271,46.962,133.227,125.556,25.708,27.920,28.911,125.050,75.426,89.069,153.172,87.326,128.881,171.821,173.335,103.159,154.736,142.133,82.342,34.261,51.458,188.798,122.215,116.618,140.009,146.042,37.534,116.570,35.664,56.311,47.213,77.164,88.659,59.991,60.015,57.091,57.809,59.717,54.306,73.985,63.334,60.640,48.342,48.959,50.239,60.264,39.878
34.0,178.030,131.469,157.741,121.571,153.049,143.958,62.948,373.891,330.655,180.729,16.474,25.421,163.421,90.327,73.510,98.951,107.809,11.636,273.168,70.312,22.569,21.946,38.667,189.756,38.063,38.096,35.476,42.355,42.156,43.029,46.241,136.679,128.510,25.397,27.621,28.596,128.000,76.733,87.888,152.156,84.395,128.665,170.494,172.062,102.788,157.089,143.662,83.046,34.631,51.847,186.891,121.015,115.888,138.985,145.072,36.504,118.135,36.551,56.061,47.474,76.951,89.592,60.426,60.451,57.523,58.615,60.490,55.168,74.625,64.640,61.780,48.920,49.633,50.922,61.402,40.452
34.5,173.619,128.859,149.160,120.210,149.842,140.067,61.235,379.215,333.612,182.109,16.318,25.028,159.069,88.411,71.283,95.940,104.672,11.423,276.721,72.352,22.023,21.614,37.652,192.088,37.625,37.658,35.077,42.015,41.770,42.769,45.482,139.954,131.273,25.071,27.305,28.263,130.758,77.866,86.468,151.157,80.705,128.550,169.175,170.703,102.350,159.404,145.132,83.703,34.978,52.202,184.940,119.819,115.082,137.870,144.009,35.356,119.661,37.417,55.765,47.705,76.685,90.538,60.749,60.775,57.847,59.385,61.216,56.013,75.165,65.884,62.851,49.429,50.247,51.542,62.471,40.951
35.0,168.561,126.211,138.392,118.812,146.592,136.095,59.491,384.310,336.314,183.329,16.157,24.621,154.669,86.506,69.028,92.883,101.477,11.228,280.090,74.345,21.478,21.272,36.626,194.498,37.173,37.206,34.666,41.653,41.360,42.489,44.688,143.082,133.869,24.731,26.972,27.912,133.351,78.833,84.775,150.160,75.713,128.510,167.848,169.253,101.844,161.673,146.536,84.312,35.301,52.520,182.938,118.619,114.198,136.664,142.849,34.075,121.143,38.259,55.421,47.903,76.364,91.511,60.967,60.993,58.069,60.130,61.908,56.854,75.616,67.078,63.865,49.878,50.808,52.109,63.484,41.379
35.5,162.786,123.526,122.638,117.370,143.300,132.049,57.720,389.152,338.748,184.381,15.990,24.200,150.226,84.613,66.750,89.787,98.230,11.052,283.256,76.282,20.936,20.922,35.590,196.824,36.710,36.743,34.245,41.269,40.927,42.189,43.860,146.085,136.322,24.376,26.623,27.544,135.802,79.638,82.770,149.153,67.325,128.525,166.504,167.706,101.266,163.888,147.867,84.868,35.597,52.799,180.877,117.411,113.234,135.364,141.592,32.644,122.575,39.073,55.029,48.067,75.987,92.461,61.085,61.113,58.196,60.859,62.574,57.696,75.992,68.231,64.829,50.275,51.325,52.631,64.447,41.740
36.0,156.196,120.802,103.615,115.880,139.965,127.933,55.926,393.720,340.902,185.259,15.817,23.767,145.744,82.734,64.453,86.658,94.938,10.896,286.205,78.152,20.397,20.565,34.547,199.043,36.238,36.270,33.815,40.861,40.469,41.867,43.000,148.985,138.651,24.008,26.257,27.158,138.131,80.288,80.391,148.125,68.126,128.567,165.129,166.059,100.617,166.042,149.123,85.368,35.863,53.035,178.751,116.188,112.191,133.972,140.238,31.039,123.951,39.857,54.588,48.194,75.552,93.378,61.110,61.138,58.232,61.578,63.223,58.545,76.300,69.350,65.751,50.627,51.803,53.113,65.370,42.036
36.5,148.647,118.039,103.556,114.339,136.587,123.754,54.112,397.995,342.766,185.958,15.640,23.321,141.227,80.868,62.143,83.505,91.607,10.762,288.922,79.946,19.863,20.200,33.499,201.278,35.759,35.791,33.380,40.429,39.986,41.522,42.109,151.796,140.872,23.626,25.875,26.756,140.350,80.786,77.550,147.065,76.181,128.615,163.716,164.312,99.896,168.129,150.297,85.812,36.099,53.227,176.557,114.948,111.069,132.488,138.786,29.224,125.266,40.606,54.099,48.284,75.060,94.304,61.045,61.074,58.182,62.290,63.857,59.401,76.549,70.441,66.637,50.940,52.248,53.561,66.256,42.269
37.0,139.897,115.238,103.441,112.743,133.168,119.520,52.283,401.961,344.335,186.475,15.457,22.864,136.683,79.019,59.825,80.333,88.244,10.650,291.398,81.654,19.336,19.829,32.448,203.441,35.276,35.308,32.940,39.971,39.478,41.153,41.187,154.528,142.995,23.233,25.478,26.337,142.471,81.136,74.095,145.967,81.145,128.678,162.257,162.462,99.102,170.142,151.387,86.196,36.303,53.373,174.293,113.687,109.871,130.915,137.239,27.145,126.518,41.320,53.563,48.334,74.511,95.209,60.895,60.925,58.049,62.995,64.477,60.261,76.742,71.508,67.492,51.216,52.662,53.978,67.110,42.441
37.5,129.486,112.400,103.270,111.087,129.711,115.238,50.443,405.606,345.607,186.809,15.270,22.397,132.119,77.189,57.506,77.151,84.858,10.561,293.622,83.269,18.818,19.452,31.398,205.517,34.791,34.823,32.499,39.486,38.942,40.757,40.235,157.186,145.027,22.827,25.064,25.901,144.497,81.342,69.726,144.822,84.869,128.687,160.745,160.512,98.238,172.076,152.391,86.521,36.474,53.471,171.959,112.404,108.597,129.255,135.599,24.711,127.701,41.995,52.980,48.344,73.905,96.090,60.664,60.694,57.838,63.689,65.082,61.121,76.884,72.553,68.317,51.458,53.047,54.365,67.934,42.553
38.0,116.297,109.529,103.043,109.377,126.218,110.917,48.596,408.919,346.579,186.961,15.080,21.921,127.541,75.379,55.191,73.967,81.456,10.494,295.589,84.782,18.309,19.070,30.351,207.492,34.306,34.337,32.058,38.973,38.379,40.333,39.255,159.769,146.971,22.410,24.635,25.449,146.427,81.406,63.692,143.627,87.856,128.642,159.178,158.462,97.304,173.926,153.305,86.786,36.610,53.521,169.554,111.100,107.251,127.512,133.868,21.744,128.812,42.629,52.353,48.314,73.245,96.942,60.354,60.385,57.551,64.369,65.668,61.972,76.975,73.576,69.114,51.667,53.404,54.722,68.727,42.607
38.5,95.128,106.627,102.763,107.608,122.694,106.567,46.746,411.891,347.255,186.932,14.885,21.436,122.957,73.591,52.885,70.788,78.047,10.451,297.292,86.186,17.811,18.684,29.310,209.356,33.824,33.854,31.619,38.432,37.787,39.881,38.248,162.271,148.823,21.981,24.191,24.980,148.256,81.331,52.013,142.378,90.328,128.572,157.551,156.315,96.302,175.686,154.129,86.989,36.710,53.521,167.081,109.773,105.837,125.690,132.051,17.817,129.850,43.220,51.684,48.242,72.530,97.760,59.968,60.000,57.191,65.025,66.228,62.804,77.014,74.575,69.882,51.841,53.730,55.049,69.488,42.603
39.0,80.976,103.697,102.432,105.782,119.144,102.196,44.899,414.516,347.635,186.725,14.688,20.945,118.375,71.828,50.596,67.622,74.638,10.431,298.728,87.475,17.326,18.296,28.276,211.098,33.346,33.376,31.185,37.861,37.167,39.398,37.214,164.680,150.577,21.543,23.731,24.495,149.975,81.119,59.882,141.071,92.404,128.439,155.863,154.073,95.234,177.353,154.861,87.131,36.775,53.471,164.541,108.427,104.356,123.792,130.151,11.080,130.810,43.766,50.974,48.129,71.764,98.543,59.076,59.541,56.760,65.651,66.756,63.608,76.999,75.546,70.620,51.980,54.025,55.343,70.214,42.542
39.5,80.888,100.743,102.051,103.898,115.571,97.816,43.058,416.786,347.725,186.342,14.488,20.448,113.804,70.091,48.327,64.477,71.239,24.150,299.892,88.644,16.853,17.905,27.254,212.711,32.899,32.904,30.756,37.260,36.517,38.885,36.156,166.984,152.226,21.094,23.257,23.995,151.572,80.770,67.136,139.706,94.154,128.238,154.114,151.742,94.102,178.923,155.500,87.212,36.802,53.370,161.938,107.063,102.813,121.824,128.172,13.447,131.690,44.265,50.225,47.974,70.947,99.287,58.510,59.009,56.258,66.237,67.244,64.372,76.928,76.486,71.323,52.080,54.285,55.601,70.901,42.423
40.0,80.733,97.770,101.624,101.959,111.981,93.434,41.229,418.699,347.528,185.788,14.286,19.947,109.252,68.382,46.085,61.361,67.858,32.984,300.784,89.686,16.395,17.514,26.245,214.187,32.439,32.442,30.336,36.629,35.839,38.341,35.076,169.164,153.755,20.637,22.768,23.479,153.032,80.285,71.886,138.283,108.126,127.966,152.304,149.324,92.909,180.391,156.045,87.233,36.793,53.219,159.275,105.684,101.211,119.789,126.118,18.789,132.488,44.717,49.440,47.777,70.081,99.990,58.345,58.406,55.687,66.775,67.683,65.087,76.795,77.390,71.989,52.139,54.505,55.820,71.544,42.246
40.5,80.514,94.781,100.298,99.967,108.380,89.063,39.415,420.249,347.050,185.066,14.083,19.443,104.727,66.704,43.875,58.281,64.502,39.282,301.400,90.596,15.952,17.123,25.252,215.521,31.987,31.990,29.925,35.969,35.132,37.766,33.974,171.202,155.153,20.172,22.266,22.949,154.341,79.663,75.465,136.801,107.150,127.616,150.433,146.824,91.656,181.754,156.495,87.193,36.747,53.016,156.558,104.293,99.554,117.691,123.993,22.178,133.203,45.118,48.620,47.538,69.169,100.649,57.712,57.731,55.046,67.256,68.066,65.743,76.598,78.251,72.612,52.153,54.683,55.994,72.139,42.009
41.0,80.233,91.782,99.892,97.925,104.773,84.712,37.621,421.432,346.297,184.181,13.879,18.937,100.237,65.056,41.703,55.244,61.180,44.356,301.740,91.371,15.526,16.733,24.276,216.709,31.548,31.550,29.527,35.280,34.398,37.160,32.855,173.079,156.403,19.700,21.751,22.405,155.483,78.902,78.307,135.262,93.824,127.188,148.505,144.246,90.346,183.007,156.851,87.093,36.662,52.762,153.791,102.895,97.844,115.536,121.801,24.738,133.830,45.468,47.769,47.257,68.212,101.264,56.964,56.982,54.334,67.672,68.385,66.331,76.331,79.062,73.188,52.119,54.813,56.120,72.680,41.712
41.5,79.894,88.778,99.447,95.836,101.166,80.391,35.852,422.246,345.273,183.137,13.675,18.432,95.791,63.440,39.572,52.258,57.901,48.627,301.801,92.006,15.115,16.345,23.321,217.747,31.124,31.125,29.141,34.563,33.638,36.524,31.720,174.774,157.491,19.222,21.224,21.849,156.443,77.999,80.615,133.668,94.975,126.680,146.521,141.595,88.980,184.148,157.113,86.933,36.539,52.457,150.978,101.493,96.085,113.326,119.546,26.801,134.370,45.766,46.887,46.934,67.211,101.832,56.141,56.159,53.550,68.017,68.634,66.845,75.991,79.818,73.712,52.033,54.891,56.192,73.161,41.351
42.0,79.500,85.772,98.966,93.702,97.564,76.111,34.111,422.685,343.984,181.938,13.472,17.928,91.396,61.857,37.489,49.330,54.672,52.293,301.582,92.495,14.722,15.961,22.389,218.633,30.716,30.717,28.770,33.820,32.854,35.860,30.573,176.266,158.401,18.740,20.687,21.282,157.204,76.950,82.502,132.019,95.897,126.091,144.484,138.875,87.561,185.171,157.278,86.714,36.377,52.099,148.125,100.091,94.281,111.065,117.232,28.517,134.818,46.008,45.978,46.569,66.168,102.352,55.240,55.258,52.690,68.284,68.808,67.278,75.574,80.512,74.177,51.892,54.912,56.207,73.576,40.924
42.5,79.056,82.771,98.454,91.528,93.974,71.882,32.404,422.745,342.435,180.588,13.270,17.428,87.060,60.308,35.456,46.465,51.501,55.461,301.081,92.836,14.347,15.581,21.480,219.363,30.327,30.327,28.417,33.053,32.047,35.169,29.418,177.536,159.116,18.255,20.141,20.706,157.754,75.750,84.039,130.320,96.609,125.422,142.397,136.091,86.089,186.074,157.348,86.435,36.176,51.690,145.235,98.695,92.432,108.757,114.861,29.965,135.172,46.195,45.043,46.161,65.085,102.823,54.256,54.275,51.750,68.470,68.902,67.627,75.076,81.137,74.578,51.693,54.873,56.160,73.922,40.426
43.0,78.566,79.778,97.914,89.318,90.401,67.714,30.733,422.419,340.628,179.089,13.069,16.932,82.790,58.792,33.480,43.671,48.396,58.197,300.295,93.024,13.989,15.206,20.598,219.935,29.957,29.957,28.081,32.264,31.221,34.453,28.259,178.565,159.623,17.770,19.589,20.122,158.079,74.391,85.273,128.571,97.129,124.671,140.263,133.245,84.567,186.851,157.320,86.097,35.936,51.227,142.315,97.309,90.541,106.404,112.436,31.195,135.430,46.323,44.083,45.710,63.962,103.242,53.184,53.203,50.725,68.571,68.912,67.888,74.493,81.686,74.910,51.432,54.769,56.046,74.193,39.852
43.5,78.036,76.799,97.352,87.077,86.851,63.617,29.103,421.702,338.567,177.445,12.871,16.443,78.594,57.309,31.562,40.954,45.364,60.545,299.219,93.054,13.650,14.838,19.743,220.347,29.609,29.609,27.765,31.455,30.377,33.714,27.099,179.336,159.905,17.285,19.031,19.533,158.170,72.860,86.237,126.777,97.469,123.847,138.085,130.342,82.993,187.497,157.195,85.699,35.654,50.711,139.368,95.937,88.610,104.008,109.959,32.238,135.589,46.391,43.100,45.215,62.800,103.610,52.702,52.034,49.605,68.585,68.837,68.059,73.823,82.153,75.167,51.108,54.595,55.862,74.385,39.196
44.0,77.471,73.839,96.772,84.807,83.330,59.602,27.518,420.583,336.251,175.655,12.676,15.962,74.476,55.859,29.708,38.319,42.413,62.532,297.849,92.921,13.328,14.477,18.918,220.596,29.253,29.284,27.470,30.630,29.519,32.955,25.944,179.833,159.949,16.803,18.470,18.940,158.017,71.145,86.956,124.938,97.640,122.944,135.866,127.384,81.369,188.008,156.969,85.241,35.330,50.140,136.398,94.585,86.640,101.571,107.431,33.113,135.644,46.397,42.096,44.675,61.599,103.924,51.441,50.758,48.381,68.512,68.676,68.141,73.065,82.532,75.344,50.719,54.349,55.604,74.493,38.446
44.5,76.877,70.903,96.179,82.515,79.842,55.678,25.981,419.052,333.682,173.722,12.485,15.491,70.445,54.442,27.921,35.772,39.550,64.178,296.177,92.620,13.025,14.126,18.124,220.680,28.954,28.984,27.198,29.791,28.651,32.179,24.797,180.040,159.742,16.325,17.909,18.347,157.612,69.226,87.447,123.059,97.650,121.963,133.610,124.374,79.694,188.376,156.643,84.721,34.964,49.513,133.410,93.256,84.629,99.091,104.853,33.836,135.592,46.337,41.070,44.088,60.358,104.182,49.322,49.359,47.038,68.350,68.427,68.134,72.216,82.818,75.434,50.261,54.028,55.268,74.514,37.593
45.0,76.259,67.995,95.578,80.205,76.395,51.855,24.496,417.095,330.855,171.643,12.298,15.030,66.506,53.056,26.204,33.319,36.782,65.495,294.195,92.145,12.740,13.783,17.363,220.594,28.681,28.711,26.951,28.943,27.775,31.388,23.664,179.945,159.272,15.855,17.349,17.755,156.949,67.080,87.724,121.140,97.505,120.915,131.318,121.312,77.966,188.596,156.212,84.138,34.553,48.828,130.405,91.955,82.578,96.570,102.224,34.416,135.427,46.209,40.024,43.453,59.077,104.383,47.847,47.816,45.556,68.102,68.093,68.039,71.274,83.004,75.434,49.735,53.627,54.852,74.445,36.619
45.5,75.624,65.120,94.973,77.881,72.992,48.144,23.068,414.696,327.767,169.417,12.117,14.583,62.665,51.700,24.561,30.964,34.115,66.491,291.892,91.489,12.473,13.452,16.635,220.337,28.434,28.466,26.729,28.087,26.894,30.586,22.550,179.535,158.527,15.392,16.793,17.168,156.025,64.673,87.798,119.185,97.210,119.796,128.994,118.200,76.183,188.660,155.672,83.490,34.095,48.082,127.387,90.687,80.485,94.005,99.543,34.858,135.145,46.009,38.958,42.768,57.754,104.526,46.137,46.100,43.906,67.769,67.675,67.860,70.240,83.085,75.336,49.138,53.144,54.352,74.282,35.501
46.0,74.977,62.282,94.369,75.548,69.640,44.552,21.698,411.836,324.409,167.040,11.941,14.150,58.927,50.373,22.995,28.714,31.557,67.171,289.254,90.643,12.224,13.133,15.942,219.903,28.220,28.251,26.534,27.227,26.013,29.775,21.459,178.799,157.497,14.941,16.245,16.588,154.835,61.958,87.674,117.195,96.767,118.609,126.641,115.036,74.342,188.557,155.021,82.774,33.587,47.273,124.358,89.455,78.346,91.394,96.806,35.167,134.738,45.733,37.870,42.029,56.386,104.606,44.135,44.170,42.048,67.354,67.175,67.600,69.111,83.055,75.136,48.469,52.577,53.766,74.022,34.209
46.5,74.327,59.487,93.772,73.212,66.342,41.091,20.391,408.492,320.771,164.507,11.772,13.733,55.298,49.073,21.508,26.572,29.115,67.534,286.267,89.601,11.993,12.826,15.285,219.290,28.037,28.068,26.368,26.367,25.135,28.958,20.396,177.728,156.169,14.501,15.706,16.018,153.377,58.867,87.359,115.174,96.179,117.357,124.260,111.821,72.439,188.278,154.251,81.985,33.028,46.396,121.320,88.263,76.158,88.731,94.009,35.343,134.199,45.377,36.761,41.233,54.970,104.623,41.926,41.959,39.919,66.861,66.596,67.264,67.887,82.910,74.829,47.726,51.923,53.091,73.663,32.692
47.0,73.678,56.739,93.185,70.877,63.106,37.770,19.151,404.636,316.840,161.808,11.610,13.333,51.782,47.798,20.103,24.543,26.794,67.579,282.909,88.350,11.779,12.533,14.666,218.492,27.886,27.918,26.231,25.509,24.262,28.139,19.366,176.312,154.534,14.077,15.180,15.461,151.650,55.290,86.853,113.122,95.445,116.045,121.854,108.549,70.467,187.812,153.356,81.120,32.412,45.446,118.274,87.114,73.915,86.011,91.146,35.387,133.518,44.934,35.628,40.376,53.501,104.575,39.330,39.363,37.416,66.294,65.942,66.856,66.566,82.643,74.407,46.909,51.178,52.324,73.201,30.873
47.5,73.037,54.041,92.615,68.547,59.934,34.597,17.980,400.234,312.598,158.935,11.455,12.953,48.385,46.547,18.783,22.633,24.601,67.302,279.158,86.879,11.582,12.255,14.085,217.505,27.771,27.802,26.126,24.658,23.399,27.319,18.374,174.541,152.579,13.668,14.669,14.920,149.650,51.039,86.157,111.042,94.562,114.674,119.425,105.218,68.418,187.142,152.328,80.173,31.736,44.418,115.221,86.013,71.609,83.224,88.208,35.295,132.684,44.397,34.468,39.451,51.973,104.457,36.154,36.185,34.351,65.657,65.217,66.383,65.147,82.249,73.864,46.016,50.340,51.462,72.634,28.606
48.0,72.412,51.398,92.064,66.229,56.832,31.582,16.881,395.249,308.021,155.873,11.310,12.594,45.110,45.316,17.551,20.845,22.543,66.696,274.985,85.174,11.401,11.993,13.544,216.324,27.691,27.722,26.054,23.814,22.547,26.502,17.423,172.406,150.291,13.278,14.175,14.398,147.376,45.715,85.268,108.935,113.745,113.249,116.975,101.819,66.282,186.253,151.154,79.134,30.993,43.304,112.161,84.960,69.229,80.361,85.183,35.063,131.684,43.759,33.277,38.453,50.380,104.267,31.960,31.989,30.302,64.956,64.426,65.850,63.628,81.721,73.193,45.044,49.405,50.501,71.957,25.569
48.5,71.809,48.814,89.803,63.926,53.804,28.734,15.858,389.632,303.080,152.605,11.173,12.257,41.962,44.104,16.409,19.185,20.626,65.749,270.355,83.219,11.237,11.749,13.042,214.942,27.649,27.679,26.015,22.983,21.711,25.689,16.519,169.895,147.656,12.907,13.703,13.897,144.824,38.068,84.179,106.803,116.380,111.772,114.506,98.346,64.047,185.123,149.821,77.996,30.177,42.095,109.094,83.959,66.764,77.406,82.056,34.684,130.501,43.010,32.051,37.372,48.709,104.003,25.225,25.250,23.798,64.195,63.573,65.263,62.004,81.053,72.383,43.990,48.369,49.437,71.167,20.641
49.0,71.234,46.293,88.794,61.642,50.855,26.062,14.915,383.326,297.739,149.109,11.046,11.944,38.945,42.909,15.359,17.656,18.856,64.449,265.226,80.993,11.089,11.522,12.582,213.354,42.634,42.676,40.248,22.164,20.892,24.884,15.665,166.996,144.653,12.557,13.253,13.421,141.987,26.939,82.881,104.648,103.366,110.247,112.019,94.786,61.696,183.728,148.312,76.745,29.279,40.778,106.018,83.010,64.195,74.340,78.807,34.150,129.115,42.138,30.781,36.198,46.950,103.659,23.615,23.639,22.242,63.380,62.662,64.628,60.271,80.234,71.425,42.851,47.226,48.264,70.256,19.458
49.5,70.693,43.839,87.860,59.383,47.988,23.575,14.053,376.259,291.949,145.356,10.929,11.657,36.063,41.728,14.405,16.262,17.239,62.778,259.544,78.471,10.957,11.313,12.164,211.553,56.576,56.629,53.489,21.362,20.092,24.087,14.865,163.693,141.258,12.231,12.829,12.972,138.856,26.924,81.359,102.472,101.057,108.677,109.517,91.123,59.206,182.036,146.602,75.364,28.287,39.338,102.931,82.115,61.499,71.136,75.410,33.447,127.501,41.127,29.458,34.917,45.083,103.234,31.560,31.588,29.916,62.515,61.698,63.952,58.421,79.256,70.302,41.620,45.970,46.976,69.219,25.280
50.0,70.193,41.455,87.008,57.153,45.209,21.280,13.276,368.340,285.648,141.308,10.823,11.396,33.319,40.559,13.547,15.007,15.780,60.711,253.240,75.623,10.840,11.125,11.789,209.531,66.477,66.537,62.890,20.578,19.315,23.300,14.123,159.964,137.441,11.928,12.433,12.553,135.418,26.890,79.591,100.275,98.523,107.068,106.999,87.337,56.548,180.006,144.662,73.833,27.186,37.755,99.831,81.273,58.647,67.761,71.829,32.560,125.626,39.958,28.067,33.509,43.087,102.721,36.434,36.465,34.621,61.606,60.685,63.239,56.444,78.105,68.998,40.289,44.591,45.563,68.045,28.817
50.5,69.739,39.144,86.243,54.954,42.519,19.186,12.587,359.448,278.752,136.913,10.728,11.164,30.716,39.399,12.789,13.896,14.485,58.215,246.225,72.406,10.738,10.958,11.458,207.280,74.830,74.897,70.820,19.813,18.561,22.526,13.441,155.781,133.159,11.650,12.068,12.166,131.654,26.838,77.545,98.059,95.725,105.423,104.468,83.399,53.680,177.583,142.450,72.120,25.955,35.999,96.712,80.482,55.594,64.166,68.011,31.464,123.443,38.603,26.588,31.950,40.928,102.117,40.244,40.277,38.299,60.657,59.627,62.497,54.325,76.763,67.487,38.849,43.076,44.011,66.721,31.547
51.0,69.337,36.909,85.573,52.792,39.923,17.300,11.988,349.418,271.144,132.100,10.646,10.961,28.259,38.245,12.132,12.933,13.360,55.243,238.371,68.764,10.651,10.812,11.171,204.791,82.318,82.390,77.927,19.069,17.833,21.764,12.822,151.108,128.353,11.399,11.735,11.813,127.535,26.767,75.173,95.825,92.601,103.747,101.924,79.272,50.542,174.690,139.905,70.184,24.564,34.031,93.571,79.741,52.280,60.280,63.884,30.126,120.890,37.025,24.991,30.203,38.562,101.415,43.487,43.521,41.426,59.672,58.526,61.728,52.044,75.210,65.735,37.283,41.409,42.304,65.228,33.833
51.5,68.992,34.754,85.002,50.668,37.423,15.629,11.483,338.010,262.652,126.765,10.576,10.789,25.949,37.097,11.578,12.120,12.410,51.726,229.497,64.613,10.578,10.688,10.930,202.053,89.240,89.317,84.495,18.348,17.132,21.017,12.270,145.892,122.940,11.175,11.436,11.496,123.019,26.677,72.400,93.574,89.059,102.044,99.369,74.902,47.045,171.212,136.938,67.959,22.969,31.788,90.399,79.047,48.611,55.996,59.336,28.493,117.872,35.167,23.231,28.214,35.918,100.610,46.370,46.406,44.206,58.654,57.386,60.938,49.571,73.414,63.693,35.569,39.564,40.416,63.541,35.828
52.0,68.709,32.680,84.536,48.587,35.023,14.179,11.072,324.847,253.007,120.740,10.519,10.650,23.790,35.950,11.130,11.461,11.639,47.549,219.316,59.820,10.520,10.588,10.735,199.053,95.918,95.840,90.678,17.651,16.459,20.284,11.787,140.058,116.793,10.979,11.173,11.217,118.047,26.566,69.100,91.307,84.947,100.320,96.801,70.210,43.040,166.964,133.402,65.340,21.096,29.169,87.188,78.394,44.434,51.140,54.181,26.482,114.234,32.938,21.235,25.891,32.882,99.694,49.068,49.042,46.744,57.606,56.207,60.130,46.862,71.332,61.286,33.677,37.507,38.311,61.623,37.614
52.5,68.490,30.690,84.179,46.550,32.725,12.958,10.760,309.271,241.738,113.736,10.476,10.543,21.783,34.805,10.790,10.960,11.051,42.507,207.325,54.153,10.476,10.511,10.587,195.776,102.120,102.056,96.570,16.978,15.815,19.567,11.374,133.494,109.707,10.811,10.948,10.979,112.528,26.435,65.036,89.024,79.981,98.579,94.222,65.076,38.253,161.608,129.029,62.132,18.811,25.988,83.926,77.777,39.464,45.386,48.076,23.936,109.694,30.167,18.865,23.070,29.243,98.657,51.513,51.494,49.103,56.528,54.989,59.306,43.849,68.898,58.390,31.557,35.182,35.934,59.419,39.236
53.0,68.341,28.786,83.935,44.560,30.532,11.970,10.548,289.888,227.847,105.139,10.446,10.470,19.933,33.658,10.558,10.619,10.652,36.157,192.460,47.113,10.446,10.459,10.486,192.203,109.643,108.026,102.227,16.331,15.201,18.866,11.033,126.025,101.316,10.674,10.761,10.781,106.318,26.282,59.671,86.726,73.515,96.827,91.631,59.300,32.068,154.386,123.216,57.903,15.808,21.827,80.598,77.191,33.067,38.005,40.250,20.501,103.623,26.476,15.813,19.377,24.529,97.490,54.398,53.803,51.323,55.422,53.732,58.468,40.425,66.010,54.772,29.129,32.504,33.196,56.836,40.726
53.5,68.263,26.970,83.808,42.618,28.444,11.220,10.437,262.236,208.159,92.994,10.431,10.432,18.240,32.509,10.438,10.442,10.443,27.050,171.314,37.098,10.431,10.432,10.433,188.310,115.343,113.789,107.688,15.710,14.618,18.182,10.767,117.349,90.821,10.566,10.615,10.627,99.169,26.108,51.089,84.412,63.267,95.069,89.026,52.514,22.307,142.634,113.846,51.124,11.013,15.200,77.183,76.627,22.995,26.417,27.974,14.921,93.797,20.524,11.003,13.496,17.070,96.177,56.562,55.997,53.431,54.287,52.433,57.615,36.395,62.483,49.900,26.255,29.315,29.938,53.718,42.104
54.0,89.299,25.243,111.043,40.725,26.465,10.711,35.722,223.057,180.343,75.866,19.293,24.735,16.707,31.356,36.890,42.945,45.831,14.143,141.398,22.942,19.279,22.418,27.426,184.067,119.314,119.371,112.977,15.116,14.068,17.516,10.577,106.869,75.530,10.489,10.511,10.516,90.594,25.912,49.314,82.081,61.153,93.311,86.406,43.884,20.295,140.188,111.901,49.720,10.022,13.831,73.655,76.077,20.921,24.033,25.449,13.761,91.755,19.289,10.011,12.280,15.532,94.700,58.074,58.095,55.446,53.117,51.086,56.745,31.359,57.940,41.781,22.642,25.292,25.828,49.733,43.383
54.5,108.168,23.607,135.533,38.883,24.596,10.447,58.488,222.886,180.253,75.830,27.244,37.581,15.336,30.199,60.723,72.252,77.743,14.121,141.295,22.917,27.247,33.181,42.715,179.434,124.728,124.787,118.107,14.551,13.550,16.868,10.464,93.010,56.091,10.444,10.449,10.450,79.309,25.694,58.975,79.731,72.680,91.558,83.767,30.457,31.271,153.444,122.461,57.355,15.419,21.288,69.977,75.533,32.244,37.056,39.244,20.052,102.832,25.996,15.421,18.899,23.921,93.037,60.089,60.110,57.379,51.910,49.683,55.856,24.173,51.307,41.975,17.466,19.514,19.926,43.948,44.574
55.0,121.243,22.062,152.627,37.092,22.837,50.403,74.458,222.529,180.066,75.755,32.779,46.539,14.130,29.038,77.475,92.869,100.186,14.077,141.080,22.864,32.864,40.688,53.438,174.353,129.986,130.045,123.088,14.014,13.066,16.238,18.693,63.248,56.034,15.530,16.444,16.634,55.137,25.454,64.790,77.361,79.678,89.816,81.107,27.616,37.961,161.297,128.771,61.942,18.673,25.796,66.101,74.984,39.161,45.033,47.700,23.786,109.428,30.003,18.721,22.900,29.023,91.153,62.030,62.051,59.240,50.657,48.214,54.942,9.560,37.632,50.270,6.910,7.720,7.883,32.057,45.683
55.5,131.897,20.610,166.719,35.352,21.191,86.349,87.736,221.985,179.779,75.640,37.331,53.924,13.089,27.874,91.450,110.081,118.909,14.011,140.753,22.784,37.581,46.879,62.360,168.747,135.089,135.148,127.922,13.506,12.617,15.628,46.017,63.210,55.919,32.387,36.318,37.136,55.112,25.190,69.207,74.966,85.064,88.089,78.418,42.562,43.148,167.144,133.534,65.430,21.157,29.249,61.953,74.420,44.542,51.259,54.305,26.564,114.376,33.020,21.289,25.963,32.967,89.001,63.904,63.925,61.035,49.347,46.662,53.997,25.542,52.580,55.433,18.453,20.616,21.052,45.056,46.716
56.0,141.036,19.251,179.008,33.663,19.657,111.458,99.460,221.253,179.392,75.484,41.295,60.373,12.216,26.706,103.843,125.351,135.498,13.922,140.311,22.677,41.810,52.292,70.250,162.499,139.941,140.097,132.609,13.030,12.204,15.040,61.279,63.104,55.745,41.787,47.381,48.550,55.040,24.904,72.829,72.540,89.564,86.381,75.693,51.680,47.525,171.835,137.427,68.308,23.211,32.119,57.422,73.829,49.105,56.559,59.930,28.783,118.386,35.474,23.471,28.509,36.289,86.509,65.682,65.735,62.768,47.966,45.006,53.009,32.490,58.978,59.400,23.456,26.200,26.755,50.640,47.675
56.5,149.045,17.986,190.016,32.023,18.236,132.263,110.134,220.332,178.904,75.288,44.846,66.168,11.512,25.536,115.189,139.335,150.661,13.812,139.756,22.543,45.738,57.161,77.454,155.420,143.755,144.888,137.146,12.586,11.829,14.473,73.529,62.930,55.511,49.316,56.213,57.662,54.923,24.596,75.908,70.076,93.483,84.695,72.921,58.775,51.390,175.732,140.736,70.783,24.982,34.607,52.326,73.200,53.156,61.284,64.945,30.608,121.759,37.545,25.417,30.716,39.214,83.558,67.107,67.485,64.441,46.493,43.216,51.967,37.601,63.574,62.688,27.120,30.277,30.921,54.675,48.561
57.0,156.121,16.814,200.020,30.433,16.930,150.571,120.033,219.221,178.312,75.050,48.077,71.459,10.980,24.368,125.781,152.388,164.781,13.682,139.087,22.383,49.470,61.617,84.160,147.167,148.482,149.514,141.527,12.176,11.493,13.931,84.218,62.687,55.215,55.874,63.863,65.556,54.757,24.264,78.574,67.563,96.980,83.034,70.086,64.798,54.897,179.024,143.615,72.967,26.545,36.816,46.325,72.520,56.858,65.619,69.547,32.127,124.653,39.329,27.204,32.676,41.863,79.923,68.829,69.175,66.056,44.903,41.251,50.855,41.825,67.260,65.523,30.132,33.616,34.333,57.938,49.377
57.5,162.372,15.738,209.178,28.891,15.739,167.188,129.323,217.922,177.616,74.770,51.043,76.336,10.621,23.203,135.796,164.726,178.089,13.533,138.303,22.196,53.069,65.734,90.482,136.982,153.885,153.965,145.743,11.803,11.198,13.414,93.933,62.373,54.856,61.823,70.751,72.665,54.544,23.911,80.898,64.985,100.147,81.398,67.169,70.152,58.139,181.827,146.154,74.924,27.945,38.809,38.650,71.776,60.306,69.673,73.849,33.387,127.165,40.881,28.879,34.447,44.308,75.080,70.772,70.805,67.612,43.161,39.050,49.653,45.522,70.371,68.025,32.752,36.504,37.285,60.724,50.122
58.0,167.856,14.756,217.591,27.397,14.664,182.551,138.111,216.435,176.814,74.447,53.780,80.857,10.437,22.046,145.348,176.487,190.732,13.368,137.405,21.984,56.580,69.562,96.495,122.202,158.154,158.230,149.783,11.467,10.947,12.927,102.980,61.988,54.433,67.352,77.096,79.212,54.281,23.537,82.926,62.323,103.041,79.786,64.140,75.050,61.176,184.215,148.412,76.696,29.211,40.627,26.520,70.954,63.562,73.518,77.926,34.422,129.355,42.238,30.474,36.064,46.594,66.991,72.342,72.374,69.108,41.218,36.522,48.339,48.871,73.076,70.266,35.110,39.085,39.924,63.177,50.797
58.5,172.607,13.871,225.320,25.950,13.705,196.927,146.467,214.761,175.906,74.082,56.312,85.060,45.262,20.901,154.517,187.767,202.810,13.187,136.394,21.748,60.029,73.135,102.249,104.837,162.223,162.295,153.633,11.172,10.741,12.470,111.542,61.531,53.945,72.577,83.024,85.330,53.967,23.141,84.684,59.547,105.702,78.194,60.961,79.617,64.047,186.238,150.429,78.314,30.364,42.295,25.172,70.040,66.668,77.202,81.828,35.249,131.266,43.424,32.007,37.550,48.753,68.045,73.848,73.878,70.542,39.006,33.520,46.883,51.975,75.470,72.295,37.281,41.440,42.332,65.384,51.402
59.0,176.639,13.082,260.287,24.548,12.865,210.491,154.444,212.903,174.890,73.673,58.656,88.972,75.087,19.773,163.356,198.630,214.393,12.993,135.272,21.490,63.437,76.476,107.779,104.786,166.080,166.146,157.279,10.922,10.584,12.049,119.740,61.001,53.391,77.571,88.620,91.105,53.602,22.725,86.188,56.619,116.459,76.609,57.574,83.936,66.781,187.934,152.232,79.796,31.416,43.834,38.193,69.017,69.655,80.758,85.590,35.884,132.929,44.459,33.494,38.924,50.807,75.631,75.287,75.316,71.910,36.420,29.762,45.246,54.900,77.615,74.143,39.311,43.622,44.565,67.398,51.935
59.5,179.957,12.392,247.928,23.194,12.144,223.364,162.075,210.864,173.766,73.220,60.824,92.611,96.333,18.668,171.904,209.123,225.529,12.789,134.039,21.209,66.816,79.601,113.110,104.685,169.706,169.766,160.711,10.718,10.479,11.666,127.657,60.397,52.769,82.387,93.938,96.593,53.183,22.291,87.446,53.483,113.361,75.042,53.897,88.061,69.399,189.331,153.843,81.158,32.379,45.256,46.305,67.868,72.544,84.210,89.236,36.334,134.366,45.355,34.942,40.198,52.772,80.366,76.656,76.683,73.211,33.288,24.586,43.380,57.693,79.552,75.832,41.235,45.665,46.657,69.255,52.398
60.0,182.557,11.801,195.655,21.884,11.545,235.635,169.388,208.646,172.532,72.723,62.824,95.992,114.211,17.593,180.188,219.279,236.252,12.576,132.698,20.908,70.175,82.523,118.259,104.535,173.087,173.139,163.906,10.566,10.430,11.326,135.351,59.718,52.079,87.060,99.016,101.833,52.709,21.838,88.463,50.052,96.890,73.482,49.796,92.032,71.915,190.452,155.277,82.412,33.260,46.573,52.695,66.573,75.349,87.576,92.785,36.605,135.596,46.123,36.360,41.381,54.660,83.977,77.951,77.975,74.438,29.269,15.089,41.214,60.383,81.310,77.379,43.074,47.594,48.632,70.981,52.788
60.5,184.428,11.311,198.256,20.622,11.071,247.370,176.402,206.255,171.189,72.182,64.664,99.126,130.225,16.556,188.228,229.121,246.589,12.359,131.250,20.588,73.516,85.252,123.238,104.336,176.206,176.248,166.848,10.468,34.545,11.033,142.862,58.964,51.320,91.615,103.879,106.850,52.179,21.368,89.238,46.194,97.905,71.895,45.044,95.877,74.342,191.316,156.545,83.564,34.065,47.793,58.189,65.109,78.085,90.870,96.250,36.700,136.633,46.772,37.751,42.481,56.480,86.942,79.167,79.189,75.588,23.496,19.655,38.647,62.993,82.910,78.794,44.845,49.425,50.507,72.593,53.107
61.0,185.558,10.926,200.300,19.407,10.724,258.623,183.130,203.694,169.737,71.596,66.349,102.022,145.065,15.564,196.037,238.669,256.559,12.140,129.699,20.251,76.843,87.796,128.057,104.087,179.514,179.078,169.528,10.430,50.368,10.791,150.216,58.133,50.491,96.069,108.541,111.661,51.590,20.883,89.767,41.672,98.733,70.276,39.182,99.619,76.688,191.936,157.658,84.622,34.799,48.921,63.145,63.449,80.758,94.100,99.640,36.619,137.490,47.308,39.119,43.504,58.238,89.522,80.446,80.319,76.658,10.256,27.606,35.513,65.540,84.365,80.085,46.558,51.169,52.295,74.104,53.353
61.5,185.927,10.648,201.776,18.244,10.509,269.439,189.586,200.969,168.174,70.967,67.885,104.686,159.122,14.628,203.627,247.934,266.175,11.921,128.047,19.899,80.153,90.161,132.721,103.787,181.731,181.611,171.927,39.532,62.653,10.607,157.429,57.224,49.591,100.431,113.010,116.272,50.941,20.384,90.042,36.006,99.370,68.603,31.001,103.275,78.959,192.328,158.621,85.592,35.466,49.964,67.757,61.559,83.377,97.276,102.964,36.360,138.175,47.739,40.465,44.455,59.940,91.734,81.393,81.361,77.642,22.306,33.085,31.499,68.033,85.685,81.257,48.221,52.835,54.003,75.521,53.527
62.0,185.511,10.481,202.668,17.133,10.430,279.856,195.778,198.085,166.502,70.293,69.275,107.127,172.645,13.757,211.005,256.928,275.452,11.706,126.297,19.533,83.447,92.354,137.235,103.439,183.490,183.832,174.029,54.638,73.426,10.485,164.507,56.238,48.621,104.705,117.289,120.685,50.230,19.874,90.053,27.841,99.811,66.852,11.075,106.858,81.162,192.502,159.443,86.477,36.069,50.925,72.142,59.392,85.946,100.401,106.226,35.918,138.699,48.068,41.791,45.338,61.590,93.665,82.196,82.309,78.536,29.564,37.567,25.845,70.480,86.877,82.311,49.840,54.427,55.635,76.849,53.628
62.5,184.282,21.111,202.959,16.081,55.983,289.910,201.715,195.048,164.721,69.575,70.524,109.350,185.806,12.962,218.177,265.658,284.398,11.499,124.453,19.156,86.721,94.380,141.603,103.041,185.729,185.725,175.819,66.851,83.333,10.430,171.449,55.174,47.581,108.889,121.372,124.897,49.456,19.353,89.785,11.362,100.049,65.008,30.160,110.381,83.300,192.471,160.128,87.280,36.612,51.808,76.381,56.888,88.470,103.481,109.432,35.286,139.070,48.303,43.097,46.158,63.192,95.439,83.153,83.159,79.335,34.860,41.495,14.890,72.883,87.944,83.250,51.416,55.946,57.194,78.091,53.655
63.0,182.200,55.313,202.626,15.091,78.393,299.635,207.406,191.864,162.832,68.813,71.636,111.363,198.733,12.253,225.149,274.133,293.024,11.301,122.519,18.769,89.971,96.246,145.828,102.593,187.354,187.276,177.285,77.683,92.663,38.581,178.243,54.033,46.471,112.976,125.252,128.897,48.618,18.823,89.218,29.862,100.074,62.974,39.512,113.853,85.379,192.245,160.681,88.006,37.098,52.618,80.529,53.957,90.952,106.520,112.583,34.451,139.296,48.446,44.384,46.916,64.748,97.050,83.922,83.905,80.034,39.272,45.062,21.812,75.245,88.887,84.071,52.950,57.393,58.679,79.246,53.609
63.5,179.217,75.159,201.643,14.173,96.622,309.063,212.858,188.539,160.835,68.009,72.616,113.171,211.523,11.642,231.926,282.358,301.340,11.117,120.498,18.374,93.194,97.956,149.913,102.094,188.508,188.472,178.413,87.668,101.562,55.606,184.875,52.814,45.292,116.958,128.915,132.674,47.713,18.288,88.327,38.236,99.875,60.781,46.430,117.284,87.400,191.835,161.107,88.657,37.528,53.357,84.629,50.458,93.395,109.519,115.684,33.393,139.384,48.504,45.652,47.617,66.261,98.520,84.548,84.543,80.627,43.160,48.370,29.997,77.562,89.707,84.772,54.440,58.766,60.089,80.313,53.490
64.0,175.263,91.642,199.976,13.328,112.964,318.223,218.080,185.082,158.732,67.161,73.468,114.782,224.252,11.142,238.511,290.342,309.355,10.949,118.395,17.973,96.387,99.518,153.861,101.545,189.370,189.302,179.193,97.053,110.107,68.907,191.321,51.520,44.047,120.818,132.347,136.212,46.742,17.748,87.075,44.600,99.434,58.365,52.289,120.681,89.368,191.249,161.409,89.235,37.906,54.028,88.713,46.154,95.801,112.482,118.735,32.083,139.341,48.479,46.901,48.264,67.732,99.867,85.083,85.068,81.112,46.696,51.479,35.711,79.831,90.401,85.351,55.885,60.062,61.420,81.287,53.294
64.5,170.242,106.550,197.581,12.570,128.306,327.141,223.079,181.497,156.524,66.271,74.197,116.203,236.973,10.765,244.911,298.091,317.078,10.800,116.214,17.569,99.546,100.936,157.674,100.944,189.937,189.767,179.628,105.969,118.340,80.495,197.554,50.152,42.737,124.541,135.530,139.494,45.703,17.207,85.409,50.046,98.729,55.563,57.578,124.051,91.284,190.499,161.593,89.744,38.234,54.634,92.805,40.574,98.173,115.409,121.740,30.475,139.174,48.376,48.131,48.858,69.165,101.100,85.525,85.478,81.488,49.971,54.425,40.373,82.046,90.966,85.798,57.280,61.276,62.669,82.164,53.013
65.0,164.010,120.608,194.400,11.907,143.105,335.842,227.863,177.793,154.212,65.340,74.807,117.440,249.731,10.523,251.128,305.611,324.518,10.672,113.958,17.162,102.668,102.216,161.356,100.293,189.976,189.877,179.720,114.482,126.277,91.027,203.543,48.712,41.367,128.106,138.446,142.499,44.598,16.666,83.252,54.986,97.732,52.316,62.539,127.398,93.151,189.592,161.660,90.185,38.514,55.177,96.924,32.479,100.512,118.303,124.699,28.492,138.891,48.198,49.342,49.403,70.560,102.226,85.801,85.776,81.753,53.037,57.231,44.423,84.200,91.400,86.108,58.621,62.405,63.831,82.939,52.639
65.5,156.341,134.204,190.353,11.349,157.633,344.352,232.439,173.977,151.798,64.369,75.303,118.499,262.569,10.430,257.167,312.907,331.684,10.569,111.632,16.755,105.748,103.364,164.909,99.591,189.701,189.621,179.458,122.620,133.913,100.791,209.253,47.205,39.940,131.493,141.075,145.208,43.426,16.130,80.480,59.628,96.403,48.412,67.307,130.730,94.971,188.537,161.616,90.560,38.747,55.659,101.088,12.922,102.819,121.164,127.613,25.997,138.496,47.949,50.533,49.900,71.920,103.254,85.975,85.955,81.902,55.928,59.907,48.057,86.285,91.697,86.277,59.901,63.443,64.899,83.604,52.169
66.0,146.847,147.572,227.967,10.909,172.067,352.698,236.812,170.055,149.284,63.357,75.687,119.386,275.524,59.174,263.030,319.982,338.582,10.493,109.241,16.350,108.784,104.385,168.334,98.837,189.068,188.977,178.829,130.390,141.234,109.933,214.644,45.633,38.461,134.676,143.396,147.600,42.190,15.600,76.874,64.094,109.123,43.501,71.972,134.051,96.745,187.342,161.462,90.872,38.936,56.083,105.312,31.567,105.094,123.993,130.482,22.708,137.995,47.632,51.705,50.352,73.244,104.193,86.031,86.007,81.929,58.660,62.460,51.379,88.291,91.854,86.301,61.115,64.383,65.869,84.153,51.601
66.5,134.760,160.863,229.818,10.601,186.527,360.902,240.988,166.034,146.671,62.306,75.964,120.107,288.625,84.190,268.717,326.840,345.217,10.446,106.789,15.948,111.770,105.283,171.632,98.032,188.037,187.936,177.820,137.785,148.217,118.532,219.679,44.003,36.938,137.632,145.392,149.657,40.891,15.080,71.985,68.461,110.031,36.796,76.591,137.367,98.474,186.014,161.202,91.121,39.081,56.450,109.608,41.756,107.339,126.788,133.306,17.839,137.394,47.249,52.857,50.760,74.534,105.049,85.953,85.925,81.827,61.246,64.893,54.449,90.207,91.865,86.177,62.256,65.221,66.734,84.579,50.933
67.0,118.063,174.180,188.096,10.436,201.095,368.984,244.968,161.922,143.962,61.218,76.135,120.664,301.892,104.769,274.226,333.478,351.589,13.088,104.280,15.551,114.703,106.061,174.802,97.177,186.589,186.478,176.412,144.795,154.839,126.628,224.314,42.320,35.376,140.336,147.044,151.359,39.533,14.574,64.541,72.780,96.029,25.464,81.207,140.681,100.158,184.560,160.837,91.308,39.184,56.761,113.987,49.358,109.551,129.549,136.084,4.456,136.696,46.801,53.988,51.126,75.790,105.827,85.733,85.702,81.589,63.692,67.204,57.306,92.021,91.728,85.902,63.316,65.951,67.488,84.873,50.162
67.5,80.997,187.594,181.267,44.896,215.828,376.957,248.752,157.727,141.158,60.093,76.203,121.061,315.337,123.326,279.555,339.892,357.698,32.388,101.718,15.161,117.575,106.721,177.843,96.270,184.704,184.584,174.587,151.403,161.074,134.243,228.509,40.592,33.784,142.762,148.336,152.691,38.120,14.083,49.000,77.090,93.594,24.994,85.850,143.996,101.796,182.984,160.368,91.434,39.245,57.016,118.455,55.828,111.730,132.273,138.813,18.454,135.906,46.291,55.097,51.449,77.011,106.531,85.362,85.326,81.203,66.002,69.392,59.973,93.722,91.439,85.472,64.289,66.566,68.126,85.030,49.283
68.0,80.938,201.151,172.985,73.514,230.763,384.832,252.339,153.455,138.264,58.932,76.170,121.300,328.968,140.746,284.696,346.076,363.539,42.455,99.110,14.779,120.381,107.264,180.750,95.312,182.358,182.229,172.322,157.592,166.896,141.386,232.223,38.825,32.169,144.885,149.254,153.639,36.658,13.612,66.453,81.417,90.504,37.565,90.542,147.313,103.387,181.292,159.797,91.499,39.264,57.216,123.018,61.669,113.873,134.957,141.490,23.792,135.026,45.718,56.182,51.731,78.197,107.162,84.826,84.787,80.660,68.177,71.455,62.468,95.297,90.993,84.884,65.165,67.062,68.643,85.041,48.292
68.5,80.771,214.882,162.744,98.214,245.924,392.613,255.723,149.115,135.281,57.738,76.035,121.381,342.782,157.460,289.639,352.019,369.104,50.605,96.458,14.407,123.111,107.692,183.518,94.304,179.521,179.386,169.589,163.344,172.283,148.059,235.416,37.029,30.540,146.680,149.787,154.190,35.152,13.163,74.126,85.780,86.473,46.981,95.300,150.633,104.929,179.486,159.122,91.503,39.242,57.360,127.680,67.124,115.976,137.597,144.111,27.722,134.059,45.083,57.241,51.972,79.344,107.721,84.113,84.071,79.945,70.217,73.389,64.802,96.734,90.388,84.136,65.939,67.434,69.033,84.900,47.182
69.0,80.491,228.808,149.463,119.182,261.322,400.301,258.898,144.715,132.213,56.511,75.799,121.305,356.776,173.706,294.374,357.709,374.383,57.756,93.769,14.046,125.758,108.003,186.141,93.245,185.790,176.019,166.356,168.645,177.212,154.264,238.049,35.214,28.909,148.125,149.927,154.338,33.609,12.738,79.693,90.195,80.846,54.386,100.138,153.955,106.420,177.571,158.345,91.444,39.178,57.448,132.442,72.328,118.037,140.188,146.672,30.968,133.006,44.387,58.272,52.170,80.453,108.211,86.310,83.160,79.043,72.122,75.191,66.983,98.020,89.622,83.224,66.601,67.678,69.292,84.602,45.943
69.5,80.095,242.937,129.518,136.504,276.962,407.895,261.858,140.264,129.065,55.253,75.464,121.071,370.938,189.629,298.888,363.130,379.364,64.255,91.048,13.697,128.311,108.198,188.610,92.136,182.551,172.087,162.584,173.482,181.666,159.999,240.088,33.389,27.284,149.198,149.669,154.075,32.039,12.342,84.171,94.673,71.194,60.241,105.064,157.277,107.856,175.549,157.464,91.321,39.073,57.480,137.305,77.366,120.050,142.725,149.166,33.792,131.868,43.628,59.273,52.326,81.519,108.630,85.505,82.034,77.933,73.891,76.857,69.018,99.142,88.692,82.146,67.145,67.790,69.417,84.140,44.564
70.0,79.581,257.276,103.611,154.402,292.844,415.389,264.593,135.771,125.840,53.967,75.028,120.680,385.258,205.318,303.168,368.269,384.035,70.270,88.301,13.362,130.762,108.275,190.919,90.978,168.169,167.538,158.222,177.846,185.629,165.267,241.499,31.566,25.676,149.877,149.009,153.402,30.449,11.976,87.932,99.223,71.493,66.096,110.088,160.598,109.233,173.423,156.479,91.134,38.925,57.454,142.270,82.293,122.010,145.201,151.589,36.319,130.648,42.806,60.240,52.439,82.541,108.980,80.931,80.666,76.590,75.524,78.385,70.910,100.089,87.599,80.899,67.563,67.768,69.405,83.510,43.028
70.5,78.947,271.825,103.512,171.857,308.962,422.778,267.096,131.245,122.544,52.655,74.493,120.133,399.720,220.830,307.199,373.108,388.382,75.894,85.533,13.042,133.098,108.234,193.058,89.772,162.926,162.304,153.206,181.731,189.094,170.070,242.254,29.755,24.097,150.145,147.950,152.317,28.850,11.643,91.161,103.854,81.717,71.678,115.216,163.914,110.550,171.197,155.389,90.881,38.734,57.370,147.336,87.149,123.913,147.610,153.935,38.620,129.347,41.920,61.170,52.509,83.515,109.261,79.287,79.022,74.980,77.021,79.772,72.665,100.848,86.342,79.481,67.847,67.608,69.252,82.708,41.312
71.0,78.190,286.580,103.310,189.059,325.310,430.054,269.360,126.697,119.183,51.319,73.859,119.430,414.311,236.200,310.969,377.633,392.393,81.182,82.750,12.739,135.312,108.075,195.021,88.518,156.904,156.296,147.451,185.138,192.053,174.414,242.327,27.967,22.558,149.985,146.495,150.826,27.252,11.346,93.960,108.571,88.133,77.092,120.454,167.223,111.801,168.873,154.194,90.561,38.501,57.227,152.501,91.960,125.754,149.947,156.198,40.738,127.967,40.970,62.061,52.534,84.439,109.474,77.319,77.055,73.059,78.381,81.016,74.287,101.407,84.921,77.888,67.990,67.309,68.958,81.730,39.384
71.5,77.312,301.536,103.001,206.128,341.878,437.211,271.378,122.137,115.763,49.963,73.129,118.573,429.016,251.449,314.465,381.831,396.058,86.164,79.959,12.452,137.392,107.799,196.800,87.218,149.978,149.389,140.838,188.069,194.507,178.309,241.695,26.216,21.070,149.382,144.648,148.934,25.667,11.086,96.393,113.379,93.072,82.410,125.805,170.522,112.984,166.455,152.895,90.175,38.226,57.026,157.766,96.748,127.528,152.205,158.372,42.701,126.510,39.953,62.910,52.516,85.311,109.620,74.960,74.698,70.761,79.607,82.116,75.780,101.755,83.336,76.117,67.985,66.870,68.521,80.574,37.195
72.0,76.313,316.685,102.581,223.614,358.652,444.241,273.144,117.575,112.290,48.589,72.305,117.567,443.819,266.586,317.677,385.690,399.369,90.861,77.167,12.183,139.332,107.407,198.390,85.873,141.961,141.396,133.189,190.533,196.460,181.767,240.338,24.511,19.644,148.322,142.419,146.648,24.105,10.867,98.502,118.283,133.238,87.808,131.273,173.807,114.097,163.948,151.493,89.720,37.908,56.766,163.127,101.528,129.230,154.379,160.453,44.528,124.978,38.869,63.715,52.453,86.127,109.702,72.108,71.851,67.990,80.698,83.072,77.149,101.880,81.588,74.164,67.825,66.290,67.939,79.237,34.668
72.5,75.194,332.015,98.338,240.625,375.619,451.137,274.657,113.022,108.772,47.200,71.389,116.415,458.706,281.614,320.596,389.201,402.320,95.284,74.379,11.933,141.122,106.902,199.786,84.483,132.553,132.018,124.219,192.540,197.920,184.803,238.239,22.865,18.290,146.793,139.815,143.978,22.578,10.690,100.317,123.285,132.335,93.066,136.860,177.076,115.136,161.357,149.990,89.199,37.548,56.449,168.582,106.311,130.857,156.463,162.435,46.232,123.375,37.717,64.472,52.346,86.886,109.722,68.597,68.347,64.582,81.658,83.884,78.398,101.771,79.678,72.021,67.502,65.567,67.212,77.716,31.677
73.0,73.958,347.512,97.696,257.234,392.761,457.891,275.913,108.489,105.217,45.800,70.386,115.123,473.662,296.532,323.217,392.356,404.907,99.439,71.602,11.703,142.757,106.287,200.986,83.051,121.057,120.711,113.406,194.107,198.900,187.437,235.383,21.288,17.019,144.784,136.844,140.932,21.099,10.557,101.861,128.387,101.539,98.220,142.569,180.325,116.099,158.688,148.387,88.610,37.147,56.074,174.130,111.104,132.403,158.453,164.316,47.823,121.704,36.494,65.180,52.196,87.586,109.680,64.045,63.866,60.230,82.490,84.555,79.531,101.416,77.605,69.682,67.008,64.699,66.337,76.008,27.972
73.5,72.609,363.159,96.933,274.312,410.058,464.497,276.915,103.987,101.632,44.392,69.301,113.698,488.670,311.330,325.534,395.153,407.129,103.331,68.842,11.491,144.232,105.565,201.987,81.577,106.482,106.235,99.568,195.251,199.415,189.687,231.754,19.789,15.840,142.282,133.514,137.517,19.678,10.470,103.149,133.591,104.228,103.519,148.397,183.551,116.986,155.945,146.688,87.956,36.707,55.643,179.768,115.914,133.867,160.346,166.092,49.307,119.970,35.197,65.838,52.003,88.226,109.583,57.780,57.643,54.190,83.197,85.086,80.556,100.804,75.368,67.132,66.335,63.685,65.313,74.110,22.954
74.0,71.151,378.934,96.054,291.420,427.485,470.945,277.663,99.525,98.026,42.979,68.137,112.147,503.712,325.998,327.546,397.589,408.988,106.960,66.107,11.300,145.543,104.741,202.791,80.063,84.041,83.685,78.016,195.993,199.485,191.578,227.336,18.380,14.761,139.276,129.830,133.740,18.327,10.430,104.198,138.895,106.517,108.858,154.346,186.750,117.795,153.136,144.897,87.238,36.227,55.158,185.491,120.743,135.246,162.137,167.759,50.690,118.175,33.822,66.443,51.769,88.805,109.434,46.448,46.253,43.141,83.783,85.480,81.476,99.919,72.964,64.355,65.473,62.522,64.136,72.015,13.926
74.5,69.589,394.810,95.059,308.508,445.014,477.227,278.161,95.115,94.407,41.565,66.901,110.477,518.769,340.519,329.254,399.665,410.488,110.329,63.401,11.129,146.687,103.821,203.397,78.509,63.349,63.072,58.318,196.357,199.130,193.131,222.111,17.067,13.791,135.751,125.795,129.601,17.056,31.898,105.018,144.296,108.539,114.237,160.410,189.919,118.525,150.268,143.017,86.457,35.711,54.621,191.296,125.592,136.537,163.823,169.317,51.976,116.326,32.364,66.994,51.494,89.322,109.233,51.707,51.631,48.358,84.253,85.740,82.298,98.747,70.387,61.323,64.410,61.202,62.799,69.717,18.175
75.0,67.929,410.756,93.949,325.644,462.610,483.331,278.415,90.765,90.783,40.154,65.599,108.699,533.816,354.876,330.658,401.384,411.634,113.438,60.731,10.978,147.662,102.810,203.809,76.918,63.238,62.959,58.215,196.363,198.372,194.369,216.052,15.858,12.935,131.689,121.404,125.097,15.876,45.470,105.622,149.792,110.320,119.682,166.586,193.053,119.177,147.347,141.053,85.617,35.158,54.033,197.177,130.462,137.738,165.404,170.764,53.168,114.427,30.815,67.491,51.181,89.777,108.982,60.707,60.548,57.009,84.611,85.871,83.026,97.268,67.627,57.997,63.132,59.719,61.296,67.203,25.277
75.5,66.178,426.737,92.722,342.799,480.235,489.245,278.431,86.485,87.163,38.749,64.236,106.822,548.828,369.046,331.763,402.751,412.435,116.288,58.102,10.846,148.468,101.715,204.029,75.289,63.025,62.748,58.021,196.036,197.235,195.314,209.124,14.761,12.200,127.066,116.644,120.214,14.794,55.652,106.018,155.376,111.879,125.194,172.868,196.147,119.750,144.381,139.010,84.718,34.572,53.398,203.127,135.349,138.849,166.876,172.099,54.269,112.483,29.163,67.934,50.831,90.170,108.686,66.637,66.391,62.681,84.862,85.876,83.667,95.456,64.668,54.314,61.620,58.059,59.612,64.455,30.023
76.0,64.343,442.709,91.381,359.846,497.843,494.954,278.214,82.284,83.556,37.353,62.820,104.855,563.773,383.003,332.572,403.771,412.898,118.880,55.520,10.734,149.106,100.543,204.062,73.625,62.712,62.437,57.736,195.397,195.740,195.987,201.275,13.781,11.589,121.844,111.493,114.929,13.819,64.271,106.217,161.041,118.223,130.751,179.246,199.195,120.244,141.377,136.893,83.764,33.953,52.717,209.138,140.249,139.868,168.239,173.322,55.281,110.499,27.392,68.321,50.446,90.501,108.345,71.156,70.901,67.063,85.011,85.758,84.224,93.279,61.485,50.173,59.849,56.202,57.727,61.449,33.785
76.5,62.432,458.626,89.327,376.778,515.385,500.441,277.773,78.170,79.969,35.970,61.355,102.808,578.615,396.719,333.091,404.451,413.033,121.215,52.988,10.641,149.575,99.298,203.911,71.925,62.298,62.026,57.358,194.465,193.908,196.405,192.424,12.921,11.105,115.973,105.907,109.199,12.959,71.921,106.229,166.778,118.994,136.355,185.710,202.192,120.661,138.341,134.708,82.757,33.304,51.994,215.200,145.158,140.795,169.492,174.431,56.206,108.479,25.473,68.652,50.028,90.770,107.960,74.867,74.605,70.665,85.061,85.522,84.702,90.689,58.038,45.396,57.784,54.120,55.613,58.143,36.976
77.0,60.452,474.435,87.740,393.540,532.806,505.685,277.115,74.150,76.411,34.603,59.849,100.691,593.314,410.161,333.325,404.799,412.850,123.296,50.512,10.565,149.877,97.989,203.581,70.192,61.783,61.515,56.889,193.259,191.758,196.583,182.450,12.186,10.751,109.372,99.820,102.953,12.218,78.879,106.060,172.575,115.379,142.000,192.248,205.131,121.000,135.281,132.458,81.701,32.627,51.230,221.302,150.067,141.629,170.634,175.429,57.045,106.429,23.363,68.928,49.578,90.978,107.533,78.008,77.741,73.719,85.014,85.170,85.103,87.615,54.264,39.628,55.371,51.767,53.221,54.476,39.783
77.5,58.414,490.080,86.042,410.070,550.044,510.664,276.247,70.231,72.890,33.255,58.308,98.513,607.825,423.294,333.280,404.821,412.357,125.123,48.096,10.508,150.015,96.621,203.077,68.426,61.167,60.902,56.326,191.790,189.305,196.531,171.155,11.578,10.526,101.912,93.117,96.074,11.601,85.291,105.721,178.419,116.177,147.674,198.845,208.003,121.263,132.201,130.151,80.596,31.923,50.428,227.432,154.968,142.369,171.665,176.314,57.800,104.352,20.987,69.148,49.098,91.125,107.063,80.709,80.439,76.350,84.875,84.705,85.429,83.949,50.062,31.974,52.529,49.068,50.477,50.344,42.307
78.0,56.324,505.500,84.236,426.305,567.035,515.355,275.175,66.418,69.413,31.929,56.738,96.284,622.098,436.081,332.961,404.524,411.563,126.700,45.742,10.467,149.988,95.200,202.402,66.629,60.449,60.189,55.672,190.070,186.562,196.255,158.195,11.098,10.430,93.370,85.602,88.361,11.113,91.246,105.219,184.297,116.817,153.365,205.484,210.801,121.450,129.108,127.788,79.447,31.193,49.592,233.575,159.850,143.016,172.583,177.087,58.471,102.252,18.195,69.311,48.591,91.210,106.549,83.048,82.777,78.634,84.642,84.126,85.680,79.498,45.251,17.935,49.114,45.896,47.250,45.568,44.606
78.5,54.193,520.630,82.322,442.266,583.710,519.730,273.904,62.719,65.988,30.628,55.143,94.012,636.078,448.482,332.371,403.914,410.476,128.026,43.455,10.441,149.799,93.731,201.559,64.802,59.632,59.378,54.928,188.102,183.536,195.758,142.908,10.746,47.800,83.314,76.899,79.427,10.754,96.793,104.562,190.190,117.306,159.077,212.148,213.515,121.560,126.008,125.377,78.254,30.441,48.723,239.715,164.703,143.567,173.389,177.748,59.060,100.133,14.607,69.418,48.057,91.235,105.990,88.031,84.807,80.621,84.316,83.434,85.856,73.889,39.472,26.395,44.845,41.995,43.282,39.789,46.718
79.0,52.030,535.403,80.305,457.711,599.996,523.762,272.440,59.137,62.621,29.354,53.531,91.706,649.707,460.454,331.516,402.996,409.102,129.105,41.237,10.430,149.448,92.219,200.553,62.947,58.462,58.469,54.094,185.886,180.229,195.035,123.704,10.524,68.867,70.706,66.110,68.351,10.527,101.963,103.757,196.082,117.819,164.758,218.815,216.137,121.596,122.903,122.919,77.021,29.667,47.825,245.835,169.513,144.024,174.081,178.298,59.567,97.998,8.397,69.468,47.498,91.199,105.384,89.425,86.563,82.344,83.895,82.627,85.955,66.178,31.822,35.682,39.012,36.728,37.922,32.097,48.667
79.5,49.844,549.752,78.163,472.559,615.821,527.423,270.788,55.676,59.321,28.110,51.905,89.374,662.934,471.953,330.397,401.775,407.447,129.936,39.091,21.312,148.936,90.669,199.384,61.066,57.456,57.466,53.174,183.416,176.636,194.079,93.470,10.430,84.384,50.892,49.266,51.058,10.430,106.771,102.811,201.952,118.110,170.382,225.465,218.656,121.556,119.798,120.419,75.748,28.873,46.899,251.916,174.267,144.383,174.658,178.734,59.991,95.848,11.505,69.460,46.915,91.101,104.730,88.115,88.071,83.829,83.375,81.699,85.972,51.603,17.727,41.855,28.036,26.884,27.902,17.886,50.468
80.0,47.645,563.609,75.931,486.919,631.109,530.686,268.949,52.342,56.093,26.899,50.272,87.025,675.721,482.937,329.016,400.252,405.515,130.520,37.020,27.369,148.264,89.085,198.055,59.161,56.358,56.370,52.170,180.681,172.746,192.877,71.443,47.862,97.136,36.478,37.033,38.498,48.354,111.225,101.729,207.782,118.133,175.973,232.074,221.061,121.440,116.697,117.879,74.437,28.061,45.948,257.946,178.949,144.645,175.120,179.058,60.333,93.687,15.496,69.393,46.310,90.941,104.024,89.391,89.351,85.094,82.749,80.644,85.902,60.627,26.424,46.657,34.828,32.971,34.098,26.658,52.132
80.5,45.442,576.907,73.600,500.655,645.787,533.521,266.926,49.135,52.945,25.722,48.636,84.665,687.997,493.360,327.374,398.429,403.310,130.858,35.024,31.543,147.430,87.471,196.566,57.235,55.172,55.186,51.085,177.663,168.541,191.409,71.268,68.914,108.083,36.398,36.975,38.437,69.644,115.323,100.519,213.549,118.291,181.494,238.618,223.343,121.247,113.602,115.303,73.089,27.232,44.975,263.902,183.545,144.808,175.465,179.269,60.591,91.515,17.971,69.267,45.683,90.718,103.265,90.453,90.417,86.152,82.009,79.452,85.737,70.109,35.701,50.640,41.983,39.406,40.648,36.001,53.664
81.0,43.245,589.579,71.145,513.660,659.782,535.904,264.721,46.061,49.882,24.582,47.003,82.302,699.673,503.178,325.471,396.308,400.833,130.950,33.107,34.745,146.436,85.830,194.918,55.290,53.901,53.918,49.923,174.338,163.994,189.656,70.956,84.560,117.684,36.258,36.871,38.328,85.394,119.061,99.185,219.231,118.122,186.916,245.072,225.492,120.978,110.514,112.691,71.704,26.387,43.981,269.756,188.038,144.869,175.690,179.365,60.765,89.333,19.764,69.081,45.036,90.432,102.452,91.313,91.282,87.017,81.145,78.108,85.469,76.265,41.923,54.061,46.654,43.646,44.962,42.241,55.068
81.5,41.064,601.565,68.627,525.884,673.023,537.810,262.334,43.120,46.910,23.481,45.376,79.944,710.684,512.350,323.307,393.890,398.086,130.796,31.269,37.292,145.279,84.165,193.111,53.330,52.551,52.569,48.688,170.675,159.067,187.590,70.511,97.560,126.203,36.057,36.722,38.171,98.389,122.434,97.732,224.808,117.484,192.219,251.410,227.497,120.630,107.435,110.047,70.284,25.529,42.970,275.486,192.412,144.828,175.795,179.345,60.854,87.141,21.137,68.832,44.369,90.080,101.580,91.981,91.955,87.697,80.143,76.594,85.087,80.893,46.810,57.060,50.192,46.903,48.275,47.113,56.345
82.0,38.907,612.805,66.052,537.367,685.445,539.218,259.766,40.315,44.036,22.421,43.761,77.598,720.970,520.835,320.882,391.173,395.070,130.395,29.512,39.340,143.960,82.479,191.144,51.359,51.126,51.146,47.386,166.639,153.710,185.183,69.937,108.870,133.800,35.799,36.530,37.969,109.590,125.433,96.165,230.255,117.220,197.403,257.607,229.350,120.203,104.367,107.370,68.829,24.658,41.944,281.068,196.649,144.681,175.778,179.209,60.857,84.941,22.211,68.520,43.683,89.662,100.646,92.469,92.445,88.201,78.985,74.885,84.579,84.572,50.916,59.722,53.031,49.568,50.985,51.171,57.496
82.5,36.785,623.246,63.344,547.800,696.986,540.110,257.018,37.646,41.264,21.403,42.163,75.272,730.472,528.596,318.193,388.158,391.787,129.748,27.836,40.979,142.478,80.774,189.016,49.379,49.632,49.654,46.021,162.186,147.859,182.401,69.239,118.953,140.583,35.485,36.294,37.721,119.458,128.050,94.487,235.552,116.949,202.392,263.638,231.041,119.696,101.309,104.663,67.338,23.777,40.905,286.481,200.735,144.428,175.637,178.954,60.772,82.732,23.054,68.144,42.979,89.177,99.654,92.790,92.760,88.537,77.653,72.948,83.932,87.572,54.494,62.101,55.374,51.823,53.276,54.671,58.520
83.0,34.705,632.839,60.564,565.686,707.589,540.469,254.089,35.115,38.600,20.429,40.587,72.971,739.134,535.594,315.241,384.845,388.236,128.854,26.244,42.267,140.832,79.054,186.729,47.397,48.074,48.099,44.599,157.268,141.433,179.216,68.421,128.069,146.637,35.119,36.016,37.429,128.255,130.292,92.704,240.678,109.989,209.012,269.477,232.562,119.108,98.263,101.925,65.813,22.887,39.856,291.701,204.650,144.066,175.368,178.580,60.598,80.513,23.708,67.700,42.257,88.623,98.598,92.941,92.906,88.708,76.122,70.738,83.132,90.046,57.684,64.240,57.336,53.767,55.251,57.754,59.420
83.5,32.678,641.540,58.751,566.933,717.211,540.278,250.981,32.723,36.048,19.500,39.037,70.704,746.902,541.788,312.026,381.235,384.420,127.715,24.734,43.245,139.021,77.320,184.281,45.415,46.459,46.488,43.127,151.847,134.340,175.610,67.491,136.378,152.055,34.703,35.697,37.094,136.145,132.203,90.819,245.610,109.627,212.250,275.101,233.904,118.436,95.227,99.158,64.252,21.989,38.800,296.704,208.378,143.592,174.972,178.084,60.333,78.285,24.200,67.189,41.517,87.998,97.469,92.895,92.878,88.711,74.368,68.201,82.168,92.087,60.570,66.175,58.986,55.463,56.973,60.503,60.213
84.0,30.711,649.311,55.874,565.643,725.813,539.523,247.694,30.469,33.613,18.618,37.519,68.478,753.724,547.142,308.547,377.328,380.338,126.331,23.308,43.943,137.047,75.574,181.672,43.439,44.799,44.828,41.612,145.879,126.450,171.569,66.453,143.980,156.918,34.239,35.337,36.716,143.232,133.828,88.834,250.328,114.758,214.499,280.487,235.059,117.681,92.203,96.361,62.657,21.087,37.740,301.467,211.900,143.006,174.446,177.467,59.977,76.045,24.550,66.609,40.761,87.301,96.262,92.589,92.673,88.545,72.363,65.257,81.031,93.760,63.206,67.938,60.371,56.950,58.482,62.976,60.912
84.5,28.812,656.121,52.933,580.908,733.365,538.202,244.229,28.352,31.299,17.783,36.038,66.300,759.563,551.632,304.805,373.126,375.995,124.705,21.966,44.383,134.910,73.819,178.903,41.476,43.109,43.129,40.062,139.291,117.536,167.069,65.315,150.944,161.263,33.732,34.939,36.297,149.589,135.173,86.755,254.814,114.010,220.558,285.615,236.021,116.840,89.188,93.535,61.026,20.183,36.679,305.970,215.201,142.305,173.787,176.725,59.526,73.793,24.771,65.958,39.988,86.530,94.974,92.322,92.297,88.213,70.066,61.765,79.705,95.109,65.628,69.544,61.526,58.255,59.805,65.208,61.521
85.0,26.989,661.947,49.901,586.741,739.841,536.320,240.589,26.372,29.108,16.996,34.598,64.176,764.392,555.240,300.803,368.631,371.391,122.840,20.708,44.585,132.611,72.056,175.977,39.532,41.366,41.400,38.486,131.985,107.183,162.087,64.083,157.311,165.117,33.185,34.503,35.838,155.267,136.237,84.583,259.050,112.931,224.532,290.466,236.787,115.913,86.181,90.680,59.359,19.277,35.620,310.195,218.268,141.486,172.995,175.859,58.982,71.528,24.874,65.235,39.198,85.685,93.605,91.844,91.755,87.723,67.413,57.461,78.175,96.165,67.858,71.004,62.473,59.397,60.961,67.224,62.038
85.5,25.248,666.771,46.856,591.595,745.223,533.884,236.775,24.527,27.044,16.257,33.205,62.112,768.190,557.958,296.544,363.848,366.533,120.739,19.532,44.565,130.152,70.287,172.893,37.613,39.616,39.650,36.891,123.813,94.449,156.597,62.766,163.107,168.498,32.601,34.031,35.342,160.299,137.017,82.322,263.020,90.230,228.255,295.020,237.355,114.898,83.182,87.795,57.656,18.374,34.567,314.125,221.088,140.550,172.068,174.866,58.341,69.249,24.868,64.439,38.393,84.764,92.157,91.030,91.054,87.081,64.312,51.715,76.423,96.955,69.912,72.325,63.232,60.387,61.964,69.042,62.462
86.0,23.596,670.582,46.973,595.490,749.501,530.910,232.792,22.816,25.109,15.567,31.864,60.116,770.943,559.780,292.032,358.783,361.423,118.407,18.439,44.338,127.537,68.515,169.656,35.725,37.855,37.888,35.287,114.532,75.720,150.573,61.371,168.349,171.420,31.985,33.525,34.810,164.711,137.508,79.975,266.708,88.291,231.719,299.262,237.723,113.794,80.189,84.881,55.917,17.474,33.522,317.744,223.650,139.494,171.005,173.747,57.604,66.953,24.759,63.569,37.571,83.766,90.631,90.173,90.203,86.294,60.606,41.836,74.425,97.497,71.799,73.510,63.816,61.235,62.820,70.673,62.791
86.5,22.037,673.374,44.154,598.406,752.670,527.412,228.643,21.237,23.304,14.926,30.579,58.191,772.646,560.707,287.273,353.441,356.070,115.852,17.427,43.915,124.769,66.739,166.270,33.874,36.093,36.125,33.683,103.667,57.220,143.981,59.908,173.042,173.889,31.340,32.987,34.245,168.519,137.705,77.544,270.102,107.257,234.907,303.177,237.891,112.601,77.200,81.935,54.142,16.582,32.489,321.039,225.944,138.318,169.806,172.501,56.771,64.640,24.554,62.623,36.733,82.690,89.030,89.174,89.208,85.368,55.976,45.121,72.155,97.805,73.526,74.563,64.235,61.946,63.536,72.124,63.022
87.0,20.576,675.148,41.358,600.360,754.732,523.414,224.335,19.786,21.630,14.334,29.353,56.342,773.299,560.744,282.275,347.831,350.481,113.080,16.496,43.311,121.854,64.963,162.738,32.067,34.337,34.368,32.086,90.016,57.145,136.774,58.385,177.188,175.913,30.671,32.420,33.648,171.736,137.603,75.033,273.191,106.002,237.814,306.752,237.861,111.319,74.213,78.959,52.329,15.700,31.471,323.999,227.964,137.020,168.469,171.128,55.840,62.308,24.256,61.603,35.880,81.535,87.356,87.853,88.078,84.312,49.585,52.913,69.573,97.893,75.095,75.485,64.499,62.523,64.116,73.402,63.151
87.5,19.216,675.908,38.493,601.366,755.693,518.936,219.873,18.460,20.086,13.790,28.192,54.574,772.908,559.903,277.047,341.965,344.665,110.102,15.642,42.538,118.798,63.187,159.068,30.308,32.622,32.627,30.505,66.349,57.007,128.879,56.813,180.785,177.493,29.982,31.827,33.024,174.371,137.200,72.443,275.962,104.404,240.431,309.978,237.634,109.946,71.225,75.950,50.479,14.830,30.471,326.614,229.702,135.601,166.995,169.626,54.812,59.954,23.870,60.506,35.010,80.301,85.612,86.585,86.820,83.133,35.513,57.736,66.622,97.771,76.506,76.275,64.614,62.967,64.561,74.509,63.178
88.0,17.960,675.666,35.704,601.443,755.569,514.009,215.265,17.256,18.673,13.293,27.099,52.889,771.490,558.201,271.598,335.852,338.633,106.927,14.866,41.607,115.607,61.412,155.265,28.603,30.910,30.911,28.947,57.664,56.809,120.186,55.202,183.829,178.641,29.278,31.210,32.375,176.434,136.499,69.777,278.410,102.029,242.753,312.844,237.216,108.482,68.234,72.908,48.590,13.976,29.491,328.878,231.153,134.060,165.384,167.997,53.688,57.577,23.400,59.333,34.123,78.988,83.800,85.634,85.438,81.835,47.666,61.262,63.215,97.448,77.759,76.935,64.587,63.281,64.873,75.447,63.100
88.5,16.809,674.445,32.990,600.618,754.383,508.669,210.519,16.169,17.388,12.843,26.076,51.288,769.069,555.664,265.941,329.506,332.396,103.567,14.164,40.531,112.290,59.639,151.336,26.958,29.198,29.229,27.420,57.577,56.556,110.499,53.562,186.316,179.376,28.564,30.573,31.704,177.933,135.515,67.037,280.529,100.100,244.776,315.346,236.611,106.927,65.235,69.831,46.662,13.140,28.533,330.785,232.316,132.397,163.635,166.240,52.467,55.175,22.850,58.083,33.219,77.594,81.916,84.151,83.933,80.418,54.018,63.976,59.196,96.932,78.851,77.469,64.422,63.464,65.051,76.218,62.922
89.0,15.763,672.264,30.281,598.913,752.157,502.947,205.644,15.196,16.228,12.438,25.126,49.771,765.668,552.317,260.087,322.940,325.965,100.033,13.534,39.322,108.854,57.870,147.290,25.377,27.557,27.588,25.932,57.432,56.251,99.347,51.904,188.243,179.710,27.843,29.920,31.017,178.878,134.260,64.222,282.313,98.890,246.498,317.478,235.826,105.280,62.225,66.716,44.692,12.325,27.599,332.334,233.190,130.611,161.749,164.355,51.149,52.743,22.223,56.757,32.297,76.119,79.961,82.275,82.310,78.887,58.147,66.103,54.219,96.232,79.780,77.878,64.125,63.517,65.097,76.821,62.645
89.5,14.822,669.136,27.522,596.341,748.908,496.868,200.646,14.332,15.191,12.077,24.251,48.338,761.308,548.179,254.048,316.167,319.352,96.339,12.973,37.992,105.307,56.103,143.134,23.866,25.968,25.996,24.491,57.235,55.900,85.264,50.239,189.607,179.642,27.122,29.256,30.317,179.278,132.736,61.334,283.758,96.450,247.912,319.236,234.865,103.539,59.198,63.560,42.680,11.533,26.688,333.519,233.771,128.702,159.724,162.342,49.736,50.278,21.521,55.352,31.356,74.563,77.940,80.520,80.576,77.249,61.160,67.769,47.181,95.355,80.544,78.161,63.700,63.439,65.009,77.258,62.268
90.0,13.984,665.076,24.975,592.914,744.652,490.451,195.533,13.570,14.273,11.757,23.451,46.985,756.011,543.269,247.835,309.198,312.566,92.495,12.479,36.552,101.656,54.339,138.875,22.427,24.436,24.462,23.101,56.992,55.509,60.000,48.578,190.408,179.174,26.404,28.583,29.609,179.148,130.948,58.369,284.857,93.162,249.015,320.613,233.730,101.704,56.146,60.357,40.621,10.767,25.801,334.339,234.057,126.668,157.560,160.197,48.225,47.775,20.746,53.869,30.393,72.922,75.855,78.682,78.738,75.511,63.449,69.055,38.473,94.308,81.140,78.315,63.151,63.231,64.788,77.530,61.790
90.5,13.246,660.094,22.533,588.640,739.405,483.714,190.308,12.907,13.468,11.479,22.727,45.707,749.795,537.603,241.453,302.040,305.614,88.509,12.047,35.012,97.907,52.576,134.515,21.066,22.968,22.991,21.770,56.707,55.084,59.964,46.931,190.649,178.307,25.694,27.907,28.897,178.501,128.900,55.322,285.606,90.510,249.801,321.605,232.424,99.768,53.060,57.099,38.510,10.030,24.936,334.791,234.046,124.504,155.251,157.917,46.615,45.227,19.901,52.303,29.405,71.194,73.710,76.748,76.804,73.679,65.204,70.016,49.238,93.100,81.566,78.339,62.483,62.894,64.435,77.637,61.211
91.0,12.606,654.201,20.200,583.526,733.177,476.670,184.971,12.336,12.773,11.238,22.078,44.497,742.678,531.197,234.905,294.695,298.494,84.388,11.675,33.379,94.060,50.809,130.056,19.783,21.568,21.588,20.501,56.386,54.631,59.881,45.309,190.333,177.043,24.997,27.233,28.187,177.354,126.599,52.184,286.000,87.196,250.264,322.208,230.947,97.726,49.926,53.772,36.339,9.322,24.089,334.871,233.735,122.203,152.789,155.494,44.901,42.621,18.983,50.650,28.388,69.372,71.506,74.723,74.779,71.759,66.537,70.694,54.192,91.738,81.820,78.229,61.699,62.427,63.951,77.581,60.529
91.5,12.059,647.404,18.077,577.573,725.977,469.323,179.513,11.852,12.181,11.033,21.503,43.348,734.671,524.059,228.182,287.151,291.195,80.131,11.359,31.659,90.113,49.035,125.491,18.582,20.242,20.260,19.300,56.035,54.156,59.756,43.722,189.468,175.386,24.317,26.564,27.482,175.725,124.049,48.939,286.032,83.572,250.398,322.415,229.298,95.566,46.724,50.358,34.094,8.645,23.255,334.575,233.121,119.753,150.162,152.913,43.074,39.942,17.991,48.900,27.336,67.446,69.245,72.612,72.667,69.754,67.524,71.121,57.487,90.228,81.900,77.984,60.805,61.832,63.336,77.365,59.744
92.0,11.600,639.703,16.109,570.778,717.806,461.672,173.914,11.449,11.687,10.863,21.001,42.247,725.779,516.194,221.261,279.384,283.692,75.728,11.096,29.852,86.053,47.243,120.805,17.463,18.993,19.009,18.170,55.659,53.664,59.593,42.180,188.062,173.340,23.657,25.906,26.788,173.634,121.258,45.560,285.696,79.288,250.195,322.220,227.473,93.268,43.423,46.826,31.756,8.001,22.426,333.898,232.198,117.132,147.346,150.153,41.119,37.166,16.917,47.038,26.238,65.398,66.927,70.418,70.471,67.667,68.216,71.324,59.875,88.580,81.804,77.602,59.804,61.110,62.592,76.988,58.855
92.5,11.226,631.094,14.432,563.135,708.658,453.707,168.133,11.121,11.284,10.724,20.568,41.180,715.998,507.599,214.094,271.339,275.930,71.151,10.882,27.952,81.852,45.419,115.965,16.429,17.826,17.840,17.113,55.265,53.161,59.398,40.690,186.125,170.910,23.021,25.262,26.110,171.100,118.232,42.001,284.982,73.983,249.646,321.612,225.465,90.799,39.976,43.126,29.292,7.389,21.587,332.832,230.957,114.302,144.301,147.173,39.009,34.252,15.748,45.037,25.078,63.201,64.547,68.141,68.193,65.500,68.655,71.327,61.660,86.798,81.531,77.081,58.700,60.263,61.721,76.454,57.861
93.0,10.930,621.562,13.022,554.629,698.519,445.405,162.097,10.863,10.966,10.614,20.204,40.126,705.312,498.261,206.590,262.912,267.809,66.347,10.714,25.939,77.460,43.536,110.910,15.480,16.743,16.754,16.133,54.857,52.654,59.175,39.261,183.672,168.101,22.412,24.638,25.452,168.145,114.973,38.186,283.878,68.266,248.740,320.581,223.260,88.104,36.307,39.178,26.647,6.811,20.721,331.364,229.389,111.199,140.956,143.906,36.697,31.136,14.460,42.854,23.830,60.803,62.100,65.781,65.830,63.250,68.874,71.151,63.003,84.890,81.080,76.418,57.496,59.292,60.723,75.765,56.759
93.5,10.707,611.083,11.903,545.239,687.359,436.726,155.665,10.670,10.727,10.532,19.906,39.056,693.688,488.152,198.577,253.910,259.143,61.208,10.587,23.773,72.775,41.550,105.523,14.615,15.745,15.754,15.231,54.441,52.145,58.930,37.901,180.713,164.922,21.834,24.037,24.818,164.787,111.486,33.973,282.368,61.452,247.462,319.108,220.840,85.077,32.276,34.835,23.720,6.264,19.792,329.476,227.476,107.701,137.181,140.222,34.093,27.700,13.002,40.403,22.445,58.112,59.584,63.334,63.382,60.916,68.900,70.814,64.004,82.861,80.450,75.613,56.196,58.199,59.601,74.922,55.546
94.0,10.553,599.617,11.095,534.934,675.134,427.612,148.554,10.536,10.562,10.475,19.672,37.917,681.073,477.230,189.699,243.934,249.545,55.511,10.500,21.360,67.593,39.372,99.566,13.835,14.834,14.842,14.407,54.020,51.641,58.666,36.615,177.263,161.377,21.289,23.463,24.212,161.048,107.770,29.067,280.432,53.015,245.795,317.171,218.175,81.499,27.601,29.792,20.305,5.744,18.735,327.142,225.197,103.556,132.702,135.856,31.010,23.701,11.273,37.508,20.823,54.934,56.987,60.805,60.840,58.490,68.758,70.332,64.730,80.715,79.640,74.662,54.801,56.985,58.356,73.927,54.217
94.5,10.462,587.104,10.605,523.668,661.774,417.971,140.031,10.458,10.464,10.442,19.499,36.589,667.382,465.427,179.044,231.953,238.024,48.670,10.448,18.457,61.381,36.777,92.428,13.139,14.010,14.017,13.664,53.598,51.145,58.386,35.409,173.335,157.471,20.778,22.919,23.639,156.944,103.821,22.669,278.040,41.543,243.714,314.739,215.220,76.776,21.520,23.228,15.843,5.218,17.377,324.324,222.518,98.072,126.771,130.078,26.936,18.487,8.984,33.689,18.697,50.741,54.289,58.165,58.197,55.965,68.467,69.722,65.232,78.457,78.647,73.562,53.313,55.650,56.989,72.780,52.766
95.0,10.430,573.455,10.430,511.376,647.176,407.664,125.645,10.430,10.430,10.430,19.444,34.383,652.488,452.642,161.040,211.705,218.560,37.117,10.430,13.550,50.900,32.414,80.385,12.526,13.276,13.281,13.000,53.181,50.661,58.096,34.288,168.939,153.204,20.304,22.409,23.100,152.489,99.631,8.980,275.149,16.479,241.188,311.765,211.906,66.581,8.524,9.200,6.277,5.035,14.488,320.967,219.391,86.217,113.941,117.584,18.140,7.324,4.040,25.450,14.129,41.694,51.445,55.401,55.441,53.329,68.047,68.997,65.548,76.086,77.469,72.308,51.733,54.196,55.499,71.480,51.182
95.5,36.689,558.541,75.055,497.971,631.196,396.486,120.763,34.734,37.655,25.851,19.444,33.638,636.203,438.728,154.927,204.826,211.949,33.198,29.825,11.887,47.345,30.937,76.299,11.997,12.628,12.632,12.415,52.770,50.191,57.798,33.254,164.087,148.581,19.868,21.935,22.600,147.696,95.184,20.814,271.701,38.174,238.173,308.185,208.128,75.398,19.758,21.327,14.547,5.029,16.984,316.987,215.748,96.470,125.037,128.389,25.747,16.974,8.315,32.575,18.079,49.517,48.476,52.512,52.550,50.561,67.514,68.170,65.708,73.602,76.103,70.895,50.059,52.620,53.886,70.027,49.451
96.0,48.771,542.171,104.126,483.331,613.616,384.100,120.730,45.930,50.194,32.941,19.444,33.637,618.236,423.458,154.877,204.764,211.891,33.177,38.750,11.883,47.327,30.934,76.276,11.546,12.068,12.071,11.908,52.368,49.739,57.494,32.311,158.782,143.602,19.471,21.499,22.139,142.572,90.454,26.859,267.607,49.091,234.610,303.901,203.701,79.866,25.502,27.527,18.764,5.582,18.265,312.254,211.480,101.659,130.650,133.857,29.602,21.901,10.482,36.188,20.088,53.484,45.340,49.457,49.492,47.630,66.880,67.251,65.737,71.002,74.541,69.318,48.289,50.919,52.146,68.415,47.551
96.5,57.798,524.045,124.801,467.268,594.094,369.870,120.676,54.317,59.578,38.234,19.444,33.635,598.108,406.466,154.794,204.661,211.796,33.141,45.423,11.876,47.297,30.928,76.237,11.173,11.593,11.595,11.479,51.978,49.306,57.187,31.460,153.024,138.267,19.113,21.103,21.721,137.116,85.399,30.980,262.729,56.276,230.406,298.759,198.267,82.873,29.425,31.761,21.632,6.016,19.148,306.549,206.411,105.145,134.416,137.528,32.195,25.258,11.938,38.621,21.450,56.155,41.900,46.186,46.219,44.490,66.159,66.250,65.653,68.278,72.776,67.566,46.415,49.088,50.274,66.636,45.450
97.0,65.306,503.652,140.786,449.477,572.043,352.295,120.601,61.322,67.402,42.637,19.444,33.633,574.942,387.094,154.680,204.518,211.663,33.091,50.985,11.866,47.256,30.920,76.183,10.878,11.202,11.203,11.126,51.601,48.894,56.880,30.702,146.806,132.561,18.794,20.748,21.346,131.321,79.952,34.228,256.826,61.643,225.414,292.488,190.912,85.205,32.528,35.106,23.886,6.440,19.856,299.454,200.214,107.839,137.324,140.365,34.202,27.904,13.063,40.510,22.515,58.228,38.065,42.629,42.659,41.071,65.359,65.174,65.473,65.416,70.793,65.627,44.428,47.117,48.259,64.681,43.097
97.5,71.907,480.029,153.605,429.428,546.332,324.446,120.506,67.515,74.304,46.510,19.444,33.630,546.807,363.961,154.535,204.338,211.496,33.029,55.889,11.854,47.204,30.910,76.115,10.658,10.893,10.894,10.848,51.240,48.505,56.574,30.037,140.107,126.461,18.515,20.434,21.016,125.167,73.997,36.978,249.429,65.895,219.375,284.549,176.793,87.144,35.167,37.949,25.790,6.860,20.471,290.004,192.167,110.072,139.730,142.715,35.868,30.145,13.995,42.082,23.412,59.954,33.609,38.663,38.690,37.256,64.489,64.028,65.210,62.395,68.573,63.479,42.313,44.990,46.086,62.529,40.408
98.0,77.929,450.924,164.149,406.072,514.217,306.314,120.392,73.201,80.624,50.048,19.444,33.626,507.094,332.912,154.361,204.120,211.293,32.953,60.379,11.839,47.141,30.898,76.034,10.512,10.664,10.664,10.641,50.895,48.139,56.270,29.465,132.888,119.925,18.275,20.164,20.730,118.617,67.317,39.419,239.382,69.401,211.757,273.550,186.400,88.830,37.521,40.481,27.475,7.281,21.033,274.554,179.919,112.006,141.811,144.751,37.314,32.137,14.800,43.450,24.202,61.456,28.031,34.063,34.087,32.828,63.557,62.819,64.875,59.183,66.085,61.091,40.045,42.685,43.731,60.154,37.219
98.5,83.570,407.062,174.580,376.748,462.301,306.170,120.258,78.569,86.570,53.368,19.444,33.622,457.556,282.432,154.156,203.865,211.056,32.865,64.604,11.821,47.067,30.883,75.937,10.436,10.512,10.512,10.504,50.568,47.798,55.972,28.985,125.084,112.880,18.074,19.935,20.488,111.611,59.437,41.656,221.341,72.848,201.138,251.689,195.010,90.344,39.693,42.813,29.016,7.705,21.564,274.475,171.669,113.735,143.668,146.569,38.608,33.965,15.517,44.680,24.921,62.806,19.579,28.318,28.337,27.295,62.569,61.550,64.477,55.730,63.283,58.413,37.588,40.163,41.156,57.511,33.165
99.0,88.958,369.374,182.257,325.421,431.585,305.915,120.103,83.741,92.277,56.548,19.444,33.617,457.239,282.241,153.921,203.571,210.783,32.764,68.664,11.802,46.983,30.867,75.827,29.654,10.435,10.435,10.435,50.259,47.482,55.678,28.594,116.578,105.206,17.910,19.749,20.291,104.041,48.806,43.756,229.949,75.482,177.321,267.531,200.698,91.736,41.746,45.012,30.460,8.134,22.079,289.387,187.700,115.316,145.363,148.233,39.793,35.686,16.169,45.811,25.594,64.049,16.874,19.616,19.630,18.909,61.529,60.223,64.026,51.951,60.089,55.365,34.880,37.363,38.297,54.530,26.941
99.5,94.179,369.014,187.411,307.228,431.135,305.553,119.928,88.800,97.836,59.639,19.443,33.611,456.616,281.821,153.655,203.239,210.474,32.650,72.621,11.779,46.887,30.848,75.703,47.534,30.352,30.373,29.295,49.969,47.191,55.391,28.290,107.163,96.685,17.783,19.604,20.138,95.723,34.047,45.762,242.755,77.375,198.204,279.940,205.053,93.038,43.722,47.123,31.838,8.569,22.587,298.190,196.286,116.787,146.936,149.779,40.896,37.333,16.771,46.869,26.233,65.212,26.270,17.284,17.296,16.661,60.442,58.838,63.528,47.701,56.369,51.800,31.816,34.174,35.043,51.086,25.265
100.0,96.955,368.363,191.303,306.851,430.357,305.084,119.733,91.482,100.803,61.235,19.443,33.604,455.694,281.179,153.358,202.867,210.128,32.522,74.689,11.755,46.780,30.827,75.563,54.041,40.683,40.715,39.074,49.699,46.925,55.112,28.071,102.037,92.002,17.691,19.499,20.027,91.200,34.022,46.854,246.962,78.917,204.193,284.092,206.780,93.601,44.790,48.279,32.549,8.776,22.833,301.351,199.391,117.400,147.575,150.414,41.383,38.202,17.049,47.342,26.534,65.726,29.300,22.897,22.913,22.070,59.811,58.053,63.192,45.246,54.262,49.754,30.053,32.334,33.164,49.136,29.269
